[{"Postcode":"6064","Name":"J Jenkins","Address":"10 A Durack Pl Koondoola WA 6064","Phone number":"(08) 9247 1450"},{"Postcode":"6064","Name":"L Jenkins","Address":"8 A Farnell Pl Alexander Heights WA 6064","Phone number":"(08) 9247 3651"},{"Postcode":"6154","Name":"M C & J M Jenkins","Address":"9 Horrocks Rd Booragoon WA 6154","Phone number":"(08) 9317 1767"},{"Postcode":"6167","Name":"Mr D J Jenkins","Address":"24 Garrett Cnr Parmelia WA 6167","Phone number":"(08) 9419 1706"},{"Postcode":"6112","Name":"P Jenkins","Address":"47 Lyrebird Loop Brookdale WA 6112","Phone number":"(08) 9399 9990"},{"Postcode":"6112","Name":"R Jenkins","Address":"21 Bordeaux Pde Piara Waters WA 6112","Phone number":"(08) 9397 2159"},{"Postcode":"6065","Name":"R Jenkins","Address":"18 Oakdene Drv Madeley WA 6065","Phone number":"(08) 9409 2131"},{"Postcode":"6156","Name":"C Jenkins","Address":"330 Preston Point Rd Attadale WA 6156","Phone number":"(08) 9330 4050"},{"Postcode":"6164","Name":"R Jenkins","Address":"87 Glenbawn Drv South Lake WA 6164","Phone number":"(08) 9417 2532"},{"Postcode":"6164","Name":"V L Jenkins","Address":"22 Jakovich Cct Atwell WA 6164","Phone number":"(08) 9498 5742"},{"Postcode":"6164","Name":"R Jenkins","Address":"87 Glenbawn Drv South Lake WA 6164","Phone number":"(08) 9417 2532"},{"Postcode":"6164","Name":"V L Jenkins","Address":"22 Jakovich Cct Atwell WA 6164","Phone number":"(08) 9498 5742"},{"Postcode":"6233","Name":"T R Jenkins","Address":"8 Kowari Way Australind WA 6233","Phone number":"(08) 9797 0220"},{"Postcode":"6164","Name":"R Jenkins","Address":"87 Glenbawn Drv South Lake WA 6164","Phone number":"(08) 9417 2532"},{"Postcode":"6164","Name":"V L Jenkins","Address":"22 Jakovich Cct Atwell WA 6164","Phone number":"(08) 9498 5742"},{"Postcode":"6031","Name":"R Jenkins","Address":"25 Carwoola Cir Carramar WA 6031","Phone number":"(08) 9306 4720"},{"Postcode":"6210","Name":"M & M Jenkins","Address":"109 Ormsby Tce Mandurah WA 6210","Phone number":"(08) 9586 9206"},{"Postcode":"6210","Name":"M V Jenkins","Address":"109 Ormsby Tce Mandurah WA 6210","Phone number":"(04) 0396 0610"},{"Postcode":"6210","Name":"N Jenkins","Address":"30B Panamuna Dr Falcon WA 6210","Phone number":"(08) 9534 2274"},{"Postcode":"6210","Name":"S Jenkins","Address":"Un 2 1 Princeton Drv Wannanup WA 6210","Phone number":"(08) 9534 4594"},{"Postcode":"6210","Name":"S D Jenkins","Address":"19 Lilac Grn Halls Head WA 6210","Phone number":"(08) 9586 8257"},{"Postcode":"6056","Name":"D A Jenkins","Address":"59 Pilbara Crs Jane Brook WA 6056","Phone number":"(08) 9255 3620"},{"Postcode":"6056","Name":"Mr R H & L P Jenkins","Address":"19 Redunca Cl Helena Valley WA 6056","Phone number":"(08) 9250 3636"},{"Postcode":"6162","Name":"G D Jenkins","Address":"10 Reuben St Beaconsfield WA 6162","Phone number":"(08) 9335 3406"},{"Postcode":"6162","Name":"R P & G J Jenkins","Address":"10 King William St South Fremantle WA 6162","Phone number":"(08) 9433 4087"},{"Postcode":"6107","Name":"D A & S T Jenkins","Address":"56 Galaxy St Beckenham WA 6107","Phone number":"(08) 9451 3104"},{"Postcode":"6112","Name":"P Jenkins","Address":"47 Lyrebird Loop Brookdale WA 6112","Phone number":"(08) 9399 9990"},{"Postcode":"6112","Name":"R Jenkins","Address":"21 Bordeaux Pde Piara Waters WA 6112","Phone number":"(08) 9397 2159"},{"Postcode":"6164","Name":"R Jenkins","Address":"87 Glenbawn Drv South Lake WA 6164","Phone number":"(08) 9417 2532"},{"Postcode":"6164","Name":"V L Jenkins","Address":"22 Jakovich Cct Atwell WA 6164","Phone number":"(08) 9498 5742"},{"Postcode":"6027","Name":"K L Jenkins","Address":"40 Bearing Pde Mullaloo WA 6027","Phone number":"(08) 9307 9225"},{"Postcode":"6027","Name":"T Jenkins","Address":"3 Lakeview Drv Edgewater WA 6027","Phone number":"(08) 9405 8441"},{"Postcode":"6069","Name":"L K Jenkins","Address":"5 Dingle Lane The Vines WA 6069","Phone number":"(08) 9297 2968"},{"Postcode":"6056","Name":"D A Jenkins","Address":"59 Pilbara Crs Jane Brook WA 6056","Phone number":"(08) 9255 3620"},{"Postcode":"6056","Name":"Mr R H & L P Jenkins","Address":"19 Redunca Cl Helena Valley WA 6056","Phone number":"(08) 9250 3636"},{"Postcode":"6102","Name":"E J Jenkins","Address":"Hilltop Tce Bentley WA 6102","Phone number":"(08) 9311 9496"},{"Postcode":"6102","Name":"E J Jenkins","Address":"Hillview Tce Bentley WA 6102","Phone number":"(08) 6363 6496"},{"Postcode":"6167","Name":"Mr D J Jenkins","Address":"24 Garrett Cnr Parmelia WA 6167","Phone number":"(08) 9419 1706"},{"Postcode":"6076","Name":"E Jenkins","Address":"63 Gooseberry Hill Rd Gooseberry Hill WA 6076","Phone number":"(08) 9454 2115"},{"Postcode":"6076","Name":"L Jenkins","Address":"5 Glyde Rd Lesmurdie WA 6076","Phone number":"(08) 9291 0783"},{"Postcode":"6076","Name":"M J & B Jenkins","Address":"13 Peet Rd Kalamunda WA 6076","Phone number":"(08) 9293 2889"},{"Postcode":"6076","Name":"R J Jenkins","Address":"51 Forrest Rd Pickering Brook WA 6076","Phone number":"(08) 9293 8333"},{"Postcode":"6076","Name":"T & B Jenkins","Address":"172 Orange Valley Rd Kalamunda WA 6076","Phone number":"(08) 9291 3249"},{"Postcode":"6076","Name":"W Jenkins","Address":"159 Railway Rd Gooseberry Hill WA 6076","Phone number":"(08) 9257 1853"},{"Postcode":"6233","Name":"T R Jenkins","Address":"8 Kowari Way Australind WA 6233","Phone number":"(08) 9797 0220"},{"Postcode":"6208","Name":"J Jenkins","Address":"14 Murray Waters Blv South Yunderup WA 6208","Phone number":"(08) 9537 6179"},{"Postcode":"6154","Name":"M C & J M Jenkins","Address":"9 Horrocks Rd Booragoon WA 6154","Phone number":"(08) 9317 1767"},{"Postcode":"6210","Name":"M & M Jenkins","Address":"109 Ormsby Tce Mandurah WA 6210","Phone number":"(08) 9586 9206"},{"Postcode":"6210","Name":"M V Jenkins","Address":"109 Ormsby Tce Mandurah WA 6210","Phone number":"(04) 0396 0610"},{"Postcode":"6210","Name":"N Jenkins","Address":"30B Panamuna Dr Falcon WA 6210","Phone number":"(08) 9534 2274"},{"Postcode":"6210","Name":"S Jenkins","Address":"Un 2 1 Princeton Drv Wannanup WA 6210","Phone number":"(08) 9534 4594"},{"Postcode":"6210","Name":"S D Jenkins","Address":"19 Lilac Grn Halls Head WA 6210","Phone number":"(08) 9586 8257"},{"Postcode":"6056","Name":"D A Jenkins","Address":"59 Pilbara Crs Jane Brook WA 6056","Phone number":"(08) 9255 3620"},{"Postcode":"6056","Name":"Mr R H & L P Jenkins","Address":"19 Redunca Cl Helena Valley WA 6056","Phone number":"(08) 9250 3636"},{"Postcode":"6069","Name":"L K Jenkins","Address":"5 Dingle Lane The Vines WA 6069","Phone number":"(08) 9297 2968"},{"Postcode":"6009","Name":"M Jenkins","Address":"Un 1 35 Esplanade Nedlands WA 6009","Phone number":"(08) 9389 6961"},{"Postcode":"6009","Name":"P A C Jenkins","Address":"125 Dalkeith Rd Nedlands WA 6009","Phone number":"(04) 1141 3963"},{"Postcode":"6009","Name":"W G A & B Jenkins JP","Address":"118 Monash Ave Nedlands WA 6009","Phone number":"(08) 9380 5114"},{"Postcode":"6112","Name":"P Jenkins","Address":"47 Lyrebird Loop Brookdale WA 6112","Phone number":"(08) 9399 9990"},{"Postcode":"6112","Name":"R Jenkins","Address":"21 Bordeaux Pde Piara Waters WA 6112","Phone number":"(08) 9397 2159"},{"Postcode":"6149","Name":"J R Jenkins","Address":"4 Driver Way Bull Creek WA 6149","Phone number":"(08) 9332 3930"},{"Postcode":"6230","Name":"A Jenkins","Address":"11 Epidote Loop Dalyellup WA 6230","Phone number":"(08) 9795 8926"},{"Postcode":"6230","Name":"Daniel Jenkins","Address":"49 Crystal Bnd Dalyellup WA 6230","Phone number":"(08) 9795 1399"},{"Postcode":"6230","Name":"J M Jenkins","Address":"8 Minninup Rd South Bunbury WA 6230","Phone number":"(08) 9791 6621"},{"Postcode":"6230","Name":"M Jenkins","Address":"21 Kalari Rise South Bunbury WA 6230","Phone number":"(08) 9791 7217"},{"Postcode":"6230","Name":"T Jenkins","Address":"12 Trinity Rse College Grove WA 6230","Phone number":"(08) 9795 9085"},{"Postcode":"6028","Name":"J Jenkins","Address":"1 Formby La Currambine WA 6028","Phone number":"(08) 9304 1557"},{"Postcode":"6036","Name":"Bret Jenkins","Address":"30 Huntly Ave Butler WA 6036","Phone number":"(08) 9562 7428"},{"Postcode":"6167","Name":"Mr D J Jenkins","Address":"24 Garrett Cnr Parmelia WA 6167","Phone number":"(08) 9419 1706"},{"Postcode":"6155","Name":"D & C Jenkins","Address":"53 Sandringham Prm Canning Vale WA 6155","Phone number":"(08) 9456 2232"},{"Postcode":"6155","Name":"Paul E Jenkins","Address":"144 Hamhurst Rd Canning Vale WA 6155","Phone number":"(04) 1348 3147"},{"Postcode":"6155","Name":"D & C Jenkins","Address":"53 Sandringham Prm Canning Vale WA 6155","Phone number":"(08) 9456 2232"},{"Postcode":"6155","Name":"Paul E Jenkins","Address":"144 Hamhurst Rd Canning Vale WA 6155","Phone number":"(04) 1348 3147"},{"Postcode":"6107","Name":"D A & S T Jenkins","Address":"56 Galaxy St Beckenham WA 6107","Phone number":"(08) 9451 3104"},{"Postcode":"6041","Name":"Mr A Jenkins","Address":"72 Heffron Way Gabbadah WA 6041","Phone number":"(08) 9577 2954"},{"Postcode":"6230","Name":"A Jenkins","Address":"11 Epidote Loop Dalyellup WA 6230","Phone number":"(08) 9795 8926"},{"Postcode":"6230","Name":"Daniel Jenkins","Address":"49 Crystal Bnd Dalyellup WA 6230","Phone number":"(08) 9795 1399"},{"Postcode":"6230","Name":"J M Jenkins","Address":"8 Minninup Rd South Bunbury WA 6230","Phone number":"(08) 9791 6621"},{"Postcode":"6230","Name":"M Jenkins","Address":"21 Kalari Rise South Bunbury WA 6230","Phone number":"(08) 9791 7217"},{"Postcode":"6230","Name":"T Jenkins","Address":"12 Trinity Rse College Grove WA 6230","Phone number":"(08) 9795 9085"},{"Postcode":"6020","Name":"S Jenkins","Address":"18 A Sholl Ave North Beach WA 6020","Phone number":"(08) 9203 7424"},{"Postcode":"6076","Name":"E Jenkins","Address":"63 Gooseberry Hill Rd Gooseberry Hill WA 6076","Phone number":"(08) 9454 2115"},{"Postcode":"6076","Name":"L Jenkins","Address":"5 Glyde Rd Lesmurdie WA 6076","Phone number":"(08) 9291 0783"},{"Postcode":"6076","Name":"M J & B Jenkins","Address":"13 Peet Rd Kalamunda WA 6076","Phone number":"(08) 9293 2889"},{"Postcode":"6076","Name":"R J Jenkins","Address":"51 Forrest Rd Pickering Brook WA 6076","Phone number":"(08) 9293 8333"},{"Postcode":"6076","Name":"T & B Jenkins","Address":"172 Orange Valley Rd Kalamunda WA 6076","Phone number":"(08) 9291 3249"},{"Postcode":"6076","Name":"W Jenkins","Address":"159 Railway Rd Gooseberry Hill WA 6076","Phone number":"(08) 9257 1853"},{"Postcode":"6031","Name":"R Jenkins","Address":"25 Carwoola Cir Carramar WA 6031","Phone number":"(08) 9306 4720"},{"Postcode":"6167","Name":"Mr D J Jenkins","Address":"24 Garrett Cnr Parmelia WA 6167","Phone number":"(08) 9419 1706"},{"Postcode":"6018","Name":"D & R Jenkins","Address":"6 Luccombe Way Karrinyup WA 6018","Phone number":"(08) 9246 0936"},{"Postcode":"6010","Name":"R A Jenkins","Address":"13 Rob Roy St Swanbourne WA 6010","Phone number":"(08) 9384 4392"},{"Postcode":"6010","Name":"R A Jenkins","Address":"13 Rob Roy St Swanbourne WA 6010","Phone number":"(08) 9384 4392"},{"Postcode":"6030","Name":"C Jenkins","Address":"14 Hazel Ave Quinns Rocks WA 6030","Phone number":"(08) 9305 1697"},{"Postcode":"6030","Name":"Mr Craig Jenkins","Address":"8 Hazel Ave Quinns Rocks WA 6030","Phone number":"(08) 9304 4911"},{"Postcode":"6030","Name":"M Jenkins","Address":"32 Ocean Dr Quinns Rocks WA 6030","Phone number":"(04) 3830 5155"},{"Postcode":"6210","Name":"M & M Jenkins","Address":"109 Ormsby Tce Mandurah WA 6210","Phone number":"(08) 9586 9206"},{"Postcode":"6210","Name":"M V Jenkins","Address":"109 Ormsby Tce Mandurah WA 6210","Phone number":"(04) 0396 0610"},{"Postcode":"6210","Name":"N Jenkins","Address":"30B Panamuna Dr Falcon WA 6210","Phone number":"(08) 9534 2274"},{"Postcode":"6210","Name":"S Jenkins","Address":"Un 2 1 Princeton Drv Wannanup WA 6210","Phone number":"(08) 9534 4594"},{"Postcode":"6210","Name":"S D Jenkins","Address":"19 Lilac Grn Halls Head WA 6210","Phone number":"(08) 9586 8257"},{"Postcode":"6105","Name":"A L & J R Jenkins","Address":"184 Gabriel St Cloverdale WA 6105","Phone number":"(08) 9479 6490"},{"Postcode":"6230","Name":"A Jenkins","Address":"11 Epidote Loop Dalyellup WA 6230","Phone number":"(08) 9795 8926"},{"Postcode":"6230","Name":"Daniel Jenkins","Address":"49 Crystal Bnd Dalyellup WA 6230","Phone number":"(08) 9795 1399"},{"Postcode":"6230","Name":"J M Jenkins","Address":"8 Minninup Rd South Bunbury WA 6230","Phone number":"(08) 9791 6621"},{"Postcode":"6230","Name":"M Jenkins","Address":"21 Kalari Rise South Bunbury WA 6230","Phone number":"(08) 9791 7217"},{"Postcode":"6230","Name":"T Jenkins","Address":"12 Trinity Rse College Grove WA 6230","Phone number":"(08) 9795 9085"},{"Postcode":"6027","Name":"K L Jenkins","Address":"40 Bearing Pde Mullaloo WA 6027","Phone number":"(08) 9307 9225"},{"Postcode":"6027","Name":"T Jenkins","Address":"3 Lakeview Drv Edgewater WA 6027","Phone number":"(08) 9405 8441"},{"Postcode":"6210","Name":"M & M Jenkins","Address":"109 Ormsby Tce Mandurah WA 6210","Phone number":"(08) 9586 9206"},{"Postcode":"6210","Name":"M V Jenkins","Address":"109 Ormsby Tce Mandurah WA 6210","Phone number":"(04) 0396 0610"},{"Postcode":"6210","Name":"N Jenkins","Address":"30B Panamuna Dr Falcon WA 6210","Phone number":"(08) 9534 2274"},{"Postcode":"6210","Name":"S Jenkins","Address":"Un 2 1 Princeton Drv Wannanup WA 6210","Phone number":"(08) 9534 4594"},{"Postcode":"6210","Name":"S D Jenkins","Address":"19 Lilac Grn Halls Head WA 6210","Phone number":"(08) 9586 8257"},{"Postcode":"6166","Name":"B Jenkins","Address":"12 Sheridan Crt Lake Coogee WA 6166","Phone number":"(08) 9434 1108"},{"Postcode":"6166","Name":"C Jenkins","Address":"15 Breaksea Drv Coogee WA 6166","Phone number":"(08) 9336 7890"},{"Postcode":"6011","Name":"B & L Jenkins","Address":"56 Eric St Cottesloe WA 6011","Phone number":"(08) 9384 0858"},{"Postcode":"6025","Name":"A Jenkins","Address":"28 Marbella Drv Hillarys WA 6025","Phone number":"(08) 9401 4895"},{"Postcode":"6025","Name":"A A & G M Jenkins","Address":"221 Waterford Drv Hillarys WA 6025","Phone number":"(08) 9401 6859"},{"Postcode":"6025","Name":"D Jenkins","Address":"6 Christina Ct Craigie WA 6025","Phone number":"(04) 0542 7496"},{"Postcode":"6025","Name":"L G Jenkins","Address":"83A Giles Ave Padbury WA 6025","Phone number":"(08) 9402 2282"},{"Postcode":"6009","Name":"M Jenkins","Address":"Un 1 35 Esplanade Nedlands WA 6009","Phone number":"(08) 9389 6961"},{"Postcode":"6009","Name":"P A C Jenkins","Address":"125 Dalkeith Rd Nedlands WA 6009","Phone number":"(04) 1141 3963"},{"Postcode":"6009","Name":"W G A & B Jenkins JP","Address":"118 Monash Ave Nedlands WA 6009","Phone number":"(08) 9380 5114"},{"Postcode":"6028","Name":"J Jenkins","Address":"1 Formby La Currambine WA 6028","Phone number":"(08) 9304 1557"},{"Postcode":"6009","Name":"M Jenkins","Address":"Un 1 35 Esplanade Nedlands WA 6009","Phone number":"(08) 9389 6961"},{"Postcode":"6009","Name":"P A C Jenkins","Address":"125 Dalkeith Rd Nedlands WA 6009","Phone number":"(04) 1141 3963"},{"Postcode":"6009","Name":"W G A & B Jenkins JP","Address":"118 Monash Ave Nedlands WA 6009","Phone number":"(08) 9380 5114"},{"Postcode":"6230","Name":"A Jenkins","Address":"11 Epidote Loop Dalyellup WA 6230","Phone number":"(08) 9795 8926"},{"Postcode":"6230","Name":"Daniel Jenkins","Address":"49 Crystal Bnd Dalyellup WA 6230","Phone number":"(08) 9795 1399"},{"Postcode":"6230","Name":"J M Jenkins","Address":"8 Minninup Rd South Bunbury WA 6230","Phone number":"(08) 9791 6621"},{"Postcode":"6230","Name":"M Jenkins","Address":"21 Kalari Rise South Bunbury WA 6230","Phone number":"(08) 9791 7217"},{"Postcode":"6230","Name":"T Jenkins","Address":"12 Trinity Rse College Grove WA 6230","Phone number":"(08) 9795 9085"},{"Postcode":"6065","Name":"R Jenkins","Address":"18 Oakdene Drv Madeley WA 6065","Phone number":"(08) 9409 2131"},{"Postcode":"6230","Name":"A Jenkins","Address":"11 Epidote Loop Dalyellup WA 6230","Phone number":"(08) 9795 8926"},{"Postcode":"6230","Name":"Daniel Jenkins","Address":"49 Crystal Bnd Dalyellup WA 6230","Phone number":"(08) 9795 1399"},{"Postcode":"6230","Name":"J M Jenkins","Address":"8 Minninup Rd South Bunbury WA 6230","Phone number":"(08) 9791 6621"},{"Postcode":"6230","Name":"M Jenkins","Address":"21 Kalari Rise South Bunbury WA 6230","Phone number":"(08) 9791 7217"},{"Postcode":"6230","Name":"T Jenkins","Address":"12 Trinity Rse College Grove WA 6230","Phone number":"(08) 9795 9085"},{"Postcode":"6210","Name":"M & M Jenkins","Address":"109 Ormsby Tce Mandurah WA 6210","Phone number":"(08) 9586 9206"},{"Postcode":"6210","Name":"M V Jenkins","Address":"109 Ormsby Tce Mandurah WA 6210","Phone number":"(04) 0396 0610"},{"Postcode":"6210","Name":"N Jenkins","Address":"30B Panamuna Dr Falcon WA 6210","Phone number":"(08) 9534 2274"},{"Postcode":"6210","Name":"S Jenkins","Address":"Un 2 1 Princeton Drv Wannanup WA 6210","Phone number":"(08) 9534 4594"},{"Postcode":"6210","Name":"S D Jenkins","Address":"19 Lilac Grn Halls Head WA 6210","Phone number":"(08) 9586 8257"},{"Postcode":"6018","Name":"D & R Jenkins","Address":"6 Luccombe Way Karrinyup WA 6018","Phone number":"(08) 9246 0936"},{"Postcode":"6210","Name":"M & M Jenkins","Address":"109 Ormsby Tce Mandurah WA 6210","Phone number":"(08) 9586 9206"},{"Postcode":"6210","Name":"M V Jenkins","Address":"109 Ormsby Tce Mandurah WA 6210","Phone number":"(04) 0396 0610"},{"Postcode":"6210","Name":"N Jenkins","Address":"30B Panamuna Dr Falcon WA 6210","Phone number":"(08) 9534 2274"},{"Postcode":"6210","Name":"S Jenkins","Address":"Un 2 1 Princeton Drv Wannanup WA 6210","Phone number":"(08) 9534 4594"},{"Postcode":"6210","Name":"S D Jenkins","Address":"19 Lilac Grn Halls Head WA 6210","Phone number":"(08) 9586 8257"},{"Postcode":"6230","Name":"A Jenkins","Address":"11 Epidote Loop Dalyellup WA 6230","Phone number":"(08) 9795 8926"},{"Postcode":"6230","Name":"Daniel Jenkins","Address":"49 Crystal Bnd Dalyellup WA 6230","Phone number":"(08) 9795 1399"},{"Postcode":"6230","Name":"J M Jenkins","Address":"8 Minninup Rd South Bunbury WA 6230","Phone number":"(08) 9791 6621"},{"Postcode":"6230","Name":"M Jenkins","Address":"21 Kalari Rise South Bunbury WA 6230","Phone number":"(08) 9791 7217"},{"Postcode":"6230","Name":"T Jenkins","Address":"12 Trinity Rse College Grove WA 6230","Phone number":"(08) 9795 9085"},{"Postcode":"6158","Name":"B R Jenkins","Address":"43 Pier St East Fremantle WA 6158","Phone number":"(08) 9339 1621"},{"Postcode":"6232","Name":"K W & M A Jenkins","Address":"27 Falabella Crs Eaton WA 6232","Phone number":"(08) 9724 1964"},{"Postcode":"6027","Name":"K L Jenkins","Address":"40 Bearing Pde Mullaloo WA 6027","Phone number":"(08) 9307 9225"},{"Postcode":"6027","Name":"T Jenkins","Address":"3 Lakeview Drv Edgewater WA 6027","Phone number":"(08) 9405 8441"},{"Postcode":"6069","Name":"L K Jenkins","Address":"5 Dingle Lane The Vines WA 6069","Phone number":"(08) 9297 2968"},{"Postcode":"6069","Name":"L K Jenkins","Address":"5 Dingle Lane The Vines WA 6069","Phone number":"(08) 9297 2968"},{"Postcode":"6062","Name":"Craig D Jenkins","Address":"3 Wade St Embleton WA 6062","Phone number":"(04) 1792 3916"},{"Postcode":"6062","Name":"E Jenkins","Address":"4a Hokesfern St Morley WA 6062","Phone number":"(04) 1012 0267"},{"Postcode":"6210","Name":"M & M Jenkins","Address":"109 Ormsby Tce Mandurah WA 6210","Phone number":"(08) 9586 9206"},{"Postcode":"6210","Name":"M V Jenkins","Address":"109 Ormsby Tce Mandurah WA 6210","Phone number":"(04) 0396 0610"},{"Postcode":"6210","Name":"N Jenkins","Address":"30B Panamuna Dr Falcon WA 6210","Phone number":"(08) 9534 2274"},{"Postcode":"6210","Name":"S Jenkins","Address":"Un 2 1 Princeton Drv Wannanup WA 6210","Phone number":"(08) 9534 4594"},{"Postcode":"6210","Name":"S D Jenkins","Address":"19 Lilac Grn Halls Head WA 6210","Phone number":"(08) 9586 8257"},{"Postcode":"6208","Name":"J Jenkins","Address":"14 Murray Waters Blv South Yunderup WA 6208","Phone number":"(08) 9537 6179"},{"Postcode":"6210","Name":"M & M Jenkins","Address":"109 Ormsby Tce Mandurah WA 6210","Phone number":"(08) 9586 9206"},{"Postcode":"6210","Name":"M V Jenkins","Address":"109 Ormsby Tce Mandurah WA 6210","Phone number":"(04) 0396 0610"},{"Postcode":"6210","Name":"N Jenkins","Address":"30B Panamuna Dr Falcon WA 6210","Phone number":"(08) 9534 2274"},{"Postcode":"6210","Name":"S Jenkins","Address":"Un 2 1 Princeton Drv Wannanup WA 6210","Phone number":"(08) 9534 4594"},{"Postcode":"6210","Name":"S D Jenkins","Address":"19 Lilac Grn Halls Head WA 6210","Phone number":"(08) 9586 8257"},{"Postcode":"6148","Name":"Mr C Jenkins","Address":"106 Barbican St Shelley WA 6148","Phone number":"(08) 9259 6934"},{"Postcode":"6148","Name":"T Jenkins","Address":"7 A Carnac Cl Riverton WA 6148","Phone number":"(08) 9457 2977"},{"Postcode":"6112","Name":"P Jenkins","Address":"47 Lyrebird Loop Brookdale WA 6112","Phone number":"(08) 9399 9990"},{"Postcode":"6112","Name":"R Jenkins","Address":"21 Bordeaux Pde Piara Waters WA 6112","Phone number":"(08) 9397 2159"},{"Postcode":"6210","Name":"M & M Jenkins","Address":"109 Ormsby Tce Mandurah WA 6210","Phone number":"(08) 9586 9206"},{"Postcode":"6210","Name":"M V Jenkins","Address":"109 Ormsby Tce Mandurah WA 6210","Phone number":"(04) 0396 0610"},{"Postcode":"6210","Name":"N Jenkins","Address":"30B Panamuna Dr Falcon WA 6210","Phone number":"(08) 9534 2274"},{"Postcode":"6210","Name":"S Jenkins","Address":"Un 2 1 Princeton Drv Wannanup WA 6210","Phone number":"(08) 9534 4594"},{"Postcode":"6210","Name":"S D Jenkins","Address":"19 Lilac Grn Halls Head WA 6210","Phone number":"(08) 9586 8257"},{"Postcode":"6041","Name":"Mr A Jenkins","Address":"72 Heffron Way Gabbadah WA 6041","Phone number":"(08) 9577 2954"},{"Postcode":"6230","Name":"A Jenkins","Address":"11 Epidote Loop Dalyellup WA 6230","Phone number":"(08) 9795 8926"},{"Postcode":"6230","Name":"Daniel Jenkins","Address":"49 Crystal Bnd Dalyellup WA 6230","Phone number":"(08) 9795 1399"},{"Postcode":"6230","Name":"J M Jenkins","Address":"8 Minninup Rd South Bunbury WA 6230","Phone number":"(08) 9791 6621"},{"Postcode":"6230","Name":"M Jenkins","Address":"21 Kalari Rise South Bunbury WA 6230","Phone number":"(08) 9791 7217"},{"Postcode":"6230","Name":"T Jenkins","Address":"12 Trinity Rse College Grove WA 6230","Phone number":"(08) 9795 9085"},{"Postcode":"6083","Name":"R & K Jenkins","Address":"129 Brompton Hts Gidgegannup WA 6083","Phone number":"(08) 9574 6218"},{"Postcode":"6064","Name":"J Jenkins","Address":"10 A Durack Pl Koondoola WA 6064","Phone number":"(08) 9247 1450"},{"Postcode":"6064","Name":"L Jenkins","Address":"8 A Farnell Pl Alexander Heights WA 6064","Phone number":"(08) 9247 3651"},{"Postcode":"6230","Name":"A Jenkins","Address":"11 Epidote Loop Dalyellup WA 6230","Phone number":"(08) 9795 8926"},{"Postcode":"6230","Name":"Daniel Jenkins","Address":"49 Crystal Bnd Dalyellup WA 6230","Phone number":"(08) 9795 1399"},{"Postcode":"6230","Name":"J M Jenkins","Address":"8 Minninup Rd South Bunbury WA 6230","Phone number":"(08) 9791 6621"},{"Postcode":"6230","Name":"M Jenkins","Address":"21 Kalari Rise South Bunbury WA 6230","Phone number":"(08) 9791 7217"},{"Postcode":"6230","Name":"T Jenkins","Address":"12 Trinity Rse College Grove WA 6230","Phone number":"(08) 9795 9085"},{"Postcode":"6065","Name":"R Jenkins","Address":"18 Oakdene Drv Madeley WA 6065","Phone number":"(08) 9409 2131"},{"Postcode":"6076","Name":"E Jenkins","Address":"63 Gooseberry Hill Rd Gooseberry Hill WA 6076","Phone number":"(08) 9454 2115"},{"Postcode":"6076","Name":"L Jenkins","Address":"5 Glyde Rd Lesmurdie WA 6076","Phone number":"(08) 9291 0783"},{"Postcode":"6076","Name":"M J & B Jenkins","Address":"13 Peet Rd Kalamunda WA 6076","Phone number":"(08) 9293 2889"},{"Postcode":"6076","Name":"R J Jenkins","Address":"51 Forrest Rd Pickering Brook WA 6076","Phone number":"(08) 9293 8333"},{"Postcode":"6076","Name":"T & B Jenkins","Address":"172 Orange Valley Rd Kalamunda WA 6076","Phone number":"(08) 9291 3249"},{"Postcode":"6076","Name":"W Jenkins","Address":"159 Railway Rd Gooseberry Hill WA 6076","Phone number":"(08) 9257 1853"},{"Postcode":"6110","Name":"A Jenkins","Address":"6 Barrett St Southern River WA 6110","Phone number":"(08) 9398 4628"},{"Postcode":"6210","Name":"M & M Jenkins","Address":"109 Ormsby Tce Mandurah WA 6210","Phone number":"(08) 9586 9206"},{"Postcode":"6210","Name":"M V Jenkins","Address":"109 Ormsby Tce Mandurah WA 6210","Phone number":"(04) 0396 0610"},{"Postcode":"6210","Name":"N Jenkins","Address":"30B Panamuna Dr Falcon WA 6210","Phone number":"(08) 9534 2274"},{"Postcode":"6210","Name":"S Jenkins","Address":"Un 2 1 Princeton Drv Wannanup WA 6210","Phone number":"(08) 9534 4594"},{"Postcode":"6210","Name":"S D Jenkins","Address":"19 Lilac Grn Halls Head WA 6210","Phone number":"(08) 9586 8257"},{"Postcode":"6056","Name":"D A Jenkins","Address":"59 Pilbara Crs Jane Brook WA 6056","Phone number":"(08) 9255 3620"},{"Postcode":"6056","Name":"Mr R H & L P Jenkins","Address":"19 Redunca Cl Helena Valley WA 6056","Phone number":"(08) 9250 3636"},{"Postcode":"6041","Name":"Mr A Jenkins","Address":"72 Heffron Way Gabbadah WA 6041","Phone number":"(08) 9577 2954"},{"Postcode":"6018","Name":"D & R Jenkins","Address":"6 Luccombe Way Karrinyup WA 6018","Phone number":"(08) 9246 0936"},{"Postcode":"6076","Name":"E Jenkins","Address":"63 Gooseberry Hill Rd Gooseberry Hill WA 6076","Phone number":"(08) 9454 2115"},{"Postcode":"6076","Name":"L Jenkins","Address":"5 Glyde Rd Lesmurdie WA 6076","Phone number":"(08) 9291 0783"},{"Postcode":"6076","Name":"M J & B Jenkins","Address":"13 Peet Rd Kalamunda WA 6076","Phone number":"(08) 9293 2889"},{"Postcode":"6076","Name":"R J Jenkins","Address":"51 Forrest Rd Pickering Brook WA 6076","Phone number":"(08) 9293 8333"},{"Postcode":"6076","Name":"T & B Jenkins","Address":"172 Orange Valley Rd Kalamunda WA 6076","Phone number":"(08) 9291 3249"},{"Postcode":"6076","Name":"W Jenkins","Address":"159 Railway Rd Gooseberry Hill WA 6076","Phone number":"(08) 9257 1853"},{"Postcode":"6210","Name":"M & M Jenkins","Address":"109 Ormsby Tce Mandurah WA 6210","Phone number":"(08) 9586 9206"},{"Postcode":"6210","Name":"M V Jenkins","Address":"109 Ormsby Tce Mandurah WA 6210","Phone number":"(04) 0396 0610"},{"Postcode":"6210","Name":"N Jenkins","Address":"30B Panamuna Dr Falcon WA 6210","Phone number":"(08) 9534 2274"},{"Postcode":"6210","Name":"S Jenkins","Address":"Un 2 1 Princeton Drv Wannanup WA 6210","Phone number":"(08) 9534 4594"},{"Postcode":"6210","Name":"S D Jenkins","Address":"19 Lilac Grn Halls Head WA 6210","Phone number":"(08) 9586 8257"},{"Postcode":"6164","Name":"R Jenkins","Address":"87 Glenbawn Drv South Lake WA 6164","Phone number":"(08) 9417 2532"},{"Postcode":"6164","Name":"V L Jenkins","Address":"22 Jakovich Cct Atwell WA 6164","Phone number":"(08) 9498 5742"},{"Postcode":"6027","Name":"K L Jenkins","Address":"40 Bearing Pde Mullaloo WA 6027","Phone number":"(08) 9307 9225"},{"Postcode":"6027","Name":"T Jenkins","Address":"3 Lakeview Drv Edgewater WA 6027","Phone number":"(08) 9405 8441"},{"Postcode":"6056","Name":"D A Jenkins","Address":"59 Pilbara Crs Jane Brook WA 6056","Phone number":"(08) 9255 3620"},{"Postcode":"6056","Name":"Mr R H & L P Jenkins","Address":"19 Redunca Cl Helena Valley WA 6056","Phone number":"(08) 9250 3636"},{"Postcode":"6166","Name":"B Jenkins","Address":"12 Sheridan Crt Lake Coogee WA 6166","Phone number":"(08) 9434 1108"},{"Postcode":"6166","Name":"C Jenkins","Address":"15 Breaksea Drv Coogee WA 6166","Phone number":"(08) 9336 7890"},{"Postcode":"6056","Name":"D A Jenkins","Address":"59 Pilbara Crs Jane Brook WA 6056","Phone number":"(08) 9255 3620"},{"Postcode":"6056","Name":"Mr R H & L P Jenkins","Address":"19 Redunca Cl Helena Valley WA 6056","Phone number":"(08) 9250 3636"},{"Postcode":"6210","Name":"M & M Jenkins","Address":"109 Ormsby Tce Mandurah WA 6210","Phone number":"(08) 9586 9206"},{"Postcode":"6210","Name":"M V Jenkins","Address":"109 Ormsby Tce Mandurah WA 6210","Phone number":"(04) 0396 0610"},{"Postcode":"6210","Name":"N Jenkins","Address":"30B Panamuna Dr Falcon WA 6210","Phone number":"(08) 9534 2274"},{"Postcode":"6210","Name":"S Jenkins","Address":"Un 2 1 Princeton Drv Wannanup WA 6210","Phone number":"(08) 9534 4594"},{"Postcode":"6210","Name":"S D Jenkins","Address":"19 Lilac Grn Halls Head WA 6210","Phone number":"(08) 9586 8257"},{"Postcode":"6025","Name":"A Jenkins","Address":"28 Marbella Drv Hillarys WA 6025","Phone number":"(08) 9401 4895"},{"Postcode":"6025","Name":"A A & G M Jenkins","Address":"221 Waterford Drv Hillarys WA 6025","Phone number":"(08) 9401 6859"},{"Postcode":"6025","Name":"D Jenkins","Address":"6 Christina Ct Craigie WA 6025","Phone number":"(04) 0542 7496"},{"Postcode":"6025","Name":"L G Jenkins","Address":"83A Giles Ave Padbury WA 6025","Phone number":"(08) 9402 2282"},{"Postcode":"6065","Name":"R Jenkins","Address":"18 Oakdene Drv Madeley WA 6065","Phone number":"(08) 9409 2131"},{"Postcode":"6110","Name":"A Jenkins","Address":"6 Barrett St Southern River WA 6110","Phone number":"(08) 9398 4628"},{"Postcode":"6028","Name":"J Jenkins","Address":"1 Formby La Currambine WA 6028","Phone number":"(08) 9304 1557"},{"Postcode":"6018","Name":"D & R Jenkins","Address":"6 Luccombe Way Karrinyup WA 6018","Phone number":"(08) 9246 0936"},{"Postcode":"6065","Name":"R Jenkins","Address":"18 Oakdene Drv Madeley WA 6065","Phone number":"(08) 9409 2131"},{"Postcode":"6164","Name":"R Jenkins","Address":"87 Glenbawn Drv South Lake WA 6164","Phone number":"(08) 9417 2532"},{"Postcode":"6164","Name":"V L Jenkins","Address":"22 Jakovich Cct Atwell WA 6164","Phone number":"(08) 9498 5742"},{"Postcode":"6056","Name":"D A Jenkins","Address":"59 Pilbara Crs Jane Brook WA 6056","Phone number":"(08) 9255 3620"},{"Postcode":"6056","Name":"Mr R H & L P Jenkins","Address":"19 Redunca Cl Helena Valley WA 6056","Phone number":"(08) 9250 3636"},{"Postcode":"6036","Name":"Bret Jenkins","Address":"30 Huntly Ave Butler WA 6036","Phone number":"(08) 9562 7428"},{"Postcode":"6027","Name":"K L Jenkins","Address":"40 Bearing Pde Mullaloo WA 6027","Phone number":"(08) 9307 9225"},{"Postcode":"6027","Name":"T Jenkins","Address":"3 Lakeview Drv Edgewater WA 6027","Phone number":"(08) 9405 8441"},{"Postcode":"6076","Name":"E Jenkins","Address":"63 Gooseberry Hill Rd Gooseberry Hill WA 6076","Phone number":"(08) 9454 2115"},{"Postcode":"6076","Name":"L Jenkins","Address":"5 Glyde Rd Lesmurdie WA 6076","Phone number":"(08) 9291 0783"},{"Postcode":"6076","Name":"M J & B Jenkins","Address":"13 Peet Rd Kalamunda WA 6076","Phone number":"(08) 9293 2889"},{"Postcode":"6076","Name":"R J Jenkins","Address":"51 Forrest Rd Pickering Brook WA 6076","Phone number":"(08) 9293 8333"},{"Postcode":"6076","Name":"T & B Jenkins","Address":"172 Orange Valley Rd Kalamunda WA 6076","Phone number":"(08) 9291 3249"},{"Postcode":"6076","Name":"W Jenkins","Address":"159 Railway Rd Gooseberry Hill WA 6076","Phone number":"(08) 9257 1853"},{"Postcode":"6025","Name":"A Jenkins","Address":"28 Marbella Drv Hillarys WA 6025","Phone number":"(08) 9401 4895"},{"Postcode":"6025","Name":"A A & G M Jenkins","Address":"221 Waterford Drv Hillarys WA 6025","Phone number":"(08) 9401 6859"},{"Postcode":"6025","Name":"D Jenkins","Address":"6 Christina Ct Craigie WA 6025","Phone number":"(04) 0542 7496"},{"Postcode":"6025","Name":"L G Jenkins","Address":"83A Giles Ave Padbury WA 6025","Phone number":"(08) 9402 2282"},{"Postcode":"6010","Name":"R A Jenkins","Address":"13 Rob Roy St Swanbourne WA 6010","Phone number":"(08) 9384 4392"},{"Postcode":"6018","Name":"D & R Jenkins","Address":"6 Luccombe Way Karrinyup WA 6018","Phone number":"(08) 9246 0936"},{"Postcode":"6151","Name":"P Jenkins","Address":"Un 11 166 Mill Point Rd South Perth WA 6151","Phone number":"(08) 9367 5008"},{"Postcode":"6107","Name":"D A & S T Jenkins","Address":"56 Galaxy St Beckenham WA 6107","Phone number":"(08) 9451 3104"},{"Postcode":"6105","Name":"A L & J R Jenkins","Address":"184 Gabriel St Cloverdale WA 6105","Phone number":"(08) 9479 6490"},{"Postcode":"6026","Name":"P J Jenkins","Address":"17 Willowcreek Mews Woodvale WA 6026","Phone number":"(08) 9309 2336"},{"Postcode":"6065","Name":"R Jenkins","Address":"18 Oakdene Drv Madeley WA 6065","Phone number":"(08) 9409 2131"},{"Postcode":"6028","Name":"J Jenkins","Address":"1 Formby La Currambine WA 6028","Phone number":"(08) 9304 1557"},{"Postcode":"6064","Name":"J Jenkins","Address":"10 A Durack Pl Koondoola WA 6064","Phone number":"(08) 9247 1450"},{"Postcode":"6064","Name":"L Jenkins","Address":"8 A Farnell Pl Alexander Heights WA 6064","Phone number":"(08) 9247 3651"},{"Postcode":"6056","Name":"D A Jenkins","Address":"59 Pilbara Crs Jane Brook WA 6056","Phone number":"(08) 9255 3620"},{"Postcode":"6056","Name":"Mr R H & L P Jenkins","Address":"19 Redunca Cl Helena Valley WA 6056","Phone number":"(08) 9250 3636"},{"Postcode":"6167","Name":"Mr D J Jenkins","Address":"24 Garrett Cnr Parmelia WA 6167","Phone number":"(08) 9419 1706"},{"Postcode":"6167","Name":"Mr D J Jenkins","Address":"24 Garrett Cnr Parmelia WA 6167","Phone number":"(08) 9419 1706"},{"Postcode":"6065","Name":"R Jenkins","Address":"18 Oakdene Drv Madeley WA 6065","Phone number":"(08) 9409 2131"},{"Postcode":"6007","Name":"A Jenkins","Address":"62 Tate St West Leederville WA 6007","Phone number":"(08) 9381 6628"},{"Postcode":"6149","Name":"J R Jenkins","Address":"4 Driver Way Bull Creek WA 6149","Phone number":"(08) 9332 3930"},{"Postcode":"6233","Name":"T R Jenkins","Address":"8 Kowari Way Australind WA 6233","Phone number":"(08) 9797 0220"},{"Postcode":"6076","Name":"E Jenkins","Address":"63 Gooseberry Hill Rd Gooseberry Hill WA 6076","Phone number":"(08) 9454 2115"},{"Postcode":"6076","Name":"L Jenkins","Address":"5 Glyde Rd Lesmurdie WA 6076","Phone number":"(08) 9291 0783"},{"Postcode":"6076","Name":"M J & B Jenkins","Address":"13 Peet Rd Kalamunda WA 6076","Phone number":"(08) 9293 2889"},{"Postcode":"6076","Name":"R J Jenkins","Address":"51 Forrest Rd Pickering Brook WA 6076","Phone number":"(08) 9293 8333"},{"Postcode":"6076","Name":"T & B Jenkins","Address":"172 Orange Valley Rd Kalamunda WA 6076","Phone number":"(08) 9291 3249"},{"Postcode":"6076","Name":"W Jenkins","Address":"159 Railway Rd Gooseberry Hill WA 6076","Phone number":"(08) 9257 1853"},{"Postcode":"6065","Name":"R Jenkins","Address":"18 Oakdene Drv Madeley WA 6065","Phone number":"(08) 9409 2131"},{"Postcode":"6065","Name":"R Jenkins","Address":"18 Oakdene Drv Madeley WA 6065","Phone number":"(08) 9409 2131"},{"Postcode":"6210","Name":"M & M Jenkins","Address":"109 Ormsby Tce Mandurah WA 6210","Phone number":"(08) 9586 9206"},{"Postcode":"6210","Name":"M V Jenkins","Address":"109 Ormsby Tce Mandurah WA 6210","Phone number":"(04) 0396 0610"},{"Postcode":"6210","Name":"N Jenkins","Address":"30B Panamuna Dr Falcon WA 6210","Phone number":"(08) 9534 2274"},{"Postcode":"6210","Name":"S Jenkins","Address":"Un 2 1 Princeton Drv Wannanup WA 6210","Phone number":"(08) 9534 4594"},{"Postcode":"6210","Name":"S D Jenkins","Address":"19 Lilac Grn Halls Head WA 6210","Phone number":"(08) 9586 8257"},{"Postcode":"6057","Name":"G Jenkins","Address":"35 Durrant Way High Wycombe WA 6057","Phone number":"(04) 0742 0157"},{"Postcode":"6057","Name":"S Jenkins","Address":"33 Perrin Way High Wycombe WA 6057","Phone number":"(08) 9454 9958"},{"Postcode":"6167","Name":"Mr D J Jenkins","Address":"24 Garrett Cnr Parmelia WA 6167","Phone number":"(08) 9419 1706"},{"Postcode":"6210","Name":"M & M Jenkins","Address":"109 Ormsby Tce Mandurah WA 6210","Phone number":"(08) 9586 9206"},{"Postcode":"6210","Name":"M V Jenkins","Address":"109 Ormsby Tce Mandurah WA 6210","Phone number":"(04) 0396 0610"},{"Postcode":"6210","Name":"N Jenkins","Address":"30B Panamuna Dr Falcon WA 6210","Phone number":"(08) 9534 2274"},{"Postcode":"6210","Name":"S Jenkins","Address":"Un 2 1 Princeton Drv Wannanup WA 6210","Phone number":"(08) 9534 4594"},{"Postcode":"6210","Name":"S D Jenkins","Address":"19 Lilac Grn Halls Head WA 6210","Phone number":"(08) 9586 8257"},{"Postcode":"6210","Name":"M & M Jenkins","Address":"109 Ormsby Tce Mandurah WA 6210","Phone number":"(08) 9586 9206"},{"Postcode":"6210","Name":"M V Jenkins","Address":"109 Ormsby Tce Mandurah WA 6210","Phone number":"(04) 0396 0610"},{"Postcode":"6210","Name":"N Jenkins","Address":"30B Panamuna Dr Falcon WA 6210","Phone number":"(08) 9534 2274"},{"Postcode":"6210","Name":"S Jenkins","Address":"Un 2 1 Princeton Drv Wannanup WA 6210","Phone number":"(08) 9534 4594"},{"Postcode":"6210","Name":"S D Jenkins","Address":"19 Lilac Grn Halls Head WA 6210","Phone number":"(08) 9586 8257"},{"Postcode":"6210","Name":"M & M Jenkins","Address":"109 Ormsby Tce Mandurah WA 6210","Phone number":"(08) 9586 9206"},{"Postcode":"6210","Name":"M V Jenkins","Address":"109 Ormsby Tce Mandurah WA 6210","Phone number":"(04) 0396 0610"},{"Postcode":"6210","Name":"N Jenkins","Address":"30B Panamuna Dr Falcon WA 6210","Phone number":"(08) 9534 2274"},{"Postcode":"6210","Name":"S Jenkins","Address":"Un 2 1 Princeton Drv Wannanup WA 6210","Phone number":"(08) 9534 4594"},{"Postcode":"6210","Name":"S D Jenkins","Address":"19 Lilac Grn Halls Head WA 6210","Phone number":"(08) 9586 8257"},{"Postcode":"6064","Name":"J Jenkins","Address":"10 A Durack Pl Koondoola WA 6064","Phone number":"(08) 9247 1450"},{"Postcode":"6064","Name":"L Jenkins","Address":"8 A Farnell Pl Alexander Heights WA 6064","Phone number":"(08) 9247 3651"},{"Postcode":"6065","Name":"R Jenkins","Address":"18 Oakdene Drv Madeley WA 6065","Phone number":"(08) 9409 2131"},{"Postcode":"6110","Name":"A Jenkins","Address":"6 Barrett St Southern River WA 6110","Phone number":"(08) 9398 4628"},{"Postcode":"6210","Name":"M & M Jenkins","Address":"109 Ormsby Tce Mandurah WA 6210","Phone number":"(08) 9586 9206"},{"Postcode":"6210","Name":"M V Jenkins","Address":"109 Ormsby Tce Mandurah WA 6210","Phone number":"(04) 0396 0610"},{"Postcode":"6210","Name":"N Jenkins","Address":"30B Panamuna Dr Falcon WA 6210","Phone number":"(08) 9534 2274"},{"Postcode":"6210","Name":"S Jenkins","Address":"Un 2 1 Princeton Drv Wannanup WA 6210","Phone number":"(08) 9534 4594"},{"Postcode":"6210","Name":"S D Jenkins","Address":"19 Lilac Grn Halls Head WA 6210","Phone number":"(08) 9586 8257"},{"Postcode":"6167","Name":"Mr D J Jenkins","Address":"24 Garrett Cnr Parmelia WA 6167","Phone number":"(08) 9419 1706"},{"Postcode":"6208","Name":"J Jenkins","Address":"14 Murray Waters Blv South Yunderup WA 6208","Phone number":"(08) 9537 6179"},{"Postcode":"6065","Name":"R Jenkins","Address":"18 Oakdene Drv Madeley WA 6065","Phone number":"(08) 9409 2131"},{"Postcode":"6156","Name":"C Jenkins","Address":"330 Preston Point Rd Attadale WA 6156","Phone number":"(08) 9330 4050"},{"Postcode":"6030","Name":"C Jenkins","Address":"14 Hazel Ave Quinns Rocks WA 6030","Phone number":"(08) 9305 1697"},{"Postcode":"6030","Name":"Mr Craig Jenkins","Address":"8 Hazel Ave Quinns Rocks WA 6030","Phone number":"(08) 9304 4911"},{"Postcode":"6030","Name":"M Jenkins","Address":"32 Ocean Dr Quinns Rocks WA 6030","Phone number":"(04) 3830 5155"},{"Postcode":"6056","Name":"D A Jenkins","Address":"59 Pilbara Crs Jane Brook WA 6056","Phone number":"(08) 9255 3620"},{"Postcode":"6056","Name":"Mr R H & L P Jenkins","Address":"19 Redunca Cl Helena Valley WA 6056","Phone number":"(08) 9250 3636"},{"Postcode":"6056","Name":"D A Jenkins","Address":"59 Pilbara Crs Jane Brook WA 6056","Phone number":"(08) 9255 3620"},{"Postcode":"6056","Name":"Mr R H & L P Jenkins","Address":"19 Redunca Cl Helena Valley WA 6056","Phone number":"(08) 9250 3636"},{"Postcode":"6056","Name":"D A Jenkins","Address":"59 Pilbara Crs Jane Brook WA 6056","Phone number":"(08) 9255 3620"},{"Postcode":"6056","Name":"Mr R H & L P Jenkins","Address":"19 Redunca Cl Helena Valley WA 6056","Phone number":"(08) 9250 3636"},{"Postcode":"6232","Name":"K W & M A Jenkins","Address":"27 Falabella Crs Eaton WA 6232","Phone number":"(08) 9724 1964"},{"Postcode":"6056","Name":"D A Jenkins","Address":"59 Pilbara Crs Jane Brook WA 6056","Phone number":"(08) 9255 3620"},{"Postcode":"6056","Name":"Mr R H & L P Jenkins","Address":"19 Redunca Cl Helena Valley WA 6056","Phone number":"(08) 9250 3636"},{"Postcode":"6030","Name":"C Jenkins","Address":"14 Hazel Ave Quinns Rocks WA 6030","Phone number":"(08) 9305 1697"},{"Postcode":"6030","Name":"Mr Craig Jenkins","Address":"8 Hazel Ave Quinns Rocks WA 6030","Phone number":"(08) 9304 4911"},{"Postcode":"6030","Name":"M Jenkins","Address":"32 Ocean Dr Quinns Rocks WA 6030","Phone number":"(04) 3830 5155"},{"Postcode":"6083","Name":"R & K Jenkins","Address":"129 Brompton Hts Gidgegannup WA 6083","Phone number":"(08) 9574 6218"},{"Postcode":"6062","Name":"Craig D Jenkins","Address":"3 Wade St Embleton WA 6062","Phone number":"(04) 1792 3916"},{"Postcode":"6062","Name":"E Jenkins","Address":"4a Hokesfern St Morley WA 6062","Phone number":"(04) 1012 0267"},{"Postcode":"6012","Name":"J A Jenkins","Address":"2 Gibbon St Mosman Park WA 6012","Phone number":"(08) 9384 7747"},{"Postcode":"6010","Name":"R A Jenkins","Address":"13 Rob Roy St Swanbourne WA 6010","Phone number":"(08) 9384 4392"},{"Postcode":"6112","Name":"P Jenkins","Address":"47 Lyrebird Loop Brookdale WA 6112","Phone number":"(08) 9399 9990"},{"Postcode":"6112","Name":"R Jenkins","Address":"21 Bordeaux Pde Piara Waters WA 6112","Phone number":"(08) 9397 2159"},{"Postcode":"6112","Name":"P Jenkins","Address":"47 Lyrebird Loop Brookdale WA 6112","Phone number":"(08) 9399 9990"},{"Postcode":"6112","Name":"R Jenkins","Address":"21 Bordeaux Pde Piara Waters WA 6112","Phone number":"(08) 9397 2159"},{"Postcode":"6027","Name":"K L Jenkins","Address":"40 Bearing Pde Mullaloo WA 6027","Phone number":"(08) 9307 9225"},{"Postcode":"6027","Name":"T Jenkins","Address":"3 Lakeview Drv Edgewater WA 6027","Phone number":"(08) 9405 8441"},{"Postcode":"6166","Name":"B Jenkins","Address":"12 Sheridan Crt Lake Coogee WA 6166","Phone number":"(08) 9434 1108"},{"Postcode":"6166","Name":"C Jenkins","Address":"15 Breaksea Drv Coogee WA 6166","Phone number":"(08) 9336 7890"},{"Postcode":"6154","Name":"M C & J M Jenkins","Address":"9 Horrocks Rd Booragoon WA 6154","Phone number":"(08) 9317 1767"},{"Postcode":"6009","Name":"M Jenkins","Address":"Un 1 35 Esplanade Nedlands WA 6009","Phone number":"(08) 9389 6961"},{"Postcode":"6009","Name":"P A C Jenkins","Address":"125 Dalkeith Rd Nedlands WA 6009","Phone number":"(04) 1141 3963"},{"Postcode":"6009","Name":"W G A & B Jenkins JP","Address":"118 Monash Ave Nedlands WA 6009","Phone number":"(08) 9380 5114"},{"Postcode":"6031","Name":"R Jenkins","Address":"25 Carwoola Cir Carramar WA 6031","Phone number":"(08) 9306 4720"},{"Postcode":"6208","Name":"J Jenkins","Address":"14 Murray Waters Blv South Yunderup WA 6208","Phone number":"(08) 9537 6179"},{"Postcode":"6062","Name":"Craig D Jenkins","Address":"3 Wade St Embleton WA 6062","Phone number":"(04) 1792 3916"},{"Postcode":"6062","Name":"E Jenkins","Address":"4a Hokesfern St Morley WA 6062","Phone number":"(04) 1012 0267"},{"Postcode":"6020","Name":"S Jenkins","Address":"18 A Sholl Ave North Beach WA 6020","Phone number":"(08) 9203 7424"},{"Postcode":"6208","Name":"J Jenkins","Address":"14 Murray Waters Blv South Yunderup WA 6208","Phone number":"(08) 9537 6179"},{"Postcode":"6121","Name":"M Jenkins","Address":"9 Country Drv Oakford WA 6121","Phone number":"(08) 9397 2699"},{"Postcode":"6208","Name":"J Jenkins","Address":"14 Murray Waters Blv South Yunderup WA 6208","Phone number":"(08) 9537 6179"},{"Postcode":"6027","Name":"K L Jenkins","Address":"40 Bearing Pde Mullaloo WA 6027","Phone number":"(08) 9307 9225"},{"Postcode":"6027","Name":"T Jenkins","Address":"3 Lakeview Drv Edgewater WA 6027","Phone number":"(08) 9405 8441"},{"Postcode":"6121","Name":"M Jenkins","Address":"9 Country Drv Oakford WA 6121","Phone number":"(08) 9397 2699"},{"Postcode":"6167","Name":"Mr D J Jenkins","Address":"24 Garrett Cnr Parmelia WA 6167","Phone number":"(08) 9419 1706"},{"Postcode":"6025","Name":"A Jenkins","Address":"28 Marbella Drv Hillarys WA 6025","Phone number":"(08) 9401 4895"},{"Postcode":"6025","Name":"A A & G M Jenkins","Address":"221 Waterford Drv Hillarys WA 6025","Phone number":"(08) 9401 6859"},{"Postcode":"6025","Name":"D Jenkins","Address":"6 Christina Ct Craigie WA 6025","Phone number":"(04) 0542 7496"},{"Postcode":"6025","Name":"L G Jenkins","Address":"83A Giles Ave Padbury WA 6025","Phone number":"(08) 9402 2282"},{"Postcode":"6233","Name":"T R Jenkins","Address":"8 Kowari Way Australind WA 6233","Phone number":"(08) 9797 0220"},{"Postcode":"6210","Name":"M & M Jenkins","Address":"109 Ormsby Tce Mandurah WA 6210","Phone number":"(08) 9586 9206"},{"Postcode":"6210","Name":"M V Jenkins","Address":"109 Ormsby Tce Mandurah WA 6210","Phone number":"(04) 0396 0610"},{"Postcode":"6210","Name":"N Jenkins","Address":"30B Panamuna Dr Falcon WA 6210","Phone number":"(08) 9534 2274"},{"Postcode":"6210","Name":"S Jenkins","Address":"Un 2 1 Princeton Drv Wannanup WA 6210","Phone number":"(08) 9534 4594"},{"Postcode":"6210","Name":"S D Jenkins","Address":"19 Lilac Grn Halls Head WA 6210","Phone number":"(08) 9586 8257"},{"Postcode":"6167","Name":"Mr D J Jenkins","Address":"24 Garrett Cnr Parmelia WA 6167","Phone number":"(08) 9419 1706"},{"Postcode":"6076","Name":"E Jenkins","Address":"63 Gooseberry Hill Rd Gooseberry Hill WA 6076","Phone number":"(08) 9454 2115"},{"Postcode":"6076","Name":"L Jenkins","Address":"5 Glyde Rd Lesmurdie WA 6076","Phone number":"(08) 9291 0783"},{"Postcode":"6076","Name":"M J & B Jenkins","Address":"13 Peet Rd Kalamunda WA 6076","Phone number":"(08) 9293 2889"},{"Postcode":"6076","Name":"R J Jenkins","Address":"51 Forrest Rd Pickering Brook WA 6076","Phone number":"(08) 9293 8333"},{"Postcode":"6076","Name":"T & B Jenkins","Address":"172 Orange Valley Rd Kalamunda WA 6076","Phone number":"(08) 9291 3249"},{"Postcode":"6076","Name":"W Jenkins","Address":"159 Railway Rd Gooseberry Hill WA 6076","Phone number":"(08) 9257 1853"},{"Postcode":"6065","Name":"R Jenkins","Address":"18 Oakdene Drv Madeley WA 6065","Phone number":"(08) 9409 2131"},{"Postcode":"6230","Name":"A Jenkins","Address":"11 Epidote Loop Dalyellup WA 6230","Phone number":"(08) 9795 8926"},{"Postcode":"6230","Name":"Daniel Jenkins","Address":"49 Crystal Bnd Dalyellup WA 6230","Phone number":"(08) 9795 1399"},{"Postcode":"6230","Name":"J M Jenkins","Address":"8 Minninup Rd South Bunbury WA 6230","Phone number":"(08) 9791 6621"},{"Postcode":"6230","Name":"M Jenkins","Address":"21 Kalari Rise South Bunbury WA 6230","Phone number":"(08) 9791 7217"},{"Postcode":"6230","Name":"T Jenkins","Address":"12 Trinity Rse College Grove WA 6230","Phone number":"(08) 9795 9085"},{"Postcode":"6011","Name":"B & L Jenkins","Address":"56 Eric St Cottesloe WA 6011","Phone number":"(08) 9384 0858"},{"Postcode":"6000","Name":"K Jenkins","Address":"Un 14 180 Stirling St Perth WA 6000","Phone number":"(08) 9227 7048"},{"Postcode":"6105","Name":"A L & J R Jenkins","Address":"184 Gabriel St Cloverdale WA 6105","Phone number":"(08) 9479 6490"},{"Postcode":"6076","Name":"E Jenkins","Address":"63 Gooseberry Hill Rd Gooseberry Hill WA 6076","Phone number":"(08) 9454 2115"},{"Postcode":"6076","Name":"L Jenkins","Address":"5 Glyde Rd Lesmurdie WA 6076","Phone number":"(08) 9291 0783"},{"Postcode":"6076","Name":"M J & B Jenkins","Address":"13 Peet Rd Kalamunda WA 6076","Phone number":"(08) 9293 2889"},{"Postcode":"6076","Name":"R J Jenkins","Address":"51 Forrest Rd Pickering Brook WA 6076","Phone number":"(08) 9293 8333"},{"Postcode":"6076","Name":"T & B Jenkins","Address":"172 Orange Valley Rd Kalamunda WA 6076","Phone number":"(08) 9291 3249"},{"Postcode":"6076","Name":"W Jenkins","Address":"159 Railway Rd Gooseberry Hill WA 6076","Phone number":"(08) 9257 1853"},{"Postcode":"6076","Name":"E Jenkins","Address":"63 Gooseberry Hill Rd Gooseberry Hill WA 6076","Phone number":"(08) 9454 2115"},{"Postcode":"6076","Name":"L Jenkins","Address":"5 Glyde Rd Lesmurdie WA 6076","Phone number":"(08) 9291 0783"},{"Postcode":"6076","Name":"M J & B Jenkins","Address":"13 Peet Rd Kalamunda WA 6076","Phone number":"(08) 9293 2889"},{"Postcode":"6076","Name":"R J Jenkins","Address":"51 Forrest Rd Pickering Brook WA 6076","Phone number":"(08) 9293 8333"},{"Postcode":"6076","Name":"T & B Jenkins","Address":"172 Orange Valley Rd Kalamunda WA 6076","Phone number":"(08) 9291 3249"},{"Postcode":"6076","Name":"W Jenkins","Address":"159 Railway Rd Gooseberry Hill WA 6076","Phone number":"(08) 9257 1853"},{"Postcode":"6065","Name":"R Jenkins","Address":"18 Oakdene Drv Madeley WA 6065","Phone number":"(08) 9409 2131"},{"Postcode":"6208","Name":"J Jenkins","Address":"14 Murray Waters Blv South Yunderup WA 6208","Phone number":"(08) 9537 6179"},{"Postcode":"6208","Name":"J Jenkins","Address":"14 Murray Waters Blv South Yunderup WA 6208","Phone number":"(08) 9537 6179"},{"Postcode":"6167","Name":"Mr D J Jenkins","Address":"24 Garrett Cnr Parmelia WA 6167","Phone number":"(08) 9419 1706"},{"Postcode":"6107","Name":"D A & S T Jenkins","Address":"56 Galaxy St Beckenham WA 6107","Phone number":"(08) 9451 3104"},{"Postcode":"6030","Name":"C Jenkins","Address":"14 Hazel Ave Quinns Rocks WA 6030","Phone number":"(08) 9305 1697"},{"Postcode":"6030","Name":"Mr Craig Jenkins","Address":"8 Hazel Ave Quinns Rocks WA 6030","Phone number":"(08) 9304 4911"},{"Postcode":"6030","Name":"M Jenkins","Address":"32 Ocean Dr Quinns Rocks WA 6030","Phone number":"(04) 3830 5155"},{"Postcode":"6208","Name":"J Jenkins","Address":"14 Murray Waters Blv South Yunderup WA 6208","Phone number":"(08) 9537 6179"},{"Postcode":"6056","Name":"D A Jenkins","Address":"59 Pilbara Crs Jane Brook WA 6056","Phone number":"(08) 9255 3620"},{"Postcode":"6056","Name":"Mr R H & L P Jenkins","Address":"19 Redunca Cl Helena Valley WA 6056","Phone number":"(08) 9250 3636"},{"Postcode":"6076","Name":"E Jenkins","Address":"63 Gooseberry Hill Rd Gooseberry Hill WA 6076","Phone number":"(08) 9454 2115"},{"Postcode":"6076","Name":"L Jenkins","Address":"5 Glyde Rd Lesmurdie WA 6076","Phone number":"(08) 9291 0783"},{"Postcode":"6076","Name":"M J & B Jenkins","Address":"13 Peet Rd Kalamunda WA 6076","Phone number":"(08) 9293 2889"},{"Postcode":"6076","Name":"R J Jenkins","Address":"51 Forrest Rd Pickering Brook WA 6076","Phone number":"(08) 9293 8333"},{"Postcode":"6076","Name":"T & B Jenkins","Address":"172 Orange Valley Rd Kalamunda WA 6076","Phone number":"(08) 9291 3249"},{"Postcode":"6076","Name":"W Jenkins","Address":"159 Railway Rd Gooseberry Hill WA 6076","Phone number":"(08) 9257 1853"},{"Postcode":"6030","Name":"C Jenkins","Address":"14 Hazel Ave Quinns Rocks WA 6030","Phone number":"(08) 9305 1697"},{"Postcode":"6030","Name":"Mr Craig Jenkins","Address":"8 Hazel Ave Quinns Rocks WA 6030","Phone number":"(08) 9304 4911"},{"Postcode":"6030","Name":"M Jenkins","Address":"32 Ocean Dr Quinns Rocks WA 6030","Phone number":"(04) 3830 5155"},{"Postcode":"6148","Name":"Mr C Jenkins","Address":"106 Barbican St Shelley WA 6148","Phone number":"(08) 9259 6934"},{"Postcode":"6148","Name":"T Jenkins","Address":"7 A Carnac Cl Riverton WA 6148","Phone number":"(08) 9457 2977"},{"Postcode":"6148","Name":"Mr C Jenkins","Address":"106 Barbican St Shelley WA 6148","Phone number":"(08) 9259 6934"},{"Postcode":"6148","Name":"T Jenkins","Address":"7 A Carnac Cl Riverton WA 6148","Phone number":"(08) 9457 2977"},{"Postcode":"6169","Name":"B E Jenkins","Address":"6B South Rd Shoalwater WA 6169","Phone number":"(08) 9527 6815"},{"Postcode":"6210","Name":"M & M Jenkins","Address":"109 Ormsby Tce Mandurah WA 6210","Phone number":"(08) 9586 9206"},{"Postcode":"6210","Name":"M V Jenkins","Address":"109 Ormsby Tce Mandurah WA 6210","Phone number":"(04) 0396 0610"},{"Postcode":"6210","Name":"N Jenkins","Address":"30B Panamuna Dr Falcon WA 6210","Phone number":"(08) 9534 2274"},{"Postcode":"6210","Name":"S Jenkins","Address":"Un 2 1 Princeton Drv Wannanup WA 6210","Phone number":"(08) 9534 4594"},{"Postcode":"6210","Name":"S D Jenkins","Address":"19 Lilac Grn Halls Head WA 6210","Phone number":"(08) 9586 8257"},{"Postcode":"6019","Name":"S Jenkins","Address":"38 Edgehill St Scarborough WA 6019","Phone number":"(08) 9245 3959"},{"Postcode":"6112","Name":"P Jenkins","Address":"47 Lyrebird Loop Brookdale WA 6112","Phone number":"(08) 9399 9990"},{"Postcode":"6112","Name":"R Jenkins","Address":"21 Bordeaux Pde Piara Waters WA 6112","Phone number":"(08) 9397 2159"},{"Postcode":"6148","Name":"Mr C Jenkins","Address":"106 Barbican St Shelley WA 6148","Phone number":"(08) 9259 6934"},{"Postcode":"6148","Name":"T Jenkins","Address":"7 A Carnac Cl Riverton WA 6148","Phone number":"(08) 9457 2977"},{"Postcode":"6169","Name":"B E Jenkins","Address":"6B South Rd Shoalwater WA 6169","Phone number":"(08) 9527 6815"},{"Postcode":"6210","Name":"M & M Jenkins","Address":"109 Ormsby Tce Mandurah WA 6210","Phone number":"(08) 9586 9206"},{"Postcode":"6210","Name":"M V Jenkins","Address":"109 Ormsby Tce Mandurah WA 6210","Phone number":"(04) 0396 0610"},{"Postcode":"6210","Name":"N Jenkins","Address":"30B Panamuna Dr Falcon WA 6210","Phone number":"(08) 9534 2274"},{"Postcode":"6210","Name":"S Jenkins","Address":"Un 2 1 Princeton Drv Wannanup WA 6210","Phone number":"(08) 9534 4594"},{"Postcode":"6210","Name":"S D Jenkins","Address":"19 Lilac Grn Halls Head WA 6210","Phone number":"(08) 9586 8257"},{"Postcode":"6065","Name":"R Jenkins","Address":"18 Oakdene Drv Madeley WA 6065","Phone number":"(08) 9409 2131"},{"Postcode":"6175","Name":"S Jenkins","Address":"13 Federation Dr Singleton WA 6175","Phone number":"(08) 9537 2168"},{"Postcode":"6020","Name":"S Jenkins","Address":"18 A Sholl Ave North Beach WA 6020","Phone number":"(08) 9203 7424"},{"Postcode":"6230","Name":"A Jenkins","Address":"11 Epidote Loop Dalyellup WA 6230","Phone number":"(08) 9795 8926"},{"Postcode":"6230","Name":"Daniel Jenkins","Address":"49 Crystal Bnd Dalyellup WA 6230","Phone number":"(08) 9795 1399"},{"Postcode":"6230","Name":"J M Jenkins","Address":"8 Minninup Rd South Bunbury WA 6230","Phone number":"(08) 9791 6621"},{"Postcode":"6230","Name":"M Jenkins","Address":"21 Kalari Rise South Bunbury WA 6230","Phone number":"(08) 9791 7217"},{"Postcode":"6230","Name":"T Jenkins","Address":"12 Trinity Rse College Grove WA 6230","Phone number":"(08) 9795 9085"},{"Postcode":"6162","Name":"G D Jenkins","Address":"10 Reuben St Beaconsfield WA 6162","Phone number":"(08) 9335 3406"},{"Postcode":"6162","Name":"R P & G J Jenkins","Address":"10 King William St South Fremantle WA 6162","Phone number":"(08) 9433 4087"},{"Postcode":"6164","Name":"R Jenkins","Address":"87 Glenbawn Drv South Lake WA 6164","Phone number":"(08) 9417 2532"},{"Postcode":"6164","Name":"V L Jenkins","Address":"22 Jakovich Cct Atwell WA 6164","Phone number":"(08) 9498 5742"},{"Postcode":"6151","Name":"P Jenkins","Address":"Un 11 166 Mill Point Rd South Perth WA 6151","Phone number":"(08) 9367 5008"},{"Postcode":"6208","Name":"J Jenkins","Address":"14 Murray Waters Blv South Yunderup WA 6208","Phone number":"(08) 9537 6179"},{"Postcode":"6110","Name":"A Jenkins","Address":"6 Barrett St Southern River WA 6110","Phone number":"(08) 9398 4628"},{"Postcode":"6102","Name":"E J Jenkins","Address":"Hilltop Tce Bentley WA 6102","Phone number":"(08) 9311 9496"},{"Postcode":"6102","Name":"E J Jenkins","Address":"Hillview Tce Bentley WA 6102","Phone number":"(08) 6363 6496"},{"Postcode":"6210","Name":"M & M Jenkins","Address":"109 Ormsby Tce Mandurah WA 6210","Phone number":"(08) 9586 9206"},{"Postcode":"6210","Name":"M V Jenkins","Address":"109 Ormsby Tce Mandurah WA 6210","Phone number":"(04) 0396 0610"},{"Postcode":"6210","Name":"N Jenkins","Address":"30B Panamuna Dr Falcon WA 6210","Phone number":"(08) 9534 2274"},{"Postcode":"6210","Name":"S Jenkins","Address":"Un 2 1 Princeton Drv Wannanup WA 6210","Phone number":"(08) 9534 4594"},{"Postcode":"6210","Name":"S D Jenkins","Address":"19 Lilac Grn Halls Head WA 6210","Phone number":"(08) 9586 8257"},{"Postcode":"6056","Name":"D A Jenkins","Address":"59 Pilbara Crs Jane Brook WA 6056","Phone number":"(08) 9255 3620"},{"Postcode":"6056","Name":"Mr R H & L P Jenkins","Address":"19 Redunca Cl Helena Valley WA 6056","Phone number":"(08) 9250 3636"},{"Postcode":"6164","Name":"R Jenkins","Address":"87 Glenbawn Drv South Lake WA 6164","Phone number":"(08) 9417 2532"},{"Postcode":"6164","Name":"V L Jenkins","Address":"22 Jakovich Cct Atwell WA 6164","Phone number":"(08) 9498 5742"},{"Postcode":"6056","Name":"D A Jenkins","Address":"59 Pilbara Crs Jane Brook WA 6056","Phone number":"(08) 9255 3620"},{"Postcode":"6056","Name":"Mr R H & L P Jenkins","Address":"19 Redunca Cl Helena Valley WA 6056","Phone number":"(08) 9250 3636"},{"Postcode":"6010","Name":"R A Jenkins","Address":"13 Rob Roy St Swanbourne WA 6010","Phone number":"(08) 9384 4392"},{"Postcode":"6030","Name":"C Jenkins","Address":"14 Hazel Ave Quinns Rocks WA 6030","Phone number":"(08) 9305 1697"},{"Postcode":"6030","Name":"Mr Craig Jenkins","Address":"8 Hazel Ave Quinns Rocks WA 6030","Phone number":"(08) 9304 4911"},{"Postcode":"6030","Name":"M Jenkins","Address":"32 Ocean Dr Quinns Rocks WA 6030","Phone number":"(04) 3830 5155"},{"Postcode":"6065","Name":"R Jenkins","Address":"18 Oakdene Drv Madeley WA 6065","Phone number":"(08) 9409 2131"},{"Postcode":"6167","Name":"Mr D J Jenkins","Address":"24 Garrett Cnr Parmelia WA 6167","Phone number":"(08) 9419 1706"},{"Postcode":"6069","Name":"L K Jenkins","Address":"5 Dingle Lane The Vines WA 6069","Phone number":"(08) 9297 2968"},{"Postcode":"6108","Name":"R Jenkins","Address":"61 Hume Rd Thornlie WA 6108","Phone number":"(04) 0266 8943"},{"Postcode":"6069","Name":"L K Jenkins","Address":"5 Dingle Lane The Vines WA 6069","Phone number":"(08) 9297 2968"},{"Postcode":"6230","Name":"A Jenkins","Address":"11 Epidote Loop Dalyellup WA 6230","Phone number":"(08) 9795 8926"},{"Postcode":"6230","Name":"Daniel Jenkins","Address":"49 Crystal Bnd Dalyellup WA 6230","Phone number":"(08) 9795 1399"},{"Postcode":"6230","Name":"J M Jenkins","Address":"8 Minninup Rd South Bunbury WA 6230","Phone number":"(08) 9791 6621"},{"Postcode":"6230","Name":"M Jenkins","Address":"21 Kalari Rise South Bunbury WA 6230","Phone number":"(08) 9791 7217"},{"Postcode":"6230","Name":"T Jenkins","Address":"12 Trinity Rse College Grove WA 6230","Phone number":"(08) 9795 9085"},{"Postcode":"6230","Name":"A Jenkins","Address":"11 Epidote Loop Dalyellup WA 6230","Phone number":"(08) 9795 8926"},{"Postcode":"6230","Name":"Daniel Jenkins","Address":"49 Crystal Bnd Dalyellup WA 6230","Phone number":"(08) 9795 1399"},{"Postcode":"6230","Name":"J M Jenkins","Address":"8 Minninup Rd South Bunbury WA 6230","Phone number":"(08) 9791 6621"},{"Postcode":"6230","Name":"M Jenkins","Address":"21 Kalari Rise South Bunbury WA 6230","Phone number":"(08) 9791 7217"},{"Postcode":"6230","Name":"T Jenkins","Address":"12 Trinity Rse College Grove WA 6230","Phone number":"(08) 9795 9085"},{"Postcode":"6056","Name":"D A Jenkins","Address":"59 Pilbara Crs Jane Brook WA 6056","Phone number":"(08) 9255 3620"},{"Postcode":"6056","Name":"Mr R H & L P Jenkins","Address":"19 Redunca Cl Helena Valley WA 6056","Phone number":"(08) 9250 3636"},{"Postcode":"6169","Name":"B E Jenkins","Address":"6B South Rd Shoalwater WA 6169","Phone number":"(08) 9527 6815"},{"Postcode":"6076","Name":"E Jenkins","Address":"63 Gooseberry Hill Rd Gooseberry Hill WA 6076","Phone number":"(08) 9454 2115"},{"Postcode":"6076","Name":"L Jenkins","Address":"5 Glyde Rd Lesmurdie WA 6076","Phone number":"(08) 9291 0783"},{"Postcode":"6076","Name":"M J & B Jenkins","Address":"13 Peet Rd Kalamunda WA 6076","Phone number":"(08) 9293 2889"},{"Postcode":"6076","Name":"R J Jenkins","Address":"51 Forrest Rd Pickering Brook WA 6076","Phone number":"(08) 9293 8333"},{"Postcode":"6076","Name":"T & B Jenkins","Address":"172 Orange Valley Rd Kalamunda WA 6076","Phone number":"(08) 9291 3249"},{"Postcode":"6076","Name":"W Jenkins","Address":"159 Railway Rd Gooseberry Hill WA 6076","Phone number":"(08) 9257 1853"},{"Postcode":"6167","Name":"Mr D J Jenkins","Address":"24 Garrett Cnr Parmelia WA 6167","Phone number":"(08) 9419 1706"},{"Postcode":"6065","Name":"R Jenkins","Address":"18 Oakdene Drv Madeley WA 6065","Phone number":"(08) 9409 2131"},{"Postcode":"6210","Name":"M & M Jenkins","Address":"109 Ormsby Tce Mandurah WA 6210","Phone number":"(08) 9586 9206"},{"Postcode":"6210","Name":"M V Jenkins","Address":"109 Ormsby Tce Mandurah WA 6210","Phone number":"(04) 0396 0610"},{"Postcode":"6210","Name":"N Jenkins","Address":"30B Panamuna Dr Falcon WA 6210","Phone number":"(08) 9534 2274"},{"Postcode":"6210","Name":"S Jenkins","Address":"Un 2 1 Princeton Drv Wannanup WA 6210","Phone number":"(08) 9534 4594"},{"Postcode":"6210","Name":"S D Jenkins","Address":"19 Lilac Grn Halls Head WA 6210","Phone number":"(08) 9586 8257"},{"Postcode":"6065","Name":"R Jenkins","Address":"18 Oakdene Drv Madeley WA 6065","Phone number":"(08) 9409 2131"},{"Postcode":"6169","Name":"B E Jenkins","Address":"6B South Rd Shoalwater WA 6169","Phone number":"(08) 9527 6815"},{"Postcode":"6020","Name":"S Jenkins","Address":"18 A Sholl Ave North Beach WA 6020","Phone number":"(08) 9203 7424"},{"Postcode":"6107","Name":"D A & S T Jenkins","Address":"56 Galaxy St Beckenham WA 6107","Phone number":"(08) 9451 3104"},{"Postcode":"6166","Name":"B Jenkins","Address":"12 Sheridan Crt Lake Coogee WA 6166","Phone number":"(08) 9434 1108"},{"Postcode":"6166","Name":"C Jenkins","Address":"15 Breaksea Drv Coogee WA 6166","Phone number":"(08) 9336 7890"},{"Postcode":"6233","Name":"T R Jenkins","Address":"8 Kowari Way Australind WA 6233","Phone number":"(08) 9797 0220"},{"Postcode":"6019","Name":"S Jenkins","Address":"38 Edgehill St Scarborough WA 6019","Phone number":"(08) 9245 3959"},{"Postcode":"6007","Name":"A Jenkins","Address":"62 Tate St West Leederville WA 6007","Phone number":"(08) 9381 6628"},{"Postcode":"6208","Name":"J Jenkins","Address":"14 Murray Waters Blv South Yunderup WA 6208","Phone number":"(08) 9537 6179"},{"Postcode":"6162","Name":"G D Jenkins","Address":"10 Reuben St Beaconsfield WA 6162","Phone number":"(08) 9335 3406"},{"Postcode":"6162","Name":"R P & G J Jenkins","Address":"10 King William St South Fremantle WA 6162","Phone number":"(08) 9433 4087"},{"Postcode":"6041","Name":"Mr A Jenkins","Address":"72 Heffron Way Gabbadah WA 6041","Phone number":"(08) 9577 2954"},{"Postcode":"6156","Name":"C Jenkins","Address":"330 Preston Point Rd Attadale WA 6156","Phone number":"(08) 9330 4050"},{"Postcode":"6156","Name":"C Jenkins","Address":"330 Preston Point Rd Attadale WA 6156","Phone number":"(08) 9330 4050"},{"Postcode":"6155","Name":"D & C Jenkins","Address":"53 Sandringham Prm Canning Vale WA 6155","Phone number":"(08) 9456 2232"},{"Postcode":"6155","Name":"Paul E Jenkins","Address":"144 Hamhurst Rd Canning Vale WA 6155","Phone number":"(04) 1348 3147"},{"Postcode":"6107","Name":"D A & S T Jenkins","Address":"56 Galaxy St Beckenham WA 6107","Phone number":"(08) 9451 3104"},{"Postcode":"6230","Name":"A Jenkins","Address":"11 Epidote Loop Dalyellup WA 6230","Phone number":"(08) 9795 8926"},{"Postcode":"6230","Name":"Daniel Jenkins","Address":"49 Crystal Bnd Dalyellup WA 6230","Phone number":"(08) 9795 1399"},{"Postcode":"6230","Name":"J M Jenkins","Address":"8 Minninup Rd South Bunbury WA 6230","Phone number":"(08) 9791 6621"},{"Postcode":"6230","Name":"M Jenkins","Address":"21 Kalari Rise South Bunbury WA 6230","Phone number":"(08) 9791 7217"},{"Postcode":"6230","Name":"T Jenkins","Address":"12 Trinity Rse College Grove WA 6230","Phone number":"(08) 9795 9085"},{"Postcode":"6056","Name":"D A Jenkins","Address":"59 Pilbara Crs Jane Brook WA 6056","Phone number":"(08) 9255 3620"},{"Postcode":"6056","Name":"Mr R H & L P Jenkins","Address":"19 Redunca Cl Helena Valley WA 6056","Phone number":"(08) 9250 3636"},{"Postcode":"6018","Name":"D & R Jenkins","Address":"6 Luccombe Way Karrinyup WA 6018","Phone number":"(08) 9246 0936"},{"Postcode":"6041","Name":"Mr A Jenkins","Address":"72 Heffron Way Gabbadah WA 6041","Phone number":"(08) 9577 2954"},{"Postcode":"6026","Name":"P J Jenkins","Address":"17 Willowcreek Mews Woodvale WA 6026","Phone number":"(08) 9309 2336"},{"Postcode":"6112","Name":"P Jenkins","Address":"47 Lyrebird Loop Brookdale WA 6112","Phone number":"(08) 9399 9990"},{"Postcode":"6112","Name":"R Jenkins","Address":"21 Bordeaux Pde Piara Waters WA 6112","Phone number":"(08) 9397 2159"},{"Postcode":"6035","Name":"S Jenkins","Address":"34 Explorer St Yanchep WA 6035","Phone number":"(08) 9561 2657"},{"Postcode":"6164","Name":"R Jenkins","Address":"87 Glenbawn Drv South Lake WA 6164","Phone number":"(08) 9417 2532"},{"Postcode":"6164","Name":"V L Jenkins","Address":"22 Jakovich Cct Atwell WA 6164","Phone number":"(08) 9498 5742"},{"Postcode":"4211","Name":"Catherine Jenkins","Address":"170 Arunta Drv Mt Nathan QLD 4211","Phone number":"(07) 5596 6401"},{"Postcode":"4211","Name":"E Jenkins","Address":"8 Shenton Way Nerang QLD 4211","Phone number":"(07) 5527 4944"},{"Postcode":"4211","Name":"R Jenkins","Address":"61 Hillary Cct Pacific Pines QLD 4211","Phone number":"(07) 5561 8592"},{"Postcode":"4207","Name":"L & N Jenkins","Address":"33/ 272 Fryar Rd Eagleby QLD 4207","Phone number":"(07) 3489 7833"},{"Postcode":"4207","Name":"P Jenkins","Address":"70 Mt Warren Blv Mt Warren Park QLD 4207","Phone number":"(07) 3441 9070"},{"Postcode":"4285","Name":"D W & R O Jenkins","Address":"1 Silky Oak Crt Cedar Vale QLD 4285","Phone number":"(07) 5543 3193"},{"Postcode":"4214","Name":"A Jenkins","Address":"4 Callaway Ct Arundel QLD 4214","Phone number":"(04) 3381 6395"},{"Postcode":"4214","Name":"A Jenkins","Address":"4 Callaway Ct Arundel QLD 4214","Phone number":"(04) 3381 6395"},{"Postcode":"4214","Name":"A Jenkins","Address":"4 Callaway Ct Arundel QLD 4214","Phone number":"(04) 3381 6395"},{"Postcode":"4214","Name":"A Jenkins","Address":"4 Callaway Ct Arundel QLD 4214","Phone number":"(04) 3381 6395"},{"Postcode":"4214","Name":"A Jenkins","Address":"4 Callaway Ct Arundel QLD 4214","Phone number":"(04) 3381 6395"},{"Postcode":"4215","Name":"N Jenkins","Address":"Un 7 154 Musgrave Ave Southport QLD 4215","Phone number":"(07) 5528 3393"},{"Postcode":"4207","Name":"L & N Jenkins","Address":"33/ 272 Fryar Rd Eagleby QLD 4207","Phone number":"(07) 3489 7833"},{"Postcode":"4207","Name":"P Jenkins","Address":"70 Mt Warren Blv Mt Warren Park QLD 4207","Phone number":"(07) 3441 9070"},{"Postcode":"4207","Name":"L & N Jenkins","Address":"33/ 272 Fryar Rd Eagleby QLD 4207","Phone number":"(07) 3489 7833"},{"Postcode":"4207","Name":"P Jenkins","Address":"70 Mt Warren Blv Mt Warren Park QLD 4207","Phone number":"(07) 3441 9070"},{"Postcode":"4285","Name":"D W & R O Jenkins","Address":"1 Silky Oak Crt Cedar Vale QLD 4285","Phone number":"(07) 5543 3193"},{"Postcode":"4211","Name":"Catherine Jenkins","Address":"170 Arunta Drv Mt Nathan QLD 4211","Phone number":"(07) 5596 6401"},{"Postcode":"4211","Name":"E Jenkins","Address":"8 Shenton Way Nerang QLD 4211","Phone number":"(07) 5527 4944"},{"Postcode":"4211","Name":"R Jenkins","Address":"61 Hillary Cct Pacific Pines QLD 4211","Phone number":"(07) 5561 8592"},{"Postcode":"4207","Name":"L & N Jenkins","Address":"33/ 272 Fryar Rd Eagleby QLD 4207","Phone number":"(07) 3489 7833"},{"Postcode":"4207","Name":"P Jenkins","Address":"70 Mt Warren Blv Mt Warren Park QLD 4207","Phone number":"(07) 3441 9070"},{"Postcode":"4207","Name":"L & N Jenkins","Address":"33/ 272 Fryar Rd Eagleby QLD 4207","Phone number":"(07) 3489 7833"},{"Postcode":"4207","Name":"P Jenkins","Address":"70 Mt Warren Blv Mt Warren Park QLD 4207","Phone number":"(07) 3441 9070"},{"Postcode":"4217","Name":"B Jenkins","Address":"33 Admiralty Dr Surfers Paradise QLD 4217","Phone number":"(07) 5528 1326"},{"Postcode":"4217","Name":"D Jenkins","Address":"12 Jaguar Drv Bundall QLD 4217","Phone number":"(07) 5527 8731"},{"Postcode":"4216","Name":"A Jenkins","Address":"26 Longbow Pl Biggera Waters QLD 4216","Phone number":"(04) 8838 2162"},{"Postcode":"4216","Name":"B Jenkins","Address":"234 Oxley Drv Coombabah QLD 4216","Phone number":"(07) 5529 6619"},{"Postcode":"4211","Name":"Catherine Jenkins","Address":"170 Arunta Drv Mt Nathan QLD 4211","Phone number":"(07) 5596 6401"},{"Postcode":"4211","Name":"E Jenkins","Address":"8 Shenton Way Nerang QLD 4211","Phone number":"(07) 5527 4944"},{"Postcode":"4211","Name":"R Jenkins","Address":"61 Hillary Cct Pacific Pines QLD 4211","Phone number":"(07) 5561 8592"},{"Postcode":"4285","Name":"D W & R O Jenkins","Address":"1 Silky Oak Crt Cedar Vale QLD 4285","Phone number":"(07) 5543 3193"},{"Postcode":"4218","Name":"Mr F & J A Jenkins","Address":"6 Willis Crt Mermaid Waters QLD 4218","Phone number":"(07) 5575 1250"},{"Postcode":"4218","Name":"L Jenkins","Address":"Un 505 157 Old Burleigh Rd Broadbeach QLD 4218","Phone number":"(07) 5538 3112"},{"Postcode":"4218","Name":"Mr F & J A Jenkins","Address":"6 Willis Crt Mermaid Waters QLD 4218","Phone number":"(07) 5575 1250"},{"Postcode":"4218","Name":"L Jenkins","Address":"Un 505 157 Old Burleigh Rd Broadbeach QLD 4218","Phone number":"(07) 5538 3112"},{"Postcode":"4285","Name":"D W & R O Jenkins","Address":"1 Silky Oak Crt Cedar Vale QLD 4285","Phone number":"(07) 5543 3193"},{"Postcode":"4207","Name":"L & N Jenkins","Address":"33/ 272 Fryar Rd Eagleby QLD 4207","Phone number":"(07) 3489 7833"},{"Postcode":"4207","Name":"P Jenkins","Address":"70 Mt Warren Blv Mt Warren Park QLD 4207","Phone number":"(07) 3441 9070"},{"Postcode":"4217","Name":"B Jenkins","Address":"33 Admiralty Dr Surfers Paradise QLD 4217","Phone number":"(07) 5528 1326"},{"Postcode":"4217","Name":"D Jenkins","Address":"12 Jaguar Drv Bundall QLD 4217","Phone number":"(07) 5527 8731"},{"Postcode":"4217","Name":"B Jenkins","Address":"33 Admiralty Dr Surfers Paradise QLD 4217","Phone number":"(07) 5528 1326"},{"Postcode":"4217","Name":"D Jenkins","Address":"12 Jaguar Drv Bundall QLD 4217","Phone number":"(07) 5527 8731"},{"Postcode":"4217","Name":"B Jenkins","Address":"33 Admiralty Dr Surfers Paradise QLD 4217","Phone number":"(07) 5528 1326"},{"Postcode":"4217","Name":"D Jenkins","Address":"12 Jaguar Drv Bundall QLD 4217","Phone number":"(07) 5527 8731"},{"Postcode":"4220","Name":"J Jenkins","Address":"37 Razorbill St Burleigh Waters QLD 4220","Phone number":"(07) 5576 4969"},{"Postcode":"4220","Name":"K Jenkins","Address":"Unit 3 9 Ewart St Burleigh Heads QLD 4220","Phone number":"(07) 5576 7068"},{"Postcode":"4220","Name":"J Jenkins","Address":"37 Razorbill St Burleigh Waters QLD 4220","Phone number":"(07) 5576 4969"},{"Postcode":"4220","Name":"K Jenkins","Address":"Unit 3 9 Ewart St Burleigh Heads QLD 4220","Phone number":"(07) 5576 7068"},{"Postcode":"4220","Name":"J Jenkins","Address":"37 Razorbill St Burleigh Waters QLD 4220","Phone number":"(07) 5576 4969"},{"Postcode":"4220","Name":"K Jenkins","Address":"Unit 3 9 Ewart St Burleigh Heads QLD 4220","Phone number":"(07) 5576 7068"},{"Postcode":"4220","Name":"J Jenkins","Address":"37 Razorbill St Burleigh Waters QLD 4220","Phone number":"(07) 5576 4969"},{"Postcode":"4220","Name":"K Jenkins","Address":"Unit 3 9 Ewart St Burleigh Heads QLD 4220","Phone number":"(07) 5576 7068"},{"Postcode":"4220","Name":"J Jenkins","Address":"37 Razorbill St Burleigh Waters QLD 4220","Phone number":"(07) 5576 4969"},{"Postcode":"4220","Name":"K Jenkins","Address":"Unit 3 9 Ewart St Burleigh Heads QLD 4220","Phone number":"(07) 5576 7068"},{"Postcode":"4285","Name":"D W & R O Jenkins","Address":"1 Silky Oak Crt Cedar Vale QLD 4285","Phone number":"(07) 5543 3193"},{"Postcode":"4211","Name":"Catherine Jenkins","Address":"170 Arunta Drv Mt Nathan QLD 4211","Phone number":"(07) 5596 6401"},{"Postcode":"4211","Name":"E Jenkins","Address":"8 Shenton Way Nerang QLD 4211","Phone number":"(07) 5527 4944"},{"Postcode":"4211","Name":"R Jenkins","Address":"61 Hillary Cct Pacific Pines QLD 4211","Phone number":"(07) 5561 8592"},{"Postcode":"4207","Name":"L & N Jenkins","Address":"33/ 272 Fryar Rd Eagleby QLD 4207","Phone number":"(07) 3489 7833"},{"Postcode":"4207","Name":"P Jenkins","Address":"70 Mt Warren Blv Mt Warren Park QLD 4207","Phone number":"(07) 3441 9070"},{"Postcode":"4285","Name":"D W & R O Jenkins","Address":"1 Silky Oak Crt Cedar Vale QLD 4285","Phone number":"(07) 5543 3193"},{"Postcode":"4285","Name":"D W & R O Jenkins","Address":"1 Silky Oak Crt Cedar Vale QLD 4285","Phone number":"(07) 5543 3193"},{"Postcode":"4217","Name":"B Jenkins","Address":"33 Admiralty Dr Surfers Paradise QLD 4217","Phone number":"(07) 5528 1326"},{"Postcode":"4217","Name":"D Jenkins","Address":"12 Jaguar Drv Bundall QLD 4217","Phone number":"(07) 5527 8731"},{"Postcode":"4285","Name":"D W & R O Jenkins","Address":"1 Silky Oak Crt Cedar Vale QLD 4285","Phone number":"(07) 5543 3193"},{"Postcode":"4215","Name":"N Jenkins","Address":"Un 7 154 Musgrave Ave Southport QLD 4215","Phone number":"(07) 5528 3393"},{"Postcode":"4285","Name":"D W & R O Jenkins","Address":"1 Silky Oak Crt Cedar Vale QLD 4285","Phone number":"(07) 5543 3193"},{"Postcode":"4211","Name":"Catherine Jenkins","Address":"170 Arunta Drv Mt Nathan QLD 4211","Phone number":"(07) 5596 6401"},{"Postcode":"4211","Name":"E Jenkins","Address":"8 Shenton Way Nerang QLD 4211","Phone number":"(07) 5527 4944"},{"Postcode":"4211","Name":"R Jenkins","Address":"61 Hillary Cct Pacific Pines QLD 4211","Phone number":"(07) 5561 8592"},{"Postcode":"4226","Name":"D & S Jenkins","Address":"45 Port Jackson Blv Clear Island Waters QLD 4226","Phone number":"(07) 5575 8558"},{"Postcode":"4226","Name":"S Jenkins","Address":"1 University Dr Robina QLD 4226","Phone number":"(07) 5580 8534"},{"Postcode":"4226","Name":"S L Jenkins","Address":"Un 136 3 Robina Town Centre Dr Robina QLD 4226","Phone number":"(07) 5593 2617"},{"Postcode":"4216","Name":"A Jenkins","Address":"26 Longbow Pl Biggera Waters QLD 4216","Phone number":"(04) 8838 2162"},{"Postcode":"4216","Name":"B Jenkins","Address":"234 Oxley Drv Coombabah QLD 4216","Phone number":"(07) 5529 6619"},{"Postcode":"4209","Name":"E Jenkins","Address":"17 Erskine St Upper Coomera QLD 4209","Phone number":"(07) 5580 6016"},{"Postcode":"4209","Name":"P Jenkins","Address":"6 Trigger Cove Upper Coomera QLD 4209","Phone number":"(07) 5529 9578"},{"Postcode":"4285","Name":"D W & R O Jenkins","Address":"1 Silky Oak Crt Cedar Vale QLD 4285","Phone number":"(07) 5543 3193"},{"Postcode":"4285","Name":"D W & R O Jenkins","Address":"1 Silky Oak Crt Cedar Vale QLD 4285","Phone number":"(07) 5543 3193"},{"Postcode":"4207","Name":"L & N Jenkins","Address":"33/ 272 Fryar Rd Eagleby QLD 4207","Phone number":"(07) 3489 7833"},{"Postcode":"4207","Name":"P Jenkins","Address":"70 Mt Warren Blv Mt Warren Park QLD 4207","Phone number":"(07) 3441 9070"},{"Postcode":"4207","Name":"L & N Jenkins","Address":"33/ 272 Fryar Rd Eagleby QLD 4207","Phone number":"(07) 3489 7833"},{"Postcode":"4207","Name":"P Jenkins","Address":"70 Mt Warren Blv Mt Warren Park QLD 4207","Phone number":"(07) 3441 9070"},{"Postcode":"4221","Name":"A Jenkins","Address":"6 Bergamont St Elanora QLD 4221","Phone number":"(07) 5533 9905"},{"Postcode":"4211","Name":"Catherine Jenkins","Address":"170 Arunta Drv Mt Nathan QLD 4211","Phone number":"(07) 5596 6401"},{"Postcode":"4211","Name":"E Jenkins","Address":"8 Shenton Way Nerang QLD 4211","Phone number":"(07) 5527 4944"},{"Postcode":"4211","Name":"R Jenkins","Address":"61 Hillary Cct Pacific Pines QLD 4211","Phone number":"(07) 5561 8592"},{"Postcode":"4211","Name":"Catherine Jenkins","Address":"170 Arunta Drv Mt Nathan QLD 4211","Phone number":"(07) 5596 6401"},{"Postcode":"4211","Name":"E Jenkins","Address":"8 Shenton Way Nerang QLD 4211","Phone number":"(07) 5527 4944"},{"Postcode":"4211","Name":"R Jenkins","Address":"61 Hillary Cct Pacific Pines QLD 4211","Phone number":"(07) 5561 8592"},{"Postcode":"4285","Name":"D W & R O Jenkins","Address":"1 Silky Oak Crt Cedar Vale QLD 4285","Phone number":"(07) 5543 3193"},{"Postcode":"4217","Name":"B Jenkins","Address":"33 Admiralty Dr Surfers Paradise QLD 4217","Phone number":"(07) 5528 1326"},{"Postcode":"4217","Name":"D Jenkins","Address":"12 Jaguar Drv Bundall QLD 4217","Phone number":"(07) 5527 8731"},{"Postcode":"4212","Name":"D Jenkins","Address":"1 Sabrina Ave Helensvale QLD 4212","Phone number":"(07) 5514 0221"},{"Postcode":"4212","Name":"Mrs J Jenkins","Address":"U Un23 81 Boykambil Esp Hope Island QLD 4212","Phone number":"(07) 5510 8370"},{"Postcode":"4212","Name":"D Jenkins","Address":"1 Sabrina Ave Helensvale QLD 4212","Phone number":"(07) 5514 0221"},{"Postcode":"4212","Name":"Mrs J Jenkins","Address":"U Un23 81 Boykambil Esp Hope Island QLD 4212","Phone number":"(07) 5510 8370"},{"Postcode":"4211","Name":"Catherine Jenkins","Address":"170 Arunta Drv Mt Nathan QLD 4211","Phone number":"(07) 5596 6401"},{"Postcode":"4211","Name":"E Jenkins","Address":"8 Shenton Way Nerang QLD 4211","Phone number":"(07) 5527 4944"},{"Postcode":"4211","Name":"R Jenkins","Address":"61 Hillary Cct Pacific Pines QLD 4211","Phone number":"(07) 5561 8592"},{"Postcode":"4285","Name":"D W & R O Jenkins","Address":"1 Silky Oak Crt Cedar Vale QLD 4285","Phone number":"(07) 5543 3193"},{"Postcode":"4216","Name":"A Jenkins","Address":"26 Longbow Pl Biggera Waters QLD 4216","Phone number":"(04) 8838 2162"},{"Postcode":"4216","Name":"B Jenkins","Address":"234 Oxley Drv Coombabah QLD 4216","Phone number":"(07) 5529 6619"},{"Postcode":"4207","Name":"L & N Jenkins","Address":"33/ 272 Fryar Rd Eagleby QLD 4207","Phone number":"(07) 3489 7833"},{"Postcode":"4207","Name":"P Jenkins","Address":"70 Mt Warren Blv Mt Warren Park QLD 4207","Phone number":"(07) 3441 9070"},{"Postcode":"4212","Name":"D Jenkins","Address":"1 Sabrina Ave Helensvale QLD 4212","Phone number":"(07) 5514 0221"},{"Postcode":"4212","Name":"Mrs J Jenkins","Address":"U Un23 81 Boykambil Esp Hope Island QLD 4212","Phone number":"(07) 5510 8370"},{"Postcode":"4285","Name":"D W & R O Jenkins","Address":"1 Silky Oak Crt Cedar Vale QLD 4285","Phone number":"(07) 5543 3193"},{"Postcode":"4217","Name":"B Jenkins","Address":"33 Admiralty Dr Surfers Paradise QLD 4217","Phone number":"(07) 5528 1326"},{"Postcode":"4217","Name":"D Jenkins","Address":"12 Jaguar Drv Bundall QLD 4217","Phone number":"(07) 5527 8731"},{"Postcode":"4280","Name":"R Jenkins","Address":"346 Mundoolun Rd Jimboomba QLD 4280","Phone number":"(07) 5547 8303"},{"Postcode":"4285","Name":"D W & R O Jenkins","Address":"1 Silky Oak Crt Cedar Vale QLD 4285","Phone number":"(07) 5543 3193"},{"Postcode":"4285","Name":"D W & R O Jenkins","Address":"1 Silky Oak Crt Cedar Vale QLD 4285","Phone number":"(07) 5543 3193"},{"Postcode":"4285","Name":"D W & R O Jenkins","Address":"1 Silky Oak Crt Cedar Vale QLD 4285","Phone number":"(07) 5543 3193"},{"Postcode":"4285","Name":"D W & R O Jenkins","Address":"1 Silky Oak Crt Cedar Vale QLD 4285","Phone number":"(07) 5543 3193"},{"Postcode":"4285","Name":"D W & R O Jenkins","Address":"1 Silky Oak Crt Cedar Vale QLD 4285","Phone number":"(07) 5543 3193"},{"Postcode":"4215","Name":"N Jenkins","Address":"Un 7 154 Musgrave Ave Southport QLD 4215","Phone number":"(07) 5528 3393"},{"Postcode":"4285","Name":"D W & R O Jenkins","Address":"1 Silky Oak Crt Cedar Vale QLD 4285","Phone number":"(07) 5543 3193"},{"Postcode":"4285","Name":"D W & R O Jenkins","Address":"1 Silky Oak Crt Cedar Vale QLD 4285","Phone number":"(07) 5543 3193"},{"Postcode":"4207","Name":"L & N Jenkins","Address":"33/ 272 Fryar Rd Eagleby QLD 4207","Phone number":"(07) 3489 7833"},{"Postcode":"4207","Name":"P Jenkins","Address":"70 Mt Warren Blv Mt Warren Park QLD 4207","Phone number":"(07) 3441 9070"},{"Postcode":"4211","Name":"Catherine Jenkins","Address":"170 Arunta Drv Mt Nathan QLD 4211","Phone number":"(07) 5596 6401"},{"Postcode":"4211","Name":"E Jenkins","Address":"8 Shenton Way Nerang QLD 4211","Phone number":"(07) 5527 4944"},{"Postcode":"4211","Name":"R Jenkins","Address":"61 Hillary Cct Pacific Pines QLD 4211","Phone number":"(07) 5561 8592"},{"Postcode":"4207","Name":"L & N Jenkins","Address":"33/ 272 Fryar Rd Eagleby QLD 4207","Phone number":"(07) 3489 7833"},{"Postcode":"4207","Name":"P Jenkins","Address":"70 Mt Warren Blv Mt Warren Park QLD 4207","Phone number":"(07) 3441 9070"},{"Postcode":"4217","Name":"B Jenkins","Address":"33 Admiralty Dr Surfers Paradise QLD 4217","Phone number":"(07) 5528 1326"},{"Postcode":"4217","Name":"D Jenkins","Address":"12 Jaguar Drv Bundall QLD 4217","Phone number":"(07) 5527 8731"},{"Postcode":"4218","Name":"Mr F & J A Jenkins","Address":"6 Willis Crt Mermaid Waters QLD 4218","Phone number":"(07) 5575 1250"},{"Postcode":"4218","Name":"L Jenkins","Address":"Un 505 157 Old Burleigh Rd Broadbeach QLD 4218","Phone number":"(07) 5538 3112"},{"Postcode":"4218","Name":"Mr F & J A Jenkins","Address":"6 Willis Crt Mermaid Waters QLD 4218","Phone number":"(07) 5575 1250"},{"Postcode":"4218","Name":"L Jenkins","Address":"Un 505 157 Old Burleigh Rd Broadbeach QLD 4218","Phone number":"(07) 5538 3112"},{"Postcode":"4226","Name":"D & S Jenkins","Address":"45 Port Jackson Blv Clear Island Waters QLD 4226","Phone number":"(07) 5575 8558"},{"Postcode":"4226","Name":"S Jenkins","Address":"1 University Dr Robina QLD 4226","Phone number":"(07) 5580 8534"},{"Postcode":"4226","Name":"S L Jenkins","Address":"Un 136 3 Robina Town Centre Dr Robina QLD 4226","Phone number":"(07) 5593 2617"},{"Postcode":"4220","Name":"J Jenkins","Address":"37 Razorbill St Burleigh Waters QLD 4220","Phone number":"(07) 5576 4969"},{"Postcode":"4220","Name":"K Jenkins","Address":"Unit 3 9 Ewart St Burleigh Heads QLD 4220","Phone number":"(07) 5576 7068"},{"Postcode":"4214","Name":"A Jenkins","Address":"4 Callaway Ct Arundel QLD 4214","Phone number":"(04) 3381 6395"},{"Postcode":"4211","Name":"Catherine Jenkins","Address":"170 Arunta Drv Mt Nathan QLD 4211","Phone number":"(07) 5596 6401"},{"Postcode":"4211","Name":"E Jenkins","Address":"8 Shenton Way Nerang QLD 4211","Phone number":"(07) 5527 4944"},{"Postcode":"4211","Name":"R Jenkins","Address":"61 Hillary Cct Pacific Pines QLD 4211","Phone number":"(07) 5561 8592"},{"Postcode":"4207","Name":"L & N Jenkins","Address":"33/ 272 Fryar Rd Eagleby QLD 4207","Phone number":"(07) 3489 7833"},{"Postcode":"4207","Name":"P Jenkins","Address":"70 Mt Warren Blv Mt Warren Park QLD 4207","Phone number":"(07) 3441 9070"},{"Postcode":"4285","Name":"D W & R O Jenkins","Address":"1 Silky Oak Crt Cedar Vale QLD 4285","Phone number":"(07) 5543 3193"},{"Postcode":"4211","Name":"Catherine Jenkins","Address":"170 Arunta Drv Mt Nathan QLD 4211","Phone number":"(07) 5596 6401"},{"Postcode":"4211","Name":"E Jenkins","Address":"8 Shenton Way Nerang QLD 4211","Phone number":"(07) 5527 4944"},{"Postcode":"4211","Name":"R Jenkins","Address":"61 Hillary Cct Pacific Pines QLD 4211","Phone number":"(07) 5561 8592"},{"Postcode":"4211","Name":"Catherine Jenkins","Address":"170 Arunta Drv Mt Nathan QLD 4211","Phone number":"(07) 5596 6401"},{"Postcode":"4211","Name":"E Jenkins","Address":"8 Shenton Way Nerang QLD 4211","Phone number":"(07) 5527 4944"},{"Postcode":"4211","Name":"R Jenkins","Address":"61 Hillary Cct Pacific Pines QLD 4211","Phone number":"(07) 5561 8592"},{"Postcode":"4211","Name":"Catherine Jenkins","Address":"170 Arunta Drv Mt Nathan QLD 4211","Phone number":"(07) 5596 6401"},{"Postcode":"4211","Name":"E Jenkins","Address":"8 Shenton Way Nerang QLD 4211","Phone number":"(07) 5527 4944"},{"Postcode":"4211","Name":"R Jenkins","Address":"61 Hillary Cct Pacific Pines QLD 4211","Phone number":"(07) 5561 8592"},{"Postcode":"4211","Name":"Catherine Jenkins","Address":"170 Arunta Drv Mt Nathan QLD 4211","Phone number":"(07) 5596 6401"},{"Postcode":"4211","Name":"E Jenkins","Address":"8 Shenton Way Nerang QLD 4211","Phone number":"(07) 5527 4944"},{"Postcode":"4211","Name":"R Jenkins","Address":"61 Hillary Cct Pacific Pines QLD 4211","Phone number":"(07) 5561 8592"},{"Postcode":"4285","Name":"D W & R O Jenkins","Address":"1 Silky Oak Crt Cedar Vale QLD 4285","Phone number":"(07) 5543 3193"},{"Postcode":"4218","Name":"Mr F & J A Jenkins","Address":"6 Willis Crt Mermaid Waters QLD 4218","Phone number":"(07) 5575 1250"},{"Postcode":"4218","Name":"L Jenkins","Address":"Un 505 157 Old Burleigh Rd Broadbeach QLD 4218","Phone number":"(07) 5538 3112"},{"Postcode":"4280","Name":"R Jenkins","Address":"346 Mundoolun Rd Jimboomba QLD 4280","Phone number":"(07) 5547 8303"},{"Postcode":"4211","Name":"Catherine Jenkins","Address":"170 Arunta Drv Mt Nathan QLD 4211","Phone number":"(07) 5596 6401"},{"Postcode":"4211","Name":"E Jenkins","Address":"8 Shenton Way Nerang QLD 4211","Phone number":"(07) 5527 4944"},{"Postcode":"4211","Name":"R Jenkins","Address":"61 Hillary Cct Pacific Pines QLD 4211","Phone number":"(07) 5561 8592"},{"Postcode":"4285","Name":"D W & R O Jenkins","Address":"1 Silky Oak Crt Cedar Vale QLD 4285","Phone number":"(07) 5543 3193"},{"Postcode":"4211","Name":"Catherine Jenkins","Address":"170 Arunta Drv Mt Nathan QLD 4211","Phone number":"(07) 5596 6401"},{"Postcode":"4211","Name":"E Jenkins","Address":"8 Shenton Way Nerang QLD 4211","Phone number":"(07) 5527 4944"},{"Postcode":"4211","Name":"R Jenkins","Address":"61 Hillary Cct Pacific Pines QLD 4211","Phone number":"(07) 5561 8592"},{"Postcode":"4218","Name":"Mr F & J A Jenkins","Address":"6 Willis Crt Mermaid Waters QLD 4218","Phone number":"(07) 5575 1250"},{"Postcode":"4218","Name":"L Jenkins","Address":"Un 505 157 Old Burleigh Rd Broadbeach QLD 4218","Phone number":"(07) 5538 3112"},{"Postcode":"4211","Name":"Catherine Jenkins","Address":"170 Arunta Drv Mt Nathan QLD 4211","Phone number":"(07) 5596 6401"},{"Postcode":"4211","Name":"E Jenkins","Address":"8 Shenton Way Nerang QLD 4211","Phone number":"(07) 5527 4944"},{"Postcode":"4211","Name":"R Jenkins","Address":"61 Hillary Cct Pacific Pines QLD 4211","Phone number":"(07) 5561 8592"},{"Postcode":"4221","Name":"A Jenkins","Address":"6 Bergamont St Elanora QLD 4221","Phone number":"(07) 5533 9905"},{"Postcode":"4216","Name":"A Jenkins","Address":"26 Longbow Pl Biggera Waters QLD 4216","Phone number":"(04) 8838 2162"},{"Postcode":"4216","Name":"B Jenkins","Address":"234 Oxley Drv Coombabah QLD 4216","Phone number":"(07) 5529 6619"},{"Postcode":"4214","Name":"A Jenkins","Address":"4 Callaway Ct Arundel QLD 4214","Phone number":"(04) 3381 6395"},{"Postcode":"4209","Name":"E Jenkins","Address":"17 Erskine St Upper Coomera QLD 4209","Phone number":"(07) 5580 6016"},{"Postcode":"4209","Name":"P Jenkins","Address":"6 Trigger Cove Upper Coomera QLD 4209","Phone number":"(07) 5529 9578"},{"Postcode":"4218","Name":"Mr F & J A Jenkins","Address":"6 Willis Crt Mermaid Waters QLD 4218","Phone number":"(07) 5575 1250"},{"Postcode":"4218","Name":"L Jenkins","Address":"Un 505 157 Old Burleigh Rd Broadbeach QLD 4218","Phone number":"(07) 5538 3112"},{"Postcode":"4226","Name":"D & S Jenkins","Address":"45 Port Jackson Blv Clear Island Waters QLD 4226","Phone number":"(07) 5575 8558"},{"Postcode":"4226","Name":"S Jenkins","Address":"1 University Dr Robina QLD 4226","Phone number":"(07) 5580 8534"},{"Postcode":"4226","Name":"S L Jenkins","Address":"Un 136 3 Robina Town Centre Dr Robina QLD 4226","Phone number":"(07) 5593 2617"},{"Postcode":"4226","Name":"D & S Jenkins","Address":"45 Port Jackson Blv Clear Island Waters QLD 4226","Phone number":"(07) 5575 8558"},{"Postcode":"4226","Name":"S Jenkins","Address":"1 University Dr Robina QLD 4226","Phone number":"(07) 5580 8534"},{"Postcode":"4226","Name":"S L Jenkins","Address":"Un 136 3 Robina Town Centre Dr Robina QLD 4226","Phone number":"(07) 5593 2617"},{"Postcode":"4216","Name":"A Jenkins","Address":"26 Longbow Pl Biggera Waters QLD 4216","Phone number":"(04) 8838 2162"},{"Postcode":"4216","Name":"B Jenkins","Address":"234 Oxley Drv Coombabah QLD 4216","Phone number":"(07) 5529 6619"},{"Postcode":"4212","Name":"D Jenkins","Address":"1 Sabrina Ave Helensvale QLD 4212","Phone number":"(07) 5514 0221"},{"Postcode":"4212","Name":"Mrs J Jenkins","Address":"U Un23 81 Boykambil Esp Hope Island QLD 4212","Phone number":"(07) 5510 8370"},{"Postcode":"4280","Name":"R Jenkins","Address":"346 Mundoolun Rd Jimboomba QLD 4280","Phone number":"(07) 5547 8303"},{"Postcode":"4216","Name":"A Jenkins","Address":"26 Longbow Pl Biggera Waters QLD 4216","Phone number":"(04) 8838 2162"},{"Postcode":"4216","Name":"B Jenkins","Address":"234 Oxley Drv Coombabah QLD 4216","Phone number":"(07) 5529 6619"},{"Postcode":"4211","Name":"Catherine Jenkins","Address":"170 Arunta Drv Mt Nathan QLD 4211","Phone number":"(07) 5596 6401"},{"Postcode":"4211","Name":"E Jenkins","Address":"8 Shenton Way Nerang QLD 4211","Phone number":"(07) 5527 4944"},{"Postcode":"4211","Name":"R Jenkins","Address":"61 Hillary Cct Pacific Pines QLD 4211","Phone number":"(07) 5561 8592"},{"Postcode":"4215","Name":"N Jenkins","Address":"Un 7 154 Musgrave Ave Southport QLD 4215","Phone number":"(07) 5528 3393"},{"Postcode":"4215","Name":"N Jenkins","Address":"Un 7 154 Musgrave Ave Southport QLD 4215","Phone number":"(07) 5528 3393"},{"Postcode":"4215","Name":"N Jenkins","Address":"Un 7 154 Musgrave Ave Southport QLD 4215","Phone number":"(07) 5528 3393"},{"Postcode":"4207","Name":"L & N Jenkins","Address":"33/ 272 Fryar Rd Eagleby QLD 4207","Phone number":"(07) 3489 7833"},{"Postcode":"4207","Name":"P Jenkins","Address":"70 Mt Warren Blv Mt Warren Park QLD 4207","Phone number":"(07) 3441 9070"},{"Postcode":"4207","Name":"L & N Jenkins","Address":"33/ 272 Fryar Rd Eagleby QLD 4207","Phone number":"(07) 3489 7833"},{"Postcode":"4207","Name":"P Jenkins","Address":"70 Mt Warren Blv Mt Warren Park QLD 4207","Phone number":"(07) 3441 9070"},{"Postcode":"4280","Name":"R Jenkins","Address":"346 Mundoolun Rd Jimboomba QLD 4280","Phone number":"(07) 5547 8303"},{"Postcode":"4217","Name":"B Jenkins","Address":"33 Admiralty Dr Surfers Paradise QLD 4217","Phone number":"(07) 5528 1326"},{"Postcode":"4217","Name":"D Jenkins","Address":"12 Jaguar Drv Bundall QLD 4217","Phone number":"(07) 5527 8731"},{"Postcode":"4285","Name":"D W & R O Jenkins","Address":"1 Silky Oak Crt Cedar Vale QLD 4285","Phone number":"(07) 5543 3193"},{"Postcode":"4285","Name":"D W & R O Jenkins","Address":"1 Silky Oak Crt Cedar Vale QLD 4285","Phone number":"(07) 5543 3193"},{"Postcode":"4285","Name":"D W & R O Jenkins","Address":"1 Silky Oak Crt Cedar Vale QLD 4285","Phone number":"(07) 5543 3193"},{"Postcode":"4285","Name":"D W & R O Jenkins","Address":"1 Silky Oak Crt Cedar Vale QLD 4285","Phone number":"(07) 5543 3193"},{"Postcode":"4285","Name":"D W & R O Jenkins","Address":"1 Silky Oak Crt Cedar Vale QLD 4285","Phone number":"(07) 5543 3193"},{"Postcode":"4209","Name":"E Jenkins","Address":"17 Erskine St Upper Coomera QLD 4209","Phone number":"(07) 5580 6016"},{"Postcode":"4209","Name":"P Jenkins","Address":"6 Trigger Cove Upper Coomera QLD 4209","Phone number":"(07) 5529 9578"},{"Postcode":"4227","Name":"B Jenkins","Address":"43 Grasslands Crs Reedy Creek QLD 4227","Phone number":"(07) 5593 5379"},{"Postcode":"4285","Name":"D W & R O Jenkins","Address":"1 Silky Oak Crt Cedar Vale QLD 4285","Phone number":"(07) 5543 3193"},{"Postcode":"4285","Name":"D W & R O Jenkins","Address":"1 Silky Oak Crt Cedar Vale QLD 4285","Phone number":"(07) 5543 3193"},{"Postcode":"4209","Name":"E Jenkins","Address":"17 Erskine St Upper Coomera QLD 4209","Phone number":"(07) 5580 6016"},{"Postcode":"4209","Name":"P Jenkins","Address":"6 Trigger Cove Upper Coomera QLD 4209","Phone number":"(07) 5529 9578"},{"Postcode":"4207","Name":"L & N Jenkins","Address":"33/ 272 Fryar Rd Eagleby QLD 4207","Phone number":"(07) 3489 7833"},{"Postcode":"4207","Name":"P Jenkins","Address":"70 Mt Warren Blv Mt Warren Park QLD 4207","Phone number":"(07) 3441 9070"},{"Postcode":"4207","Name":"L & N Jenkins","Address":"33/ 272 Fryar Rd Eagleby QLD 4207","Phone number":"(07) 3489 7833"},{"Postcode":"4207","Name":"P Jenkins","Address":"70 Mt Warren Blv Mt Warren Park QLD 4207","Phone number":"(07) 3441 9070"},{"Postcode":"4285","Name":"D W & R O Jenkins","Address":"1 Silky Oak Crt Cedar Vale QLD 4285","Phone number":"(07) 5543 3193"},{"Postcode":"4207","Name":"L & N Jenkins","Address":"33/ 272 Fryar Rd Eagleby QLD 4207","Phone number":"(07) 3489 7833"},{"Postcode":"4207","Name":"P Jenkins","Address":"70 Mt Warren Blv Mt Warren Park QLD 4207","Phone number":"(07) 3441 9070"},{"Postcode":"4207","Name":"L & N Jenkins","Address":"33/ 272 Fryar Rd Eagleby QLD 4207","Phone number":"(07) 3489 7833"},{"Postcode":"4207","Name":"P Jenkins","Address":"70 Mt Warren Blv Mt Warren Park QLD 4207","Phone number":"(07) 3441 9070"},{"Postcode":"4207","Name":"L & N Jenkins","Address":"33/ 272 Fryar Rd Eagleby QLD 4207","Phone number":"(07) 3489 7833"},{"Postcode":"4207","Name":"P Jenkins","Address":"70 Mt Warren Blv Mt Warren Park QLD 4207","Phone number":"(07) 3441 9070"},{"Postcode":"4207","Name":"L & N Jenkins","Address":"33/ 272 Fryar Rd Eagleby QLD 4207","Phone number":"(07) 3489 7833"},{"Postcode":"4207","Name":"P Jenkins","Address":"70 Mt Warren Blv Mt Warren Park QLD 4207","Phone number":"(07) 3441 9070"}]