[{"Postcode":"6167","Name":"C M Black","Address":"22 Camfield Loop Parmelia WA 6167","Phone number":"(08) 9439 4792"},{"Postcode":"6153","Name":"K R Black","Address":"18A Simpson St Applecross WA 6153","Phone number":"(08) 9315 4505"},{"Postcode":"6153","Name":"R Black","Address":"6 Springside Ave Mt Pleasant WA 6153","Phone number":"(08) 9316 0507"},{"Postcode":"6153","Name":"K R Black","Address":"18A Simpson St Applecross WA 6153","Phone number":"(08) 9315 4505"},{"Postcode":"6153","Name":"R Black","Address":"6 Springside Ave Mt Pleasant WA 6153","Phone number":"(08) 9316 0507"},{"Postcode":"6112","Name":"B L Black","Address":"3 Pleasant Ave Piara Waters WA 6112","Phone number":"(08) 9397 2328"},{"Postcode":"6112","Name":"D S Black","Address":"6 Moore St Wungong WA 6112","Phone number":"(04) 2904 0376"},{"Postcode":"6112","Name":"J Black","Address":"6 Belvoir Rd Hilbert WA 6112","Phone number":"(08) 6244 9461"},{"Postcode":"6112","Name":"L Black","Address":"38 Bedfordale Hill Rd Mt Richon WA 6112","Phone number":"(08) 9497 5883"},{"Postcode":"6112","Name":"O Black","Address":"440 Nicholson Rd Forrestdale WA 6112","Phone number":"(08) 9393 3444"},{"Postcode":"6112","Name":"Y D Black","Address":"15 Marbella Ave Seville Grove WA 6112","Phone number":"(08) 9497 1626"},{"Postcode":"6065","Name":"E Black","Address":"1140 Wanneroo Rd Ashby WA 6065","Phone number":"(08) 9405 2446"},{"Postcode":"6065","Name":"G & L Black","Address":"14 Athlone Pl Wanneroo WA 6065","Phone number":"(08) 9301 4475"},{"Postcode":"6065","Name":"R Black","Address":"20 Vinciullo Way Sinagra WA 6065","Phone number":"(08) 9306 8157"},{"Postcode":"6164","Name":"D G & T Black","Address":"7 Jakovich Cct Atwell WA 6164","Phone number":"(08) 9414 5630"},{"Postcode":"6164","Name":"G Black","Address":"45 Princeton Cct Aubin Grove WA 6164","Phone number":"(08) 9498 6451"},{"Postcode":"6164","Name":"K Black","Address":"15 Lakehurst Way Atwell WA 6164","Phone number":"(08) 9498 7627"},{"Postcode":"6164","Name":"Mrs S Black","Address":"5 Cleland Crt Aubin Grove WA 6164","Phone number":"(08) 9499 4947"},{"Postcode":"6164","Name":"S Black","Address":"29 Mohan Loop Hammond Park WA 6164","Phone number":"(08) 9499 3268"},{"Postcode":"6164","Name":"Tania Black","Address":"101 Lydon Blv Atwell WA 6164","Phone number":"(08) 9414 5365"},{"Postcode":"6164","Name":"D G & T Black","Address":"7 Jakovich Cct Atwell WA 6164","Phone number":"(08) 9414 5630"},{"Postcode":"6164","Name":"G Black","Address":"45 Princeton Cct Aubin Grove WA 6164","Phone number":"(08) 9498 6451"},{"Postcode":"6164","Name":"K Black","Address":"15 Lakehurst Way Atwell WA 6164","Phone number":"(08) 9498 7627"},{"Postcode":"6164","Name":"Mrs S Black","Address":"5 Cleland Crt Aubin Grove WA 6164","Phone number":"(08) 9499 4947"},{"Postcode":"6164","Name":"S Black","Address":"29 Mohan Loop Hammond Park WA 6164","Phone number":"(08) 9499 3268"},{"Postcode":"6164","Name":"Tania Black","Address":"101 Lydon Blv Atwell WA 6164","Phone number":"(08) 9414 5365"},{"Postcode":"6233","Name":"A T & L E Black","Address":"2 Maria Crt Australind WA 6233","Phone number":"(08) 9796 1193"},{"Postcode":"6233","Name":"C D & J M Black","Address":"16 Gannett La Australind WA 6233","Phone number":"(08) 9725 8832"},{"Postcode":"6233","Name":"J Black","Address":"U 3 35 Wakefield Cres Australind WA 6233","Phone number":"(08) 9797 1920"},{"Postcode":"6233","Name":"K Black","Address":"89 Macquarie Dr Australind WA 6233","Phone number":"(08) 9725 8058"},{"Postcode":"6233","Name":"P D & D J Black","Address":"13 Watermass Pl Leschenault WA 6233","Phone number":"(08) 9725 8348"},{"Postcode":"6233","Name":"Z Black","Address":"40 Glenfield Dr Australind WA 6233","Phone number":"(08) 9796 1643"},{"Postcode":"6021","Name":"G Black","Address":"3B Barker Ave Balcatta WA 6021","Phone number":"(08) 9440 3023"},{"Postcode":"6021","Name":"V Black","Address":"313 Main St Balcatta WA 6021","Phone number":"(08) 9349 9249"},{"Postcode":"6164","Name":"D G & T Black","Address":"7 Jakovich Cct Atwell WA 6164","Phone number":"(08) 9414 5630"},{"Postcode":"6164","Name":"G Black","Address":"45 Princeton Cct Aubin Grove WA 6164","Phone number":"(08) 9498 6451"},{"Postcode":"6164","Name":"K Black","Address":"15 Lakehurst Way Atwell WA 6164","Phone number":"(08) 9498 7627"},{"Postcode":"6164","Name":"Mrs S Black","Address":"5 Cleland Crt Aubin Grove WA 6164","Phone number":"(08) 9499 4947"},{"Postcode":"6164","Name":"S Black","Address":"29 Mohan Loop Hammond Park WA 6164","Phone number":"(08) 9499 3268"},{"Postcode":"6164","Name":"Tania Black","Address":"101 Lydon Blv Atwell WA 6164","Phone number":"(08) 9414 5365"},{"Postcode":"6031","Name":"S Black","Address":"86 Houghton Drv Carramar WA 6031","Phone number":"(08) 9206 5567"},{"Postcode":"6210","Name":"G E Black","Address":"34 Pebble Beach Blv Meadow Springs WA 6210","Phone number":"(08) 9581 6157"},{"Postcode":"6210","Name":"J Black","Address":"63 Baloo Crs Wannanup WA 6210","Phone number":"(08) 9534 6430"},{"Postcode":"6210","Name":"M Black","Address":"5 A Nettle Pl Halls Head WA 6210","Phone number":"(08) 9534 8870"},{"Postcode":"6210","Name":"M R Black","Address":"22 Stinton St Mandurah WA 6210","Phone number":"(04) 1451 1315"},{"Postcode":"6210","Name":"N Black","Address":"273 Peelwood Pde Halls Head WA 6210","Phone number":"(08) 9582 7423"},{"Postcode":"6056","Name":"K S Black","Address":"18 Spring Ave Middle Swan WA 6056","Phone number":"(08) 9274 1322"},{"Postcode":"6162","Name":"E Black","Address":"9 Newmarket St Beaconsfield WA 6162","Phone number":"(04) 3331 3661"},{"Postcode":"6162","Name":"J Black","Address":"26 B Lilly St South Fremantle WA 6162","Phone number":"(08) 9433 2274"},{"Postcode":"6162","Name":"S H Black","Address":"16 Hulbert St South Fremantle WA 6162","Phone number":"(08) 9335 5408"},{"Postcode":"6112","Name":"B L Black","Address":"3 Pleasant Ave Piara Waters WA 6112","Phone number":"(08) 9397 2328"},{"Postcode":"6112","Name":"D S Black","Address":"6 Moore St Wungong WA 6112","Phone number":"(04) 2904 0376"},{"Postcode":"6112","Name":"J Black","Address":"6 Belvoir Rd Hilbert WA 6112","Phone number":"(08) 6244 9461"},{"Postcode":"6112","Name":"L Black","Address":"38 Bedfordale Hill Rd Mt Richon WA 6112","Phone number":"(08) 9497 5883"},{"Postcode":"6112","Name":"O Black","Address":"440 Nicholson Rd Forrestdale WA 6112","Phone number":"(08) 9393 3444"},{"Postcode":"6112","Name":"Y D Black","Address":"15 Marbella Ave Seville Grove WA 6112","Phone number":"(08) 9497 1626"},{"Postcode":"6027","Name":"C Black","Address":"14 Castella Way Mullaloo WA 6027","Phone number":"(08) 9402 7602"},{"Postcode":"6069","Name":"D P Black","Address":"33 Mona Vale Loop Ellenbrook WA 6069","Phone number":"(08) 9297 3486"},{"Postcode":"6069","Name":"K M Black","Address":"14 Heathland Tce Ellenbrook WA 6069","Phone number":"(08) 6296 5123"},{"Postcode":"6056","Name":"K S Black","Address":"18 Spring Ave Middle Swan WA 6056","Phone number":"(08) 9274 1322"},{"Postcode":"6167","Name":"C M Black","Address":"22 Camfield Loop Parmelia WA 6167","Phone number":"(08) 9439 4792"},{"Postcode":"6163","Name":"C Black","Address":"10 Hermione Way Coolbellup WA 6163","Phone number":"(08) 9337 7406"},{"Postcode":"6163","Name":"D W Black","Address":"4 Walliabup Way Bibra Lake WA 6163","Phone number":"(08) 9417 2745"},{"Postcode":"6163","Name":"L K & N Black","Address":"9 Teece Pl Hamilton Hill WA 6163","Phone number":"(08) 9434 2464"},{"Postcode":"6163","Name":"P W Black","Address":"28 Ivermey Rd Hamilton Hill WA 6163","Phone number":"(04) 2933 1453"},{"Postcode":"6233","Name":"A T & L E Black","Address":"2 Maria Crt Australind WA 6233","Phone number":"(08) 9796 1193"},{"Postcode":"6233","Name":"C D & J M Black","Address":"16 Gannett La Australind WA 6233","Phone number":"(08) 9725 8832"},{"Postcode":"6233","Name":"J Black","Address":"U 3 35 Wakefield Cres Australind WA 6233","Phone number":"(08) 9797 1920"},{"Postcode":"6233","Name":"K Black","Address":"89 Macquarie Dr Australind WA 6233","Phone number":"(08) 9725 8058"},{"Postcode":"6233","Name":"P D & D J Black","Address":"13 Watermass Pl Leschenault WA 6233","Phone number":"(08) 9725 8348"},{"Postcode":"6233","Name":"Z Black","Address":"40 Glenfield Dr Australind WA 6233","Phone number":"(08) 9796 1643"},{"Postcode":"6208","Name":"G Black","Address":"3 Tassell Way Ravenswood WA 6208","Phone number":"(08) 9537 6160"},{"Postcode":"6210","Name":"G E Black","Address":"34 Pebble Beach Blv Meadow Springs WA 6210","Phone number":"(08) 9581 6157"},{"Postcode":"6210","Name":"J Black","Address":"63 Baloo Crs Wannanup WA 6210","Phone number":"(08) 9534 6430"},{"Postcode":"6210","Name":"M Black","Address":"5 A Nettle Pl Halls Head WA 6210","Phone number":"(08) 9534 8870"},{"Postcode":"6210","Name":"M R Black","Address":"22 Stinton St Mandurah WA 6210","Phone number":"(04) 1451 1315"},{"Postcode":"6210","Name":"N Black","Address":"273 Peelwood Pde Halls Head WA 6210","Phone number":"(08) 9582 7423"},{"Postcode":"6056","Name":"K S Black","Address":"18 Spring Ave Middle Swan WA 6056","Phone number":"(08) 9274 1322"},{"Postcode":"6153","Name":"K R Black","Address":"18A Simpson St Applecross WA 6153","Phone number":"(08) 9315 4505"},{"Postcode":"6153","Name":"R Black","Address":"6 Springside Ave Mt Pleasant WA 6153","Phone number":"(08) 9316 0507"},{"Postcode":"6069","Name":"D P Black","Address":"33 Mona Vale Loop Ellenbrook WA 6069","Phone number":"(08) 9297 3486"},{"Postcode":"6069","Name":"K M Black","Address":"14 Heathland Tce Ellenbrook WA 6069","Phone number":"(08) 6296 5123"},{"Postcode":"6009","Name":"C J Black","Address":"33 Webster St Nedlands WA 6009","Phone number":"(08) 9389 9006"},{"Postcode":"6112","Name":"B L Black","Address":"3 Pleasant Ave Piara Waters WA 6112","Phone number":"(08) 9397 2328"},{"Postcode":"6112","Name":"D S Black","Address":"6 Moore St Wungong WA 6112","Phone number":"(04) 2904 0376"},{"Postcode":"6112","Name":"J Black","Address":"6 Belvoir Rd Hilbert WA 6112","Phone number":"(08) 6244 9461"},{"Postcode":"6112","Name":"L Black","Address":"38 Bedfordale Hill Rd Mt Richon WA 6112","Phone number":"(08) 9497 5883"},{"Postcode":"6112","Name":"O Black","Address":"440 Nicholson Rd Forrestdale WA 6112","Phone number":"(08) 9393 3444"},{"Postcode":"6112","Name":"Y D Black","Address":"15 Marbella Ave Seville Grove WA 6112","Phone number":"(08) 9497 1626"},{"Postcode":"6149","Name":"A Black","Address":"49 Gracechurch Crs Leeming WA 6149","Phone number":"(08) 9332 0291"},{"Postcode":"6149","Name":"P Black","Address":"74 Aulberry Pde Leeming WA 6149","Phone number":"(04) 2805 5503"},{"Postcode":"6149","Name":"W Black","Address":"4 Blaize Cl Leeming WA 6149","Phone number":"(08) 9310 2045"},{"Postcode":"6084","Name":"K Black","Address":"201 Leschenaultia Drv Chittering WA 6084","Phone number":"(08) 9571 4596"},{"Postcode":"6230","Name":"D J Black","Address":"52 Forum Way East Bunbury WA 6230","Phone number":"(08) 9721 2151"},{"Postcode":"6230","Name":"V Black#","Address":"60 Picton Rd East Bunbury WA 6230","Phone number":"(08) 9721 6098"},{"Postcode":"6100","Name":"S Black","Address":"48 Gresham St Victoria Park WA 6100","Phone number":"(08) 9355 1905"},{"Postcode":"6122","Name":"Mr S Black","Address":"10 Wheatley Rd Byford WA 6122","Phone number":"(08) 9525 0144"},{"Postcode":"6167","Name":"C M Black","Address":"22 Camfield Loop Parmelia WA 6167","Phone number":"(08) 9439 4792"},{"Postcode":"6153","Name":"K R Black","Address":"18A Simpson St Applecross WA 6153","Phone number":"(08) 9315 4505"},{"Postcode":"6153","Name":"R Black","Address":"6 Springside Ave Mt Pleasant WA 6153","Phone number":"(08) 9316 0507"},{"Postcode":"6111","Name":"A Black","Address":"31 Lantana Way Camillo WA 6111","Phone number":"(08) 9390 8161"},{"Postcode":"6111","Name":"B Black","Address":"3 Regina Rd Kelmscott WA 6111","Phone number":"(08) 9390 8606"},{"Postcode":"6111","Name":"Mrs E Black","Address":"KELMSCOTT RIVER GARDENS AGED C 89 Clifton St Kelmscott WA 6111","Phone number":"(08) 9390 6158"},{"Postcode":"6111","Name":"P Black","Address":"37A Westfield Rd Camillo WA 6111","Phone number":"(08) 9390 0818"},{"Postcode":"6111","Name":"R L & H J Black","Address":"22 Gunnamatta Pl Kelmscott WA 6111","Phone number":"(08) 9390 9606"},{"Postcode":"6155","Name":"C S Black","Address":"35 Ringarooma Way Willetton WA 6155","Phone number":"(08) 9457 3290"},{"Postcode":"6155","Name":"D Black","Address":"5 Tia Pl Willetton WA 6155","Phone number":"(08) 9457 9523"},{"Postcode":"6155","Name":"C S Black","Address":"35 Ringarooma Way Willetton WA 6155","Phone number":"(08) 9457 3290"},{"Postcode":"6155","Name":"D Black","Address":"5 Tia Pl Willetton WA 6155","Phone number":"(08) 9457 9523"},{"Postcode":"6122","Name":"Mr S Black","Address":"10 Wheatley Rd Byford WA 6122","Phone number":"(08) 9525 0144"},{"Postcode":"6230","Name":"D J Black","Address":"52 Forum Way East Bunbury WA 6230","Phone number":"(08) 9721 2151"},{"Postcode":"6230","Name":"V Black#","Address":"60 Picton Rd East Bunbury WA 6230","Phone number":"(08) 9721 6098"},{"Postcode":"6020","Name":"T B Black","Address":"Un 104 7 Harman Rd Sorrento WA 6020","Phone number":"(08) 9447 9147"},{"Postcode":"6031","Name":"S Black","Address":"86 Houghton Drv Carramar WA 6031","Phone number":"(08) 9206 5567"},{"Postcode":"6167","Name":"C M Black","Address":"22 Camfield Loop Parmelia WA 6167","Phone number":"(08) 9439 4792"},{"Postcode":"6055","Name":"J & J Black","Address":"2 Barker Rd South Guildford WA 6055","Phone number":"(08) 6278 1025"},{"Postcode":"6111","Name":"A Black","Address":"31 Lantana Way Camillo WA 6111","Phone number":"(08) 9390 8161"},{"Postcode":"6111","Name":"B Black","Address":"3 Regina Rd Kelmscott WA 6111","Phone number":"(08) 9390 8606"},{"Postcode":"6111","Name":"Mrs E Black","Address":"KELMSCOTT RIVER GARDENS AGED C 89 Clifton St Kelmscott WA 6111","Phone number":"(08) 9390 6158"},{"Postcode":"6111","Name":"P Black","Address":"37A Westfield Rd Camillo WA 6111","Phone number":"(08) 9390 0818"},{"Postcode":"6111","Name":"R L & H J Black","Address":"22 Gunnamatta Pl Kelmscott WA 6111","Phone number":"(08) 9390 9606"},{"Postcode":"6084","Name":"K Black","Address":"201 Leschenaultia Drv Chittering WA 6084","Phone number":"(08) 9571 4596"},{"Postcode":"6018","Name":"C Florence Black","Address":"Un 2w 24 Pearson St Churchlands WA 6018","Phone number":"(08) 9284 0591"},{"Postcode":"6010","Name":"M A Black","Address":"24 Arenga Crt Mt Claremont WA 6010","Phone number":"(08) 9384 3028"},{"Postcode":"6010","Name":"M A Black","Address":"24 Arenga Crt Mt Claremont WA 6010","Phone number":"(08) 9384 3028"},{"Postcode":"6030","Name":"M Black","Address":"8 Nicholas Ave Quinns Rocks WA 6030","Phone number":"(08) 9305 1851"},{"Postcode":"6210","Name":"G E Black","Address":"34 Pebble Beach Blv Meadow Springs WA 6210","Phone number":"(08) 9581 6157"},{"Postcode":"6210","Name":"J Black","Address":"63 Baloo Crs Wannanup WA 6210","Phone number":"(08) 9534 6430"},{"Postcode":"6210","Name":"M Black","Address":"5 A Nettle Pl Halls Head WA 6210","Phone number":"(08) 9534 8870"},{"Postcode":"6210","Name":"M R Black","Address":"22 Stinton St Mandurah WA 6210","Phone number":"(04) 1451 1315"},{"Postcode":"6210","Name":"N Black","Address":"273 Peelwood Pde Halls Head WA 6210","Phone number":"(08) 9582 7423"},{"Postcode":"6230","Name":"D J Black","Address":"52 Forum Way East Bunbury WA 6230","Phone number":"(08) 9721 2151"},{"Postcode":"6230","Name":"V Black#","Address":"60 Picton Rd East Bunbury WA 6230","Phone number":"(08) 9721 6098"},{"Postcode":"6152","Name":"A Black","Address":"42 Edgewater Rd Salter Point WA 6152","Phone number":"(08) 9450 6393"},{"Postcode":"6027","Name":"C Black","Address":"14 Castella Way Mullaloo WA 6027","Phone number":"(08) 9402 7602"},{"Postcode":"6210","Name":"G E Black","Address":"34 Pebble Beach Blv Meadow Springs WA 6210","Phone number":"(08) 9581 6157"},{"Postcode":"6210","Name":"J Black","Address":"63 Baloo Crs Wannanup WA 6210","Phone number":"(08) 9534 6430"},{"Postcode":"6210","Name":"M Black","Address":"5 A Nettle Pl Halls Head WA 6210","Phone number":"(08) 9534 8870"},{"Postcode":"6210","Name":"M R Black","Address":"22 Stinton St Mandurah WA 6210","Phone number":"(04) 1451 1315"},{"Postcode":"6210","Name":"N Black","Address":"273 Peelwood Pde Halls Head WA 6210","Phone number":"(08) 9582 7423"},{"Postcode":"6166","Name":"D A & J A Black","Address":"10 Kiesey St Coogee WA 6166","Phone number":"(08) 9418 6687"},{"Postcode":"6166","Name":"W Black","Address":"5 Cyprus Crt Coogee WA 6166","Phone number":"(08) 9434 9675"},{"Postcode":"6163","Name":"C Black","Address":"10 Hermione Way Coolbellup WA 6163","Phone number":"(08) 9337 7406"},{"Postcode":"6163","Name":"D W Black","Address":"4 Walliabup Way Bibra Lake WA 6163","Phone number":"(08) 9417 2745"},{"Postcode":"6163","Name":"L K & N Black","Address":"9 Teece Pl Hamilton Hill WA 6163","Phone number":"(08) 9434 2464"},{"Postcode":"6163","Name":"P W Black","Address":"28 Ivermey Rd Hamilton Hill WA 6163","Phone number":"(04) 2933 1453"},{"Postcode":"6011","Name":"E Black","Address":"34 The Esplanade Peppermint Grove WA 6011","Phone number":"(08) 9384 0149"},{"Postcode":"6011","Name":"R Black","Address":"Rm 17 1 Gibney St Cottesloe WA 6011","Phone number":"(08) 9384 5529"},{"Postcode":"6025","Name":"C Black","Address":"24 Newcombe Way Padbury WA 6025","Phone number":"(08) 9401 7627"},{"Postcode":"6025","Name":"N Black","Address":"4 Fairlight Rse Kallaroo WA 6025","Phone number":"(08) 9403 0835"},{"Postcode":"6009","Name":"C J Black","Address":"33 Webster St Nedlands WA 6009","Phone number":"(08) 9389 9006"},{"Postcode":"6008","Name":"D P Black","Address":"Cambridge St Subiaco WA 6008","Phone number":"(04) 1116 6530"},{"Postcode":"6009","Name":"C J Black","Address":"33 Webster St Nedlands WA 6009","Phone number":"(08) 9389 9006"},{"Postcode":"6230","Name":"D J Black","Address":"52 Forum Way East Bunbury WA 6230","Phone number":"(08) 9721 2151"},{"Postcode":"6230","Name":"V Black#","Address":"60 Picton Rd East Bunbury WA 6230","Phone number":"(08) 9721 6098"},{"Postcode":"6065","Name":"E Black","Address":"1140 Wanneroo Rd Ashby WA 6065","Phone number":"(08) 9405 2446"},{"Postcode":"6065","Name":"G & L Black","Address":"14 Athlone Pl Wanneroo WA 6065","Phone number":"(08) 9301 4475"},{"Postcode":"6065","Name":"R Black","Address":"20 Vinciullo Way Sinagra WA 6065","Phone number":"(08) 9306 8157"},{"Postcode":"6122","Name":"Mr S Black","Address":"10 Wheatley Rd Byford WA 6122","Phone number":"(08) 9525 0144"},{"Postcode":"6230","Name":"D J Black","Address":"52 Forum Way East Bunbury WA 6230","Phone number":"(08) 9721 2151"},{"Postcode":"6230","Name":"V Black#","Address":"60 Picton Rd East Bunbury WA 6230","Phone number":"(08) 9721 6098"},{"Postcode":"6210","Name":"G E Black","Address":"34 Pebble Beach Blv Meadow Springs WA 6210","Phone number":"(08) 9581 6157"},{"Postcode":"6210","Name":"J Black","Address":"63 Baloo Crs Wannanup WA 6210","Phone number":"(08) 9534 6430"},{"Postcode":"6210","Name":"M Black","Address":"5 A Nettle Pl Halls Head WA 6210","Phone number":"(08) 9534 8870"},{"Postcode":"6210","Name":"M R Black","Address":"22 Stinton St Mandurah WA 6210","Phone number":"(04) 1451 1315"},{"Postcode":"6210","Name":"N Black","Address":"273 Peelwood Pde Halls Head WA 6210","Phone number":"(08) 9582 7423"},{"Postcode":"6060","Name":"R Black","Address":"25 Kinsella St Joondanna WA 6060","Phone number":"(08) 9201 2298"},{"Postcode":"6018","Name":"C Florence Black","Address":"Un 2w 24 Pearson St Churchlands WA 6018","Phone number":"(08) 9284 0591"},{"Postcode":"6210","Name":"G E Black","Address":"34 Pebble Beach Blv Meadow Springs WA 6210","Phone number":"(08) 9581 6157"},{"Postcode":"6210","Name":"J Black","Address":"63 Baloo Crs Wannanup WA 6210","Phone number":"(08) 9534 6430"},{"Postcode":"6210","Name":"M Black","Address":"5 A Nettle Pl Halls Head WA 6210","Phone number":"(08) 9534 8870"},{"Postcode":"6210","Name":"M R Black","Address":"22 Stinton St Mandurah WA 6210","Phone number":"(04) 1451 1315"},{"Postcode":"6210","Name":"N Black","Address":"273 Peelwood Pde Halls Head WA 6210","Phone number":"(08) 9582 7423"},{"Postcode":"6023","Name":"N Black","Address":"178 Sequoia Rd Duncraig WA 6023","Phone number":"(08) 9448 3001"},{"Postcode":"6023","Name":"R Black","Address":"49 Melene Rd Duncraig WA 6023","Phone number":"(08) 9447 5798"},{"Postcode":"6230","Name":"D J Black","Address":"52 Forum Way East Bunbury WA 6230","Phone number":"(08) 9721 2151"},{"Postcode":"6230","Name":"V Black#","Address":"60 Picton Rd East Bunbury WA 6230","Phone number":"(08) 9721 6098"},{"Postcode":"6158","Name":"Mrs L Black","Address":"58 Pier St East Fremantle WA 6158","Phone number":"(08) 9339 0943"},{"Postcode":"6232","Name":"D C & J L Black","Address":"Villa 31/ 111 Eaton Drv Eaton WA 6232","Phone number":"(08) 9724 4807"},{"Postcode":"6232","Name":"D T Black","Address":"Villa 55/ 111 Eaton Drv Eaton WA 6232","Phone number":"(08) 9724 4855"},{"Postcode":"6232","Name":"G & R Black","Address":"13 Murchison Pde Millbridge WA 6232","Phone number":"(08) 9725 2742"},{"Postcode":"6069","Name":"D P Black","Address":"33 Mona Vale Loop Ellenbrook WA 6069","Phone number":"(08) 9297 3486"},{"Postcode":"6069","Name":"K M Black","Address":"14 Heathland Tce Ellenbrook WA 6069","Phone number":"(08) 6296 5123"},{"Postcode":"6069","Name":"D P Black","Address":"33 Mona Vale Loop Ellenbrook WA 6069","Phone number":"(08) 9297 3486"},{"Postcode":"6069","Name":"K M Black","Address":"14 Heathland Tce Ellenbrook WA 6069","Phone number":"(08) 6296 5123"},{"Postcode":"6062","Name":"M J Black","Address":"23 Dormans Rd Morley WA 6062","Phone number":"(08) 9276 8476"},{"Postcode":"6062","Name":"R Black","Address":"18 Benara Rd Noranda WA 6062","Phone number":"(08) 9375 5409"},{"Postcode":"6210","Name":"G E Black","Address":"34 Pebble Beach Blv Meadow Springs WA 6210","Phone number":"(08) 9581 6157"},{"Postcode":"6210","Name":"J Black","Address":"63 Baloo Crs Wannanup WA 6210","Phone number":"(08) 9534 6430"},{"Postcode":"6210","Name":"M Black","Address":"5 A Nettle Pl Halls Head WA 6210","Phone number":"(08) 9534 8870"},{"Postcode":"6210","Name":"M R Black","Address":"22 Stinton St Mandurah WA 6210","Phone number":"(04) 1451 1315"},{"Postcode":"6210","Name":"N Black","Address":"273 Peelwood Pde Halls Head WA 6210","Phone number":"(08) 9582 7423"},{"Postcode":"6208","Name":"G Black","Address":"3 Tassell Way Ravenswood WA 6208","Phone number":"(08) 9537 6160"},{"Postcode":"6210","Name":"G E Black","Address":"34 Pebble Beach Blv Meadow Springs WA 6210","Phone number":"(08) 9581 6157"},{"Postcode":"6210","Name":"J Black","Address":"63 Baloo Crs Wannanup WA 6210","Phone number":"(08) 9534 6430"},{"Postcode":"6210","Name":"M Black","Address":"5 A Nettle Pl Halls Head WA 6210","Phone number":"(08) 9534 8870"},{"Postcode":"6210","Name":"M R Black","Address":"22 Stinton St Mandurah WA 6210","Phone number":"(04) 1451 1315"},{"Postcode":"6210","Name":"N Black","Address":"273 Peelwood Pde Halls Head WA 6210","Phone number":"(08) 9582 7423"},{"Postcode":"6148","Name":"Mr K Black","Address":"47 Koolan Drv Shelley WA 6148","Phone number":"(08) 9457 7390"},{"Postcode":"6148","Name":"P & B Black","Address":"206 Ferndale Crs Ferndale WA 6148","Phone number":"(08) 9350 5243"},{"Postcode":"6112","Name":"B L Black","Address":"3 Pleasant Ave Piara Waters WA 6112","Phone number":"(08) 9397 2328"},{"Postcode":"6112","Name":"D S Black","Address":"6 Moore St Wungong WA 6112","Phone number":"(04) 2904 0376"},{"Postcode":"6112","Name":"J Black","Address":"6 Belvoir Rd Hilbert WA 6112","Phone number":"(08) 6244 9461"},{"Postcode":"6112","Name":"L Black","Address":"38 Bedfordale Hill Rd Mt Richon WA 6112","Phone number":"(08) 9497 5883"},{"Postcode":"6112","Name":"O Black","Address":"440 Nicholson Rd Forrestdale WA 6112","Phone number":"(08) 9393 3444"},{"Postcode":"6112","Name":"Y D Black","Address":"15 Marbella Ave Seville Grove WA 6112","Phone number":"(08) 9497 1626"},{"Postcode":"6058","Name":"H Black","Address":"3 Hood St Forrestfield WA 6058","Phone number":"(08) 9453 9341"},{"Postcode":"6160","Name":"L M Black","Address":"Un 21 165 Holland St Fremantle WA 6160","Phone number":"(08) 9335 9984"},{"Postcode":"6210","Name":"G E Black","Address":"34 Pebble Beach Blv Meadow Springs WA 6210","Phone number":"(08) 9581 6157"},{"Postcode":"6210","Name":"J Black","Address":"63 Baloo Crs Wannanup WA 6210","Phone number":"(08) 9534 6430"},{"Postcode":"6210","Name":"M Black","Address":"5 A Nettle Pl Halls Head WA 6210","Phone number":"(08) 9534 8870"},{"Postcode":"6210","Name":"M R Black","Address":"22 Stinton St Mandurah WA 6210","Phone number":"(04) 1451 1315"},{"Postcode":"6210","Name":"N Black","Address":"273 Peelwood Pde Halls Head WA 6210","Phone number":"(08) 9582 7423"},{"Postcode":"6230","Name":"D J Black","Address":"52 Forum Way East Bunbury WA 6230","Phone number":"(08) 9721 2151"},{"Postcode":"6230","Name":"V Black#","Address":"60 Picton Rd East Bunbury WA 6230","Phone number":"(08) 9721 6098"},{"Postcode":"6230","Name":"D J Black","Address":"52 Forum Way East Bunbury WA 6230","Phone number":"(08) 9721 2151"},{"Postcode":"6230","Name":"V Black#","Address":"60 Picton Rd East Bunbury WA 6230","Phone number":"(08) 9721 6098"},{"Postcode":"6023","Name":"N Black","Address":"178 Sequoia Rd Duncraig WA 6023","Phone number":"(08) 9448 3001"},{"Postcode":"6023","Name":"R Black","Address":"49 Melene Rd Duncraig WA 6023","Phone number":"(08) 9447 5798"},{"Postcode":"6065","Name":"E Black","Address":"1140 Wanneroo Rd Ashby WA 6065","Phone number":"(08) 9405 2446"},{"Postcode":"6065","Name":"G & L Black","Address":"14 Athlone Pl Wanneroo WA 6065","Phone number":"(08) 9301 4475"},{"Postcode":"6065","Name":"R Black","Address":"20 Vinciullo Way Sinagra WA 6065","Phone number":"(08) 9306 8157"},{"Postcode":"6210","Name":"G E Black","Address":"34 Pebble Beach Blv Meadow Springs WA 6210","Phone number":"(08) 9581 6157"},{"Postcode":"6210","Name":"J Black","Address":"63 Baloo Crs Wannanup WA 6210","Phone number":"(08) 9534 6430"},{"Postcode":"6210","Name":"M Black","Address":"5 A Nettle Pl Halls Head WA 6210","Phone number":"(08) 9534 8870"},{"Postcode":"6210","Name":"M R Black","Address":"22 Stinton St Mandurah WA 6210","Phone number":"(04) 1451 1315"},{"Postcode":"6210","Name":"N Black","Address":"273 Peelwood Pde Halls Head WA 6210","Phone number":"(08) 9582 7423"},{"Postcode":"6056","Name":"K S Black","Address":"18 Spring Ave Middle Swan WA 6056","Phone number":"(08) 9274 1322"},{"Postcode":"6024","Name":"N Black","Address":"7 Mciness Ct Greenwood WA 6024","Phone number":"(08) 9203 9263"},{"Postcode":"6055","Name":"J & J Black","Address":"2 Barker Rd South Guildford WA 6055","Phone number":"(08) 6278 1025"},{"Postcode":"6018","Name":"C Florence Black","Address":"Un 2w 24 Pearson St Churchlands WA 6018","Phone number":"(08) 9284 0591"},{"Postcode":"6210","Name":"G E Black","Address":"34 Pebble Beach Blv Meadow Springs WA 6210","Phone number":"(08) 9581 6157"},{"Postcode":"6210","Name":"J Black","Address":"63 Baloo Crs Wannanup WA 6210","Phone number":"(08) 9534 6430"},{"Postcode":"6210","Name":"M Black","Address":"5 A Nettle Pl Halls Head WA 6210","Phone number":"(08) 9534 8870"},{"Postcode":"6210","Name":"M R Black","Address":"22 Stinton St Mandurah WA 6210","Phone number":"(04) 1451 1315"},{"Postcode":"6210","Name":"N Black","Address":"273 Peelwood Pde Halls Head WA 6210","Phone number":"(08) 9582 7423"},{"Postcode":"6022","Name":"P Black","Address":"81 Ardleigh Cres Hamersley WA 6022","Phone number":"(04) 1710 7866"},{"Postcode":"6163","Name":"C Black","Address":"10 Hermione Way Coolbellup WA 6163","Phone number":"(08) 9337 7406"},{"Postcode":"6163","Name":"D W Black","Address":"4 Walliabup Way Bibra Lake WA 6163","Phone number":"(08) 9417 2745"},{"Postcode":"6163","Name":"L K & N Black","Address":"9 Teece Pl Hamilton Hill WA 6163","Phone number":"(08) 9434 2464"},{"Postcode":"6163","Name":"P W Black","Address":"28 Ivermey Rd Hamilton Hill WA 6163","Phone number":"(04) 2933 1453"},{"Postcode":"6164","Name":"D G & T Black","Address":"7 Jakovich Cct Atwell WA 6164","Phone number":"(08) 9414 5630"},{"Postcode":"6164","Name":"G Black","Address":"45 Princeton Cct Aubin Grove WA 6164","Phone number":"(08) 9498 6451"},{"Postcode":"6164","Name":"K Black","Address":"15 Lakehurst Way Atwell WA 6164","Phone number":"(08) 9498 7627"},{"Postcode":"6164","Name":"Mrs S Black","Address":"5 Cleland Crt Aubin Grove WA 6164","Phone number":"(08) 9499 4947"},{"Postcode":"6164","Name":"S Black","Address":"29 Mohan Loop Hammond Park WA 6164","Phone number":"(08) 9499 3268"},{"Postcode":"6164","Name":"Tania Black","Address":"101 Lydon Blv Atwell WA 6164","Phone number":"(08) 9414 5365"},{"Postcode":"6055","Name":"J & J Black","Address":"2 Barker Rd South Guildford WA 6055","Phone number":"(08) 6278 1025"},{"Postcode":"6027","Name":"C Black","Address":"14 Castella Way Mullaloo WA 6027","Phone number":"(08) 9402 7602"},{"Postcode":"6056","Name":"K S Black","Address":"18 Spring Ave Middle Swan WA 6056","Phone number":"(08) 9274 1322"},{"Postcode":"6166","Name":"D A & J A Black","Address":"10 Kiesey St Coogee WA 6166","Phone number":"(08) 9418 6687"},{"Postcode":"6166","Name":"W Black","Address":"5 Cyprus Crt Coogee WA 6166","Phone number":"(08) 9434 9675"},{"Postcode":"6055","Name":"J & J Black","Address":"2 Barker Rd South Guildford WA 6055","Phone number":"(08) 6278 1025"},{"Postcode":"6056","Name":"K S Black","Address":"18 Spring Ave Middle Swan WA 6056","Phone number":"(08) 9274 1322"},{"Postcode":"6210","Name":"G E Black","Address":"34 Pebble Beach Blv Meadow Springs WA 6210","Phone number":"(08) 9581 6157"},{"Postcode":"6210","Name":"J Black","Address":"63 Baloo Crs Wannanup WA 6210","Phone number":"(08) 9534 6430"},{"Postcode":"6210","Name":"M Black","Address":"5 A Nettle Pl Halls Head WA 6210","Phone number":"(08) 9534 8870"},{"Postcode":"6210","Name":"M R Black","Address":"22 Stinton St Mandurah WA 6210","Phone number":"(04) 1451 1315"},{"Postcode":"6210","Name":"N Black","Address":"273 Peelwood Pde Halls Head WA 6210","Phone number":"(08) 9582 7423"},{"Postcode":"6057","Name":"A J & D A Black","Address":"4 Foxglove Ave High Wycombe WA 6057","Phone number":"(08) 9454 7047"},{"Postcode":"6025","Name":"C Black","Address":"24 Newcombe Way Padbury WA 6025","Phone number":"(08) 9401 7627"},{"Postcode":"6025","Name":"N Black","Address":"4 Fairlight Rse Kallaroo WA 6025","Phone number":"(08) 9403 0835"},{"Postcode":"6163","Name":"C Black","Address":"10 Hermione Way Coolbellup WA 6163","Phone number":"(08) 9337 7406"},{"Postcode":"6163","Name":"D W Black","Address":"4 Walliabup Way Bibra Lake WA 6163","Phone number":"(08) 9417 2745"},{"Postcode":"6163","Name":"L K & N Black","Address":"9 Teece Pl Hamilton Hill WA 6163","Phone number":"(08) 9434 2464"},{"Postcode":"6163","Name":"P W Black","Address":"28 Ivermey Rd Hamilton Hill WA 6163","Phone number":"(04) 2933 1453"},{"Postcode":"6065","Name":"E Black","Address":"1140 Wanneroo Rd Ashby WA 6065","Phone number":"(08) 9405 2446"},{"Postcode":"6065","Name":"G & L Black","Address":"14 Athlone Pl Wanneroo WA 6065","Phone number":"(08) 9301 4475"},{"Postcode":"6065","Name":"R Black","Address":"20 Vinciullo Way Sinagra WA 6065","Phone number":"(08) 9306 8157"},{"Postcode":"6125","Name":"J Black","Address":"1 Gladstone Drv Serpentine WA 6125","Phone number":"(08) 9525 2173"},{"Postcode":"6018","Name":"C Florence Black","Address":"Un 2w 24 Pearson St Churchlands WA 6018","Phone number":"(08) 9284 0591"},{"Postcode":"6065","Name":"E Black","Address":"1140 Wanneroo Rd Ashby WA 6065","Phone number":"(08) 9405 2446"},{"Postcode":"6065","Name":"G & L Black","Address":"14 Athlone Pl Wanneroo WA 6065","Phone number":"(08) 9301 4475"},{"Postcode":"6065","Name":"R Black","Address":"20 Vinciullo Way Sinagra WA 6065","Phone number":"(08) 9306 8157"},{"Postcode":"6164","Name":"D G & T Black","Address":"7 Jakovich Cct Atwell WA 6164","Phone number":"(08) 9414 5630"},{"Postcode":"6164","Name":"G Black","Address":"45 Princeton Cct Aubin Grove WA 6164","Phone number":"(08) 9498 6451"},{"Postcode":"6164","Name":"K Black","Address":"15 Lakehurst Way Atwell WA 6164","Phone number":"(08) 9498 7627"},{"Postcode":"6164","Name":"Mrs S Black","Address":"5 Cleland Crt Aubin Grove WA 6164","Phone number":"(08) 9499 4947"},{"Postcode":"6164","Name":"S Black","Address":"29 Mohan Loop Hammond Park WA 6164","Phone number":"(08) 9499 3268"},{"Postcode":"6164","Name":"Tania Black","Address":"101 Lydon Blv Atwell WA 6164","Phone number":"(08) 9414 5365"},{"Postcode":"6056","Name":"K S Black","Address":"18 Spring Ave Middle Swan WA 6056","Phone number":"(08) 9274 1322"},{"Postcode":"6027","Name":"C Black","Address":"14 Castella Way Mullaloo WA 6027","Phone number":"(08) 9402 7602"},{"Postcode":"6060","Name":"R Black","Address":"25 Kinsella St Joondanna WA 6060","Phone number":"(08) 9201 2298"},{"Postcode":"6025","Name":"C Black","Address":"24 Newcombe Way Padbury WA 6025","Phone number":"(08) 9401 7627"},{"Postcode":"6025","Name":"N Black","Address":"4 Fairlight Rse Kallaroo WA 6025","Phone number":"(08) 9403 0835"},{"Postcode":"6152","Name":"A Black","Address":"42 Edgewater Rd Salter Point WA 6152","Phone number":"(08) 9450 6393"},{"Postcode":"6163","Name":"C Black","Address":"10 Hermione Way Coolbellup WA 6163","Phone number":"(08) 9337 7406"},{"Postcode":"6163","Name":"D W Black","Address":"4 Walliabup Way Bibra Lake WA 6163","Phone number":"(08) 9417 2745"},{"Postcode":"6163","Name":"L K & N Black","Address":"9 Teece Pl Hamilton Hill WA 6163","Phone number":"(08) 9434 2464"},{"Postcode":"6163","Name":"P W Black","Address":"28 Ivermey Rd Hamilton Hill WA 6163","Phone number":"(04) 2933 1453"},{"Postcode":"6176","Name":"Mrs S Black","Address":"8 Fletcher Rd Karnup WA 6176","Phone number":"(08) 9524 1064"},{"Postcode":"6111","Name":"A Black","Address":"31 Lantana Way Camillo WA 6111","Phone number":"(08) 9390 8161"},{"Postcode":"6111","Name":"B Black","Address":"3 Regina Rd Kelmscott WA 6111","Phone number":"(08) 9390 8606"},{"Postcode":"6111","Name":"Mrs E Black","Address":"KELMSCOTT RIVER GARDENS AGED C 89 Clifton St Kelmscott WA 6111","Phone number":"(08) 9390 6158"},{"Postcode":"6111","Name":"P Black","Address":"37A Westfield Rd Camillo WA 6111","Phone number":"(08) 9390 0818"},{"Postcode":"6111","Name":"R L & H J Black","Address":"22 Gunnamatta Pl Kelmscott WA 6111","Phone number":"(08) 9390 9606"},{"Postcode":"6010","Name":"M A Black","Address":"24 Arenga Crt Mt Claremont WA 6010","Phone number":"(08) 9384 3028"},{"Postcode":"6122","Name":"Mr S Black","Address":"10 Wheatley Rd Byford WA 6122","Phone number":"(08) 9525 0144"},{"Postcode":"6018","Name":"C Florence Black","Address":"Un 2w 24 Pearson St Churchlands WA 6018","Phone number":"(08) 9284 0591"},{"Postcode":"6111","Name":"A Black","Address":"31 Lantana Way Camillo WA 6111","Phone number":"(08) 9390 8161"},{"Postcode":"6111","Name":"B Black","Address":"3 Regina Rd Kelmscott WA 6111","Phone number":"(08) 9390 8606"},{"Postcode":"6111","Name":"Mrs E Black","Address":"KELMSCOTT RIVER GARDENS AGED C 89 Clifton St Kelmscott WA 6111","Phone number":"(08) 9390 6158"},{"Postcode":"6111","Name":"P Black","Address":"37A Westfield Rd Camillo WA 6111","Phone number":"(08) 9390 0818"},{"Postcode":"6111","Name":"R L & H J Black","Address":"22 Gunnamatta Pl Kelmscott WA 6111","Phone number":"(08) 9390 9606"},{"Postcode":"6151","Name":"I Black","Address":"6 Norton St South Perth WA 6151","Phone number":"(08) 9367 1828"},{"Postcode":"6005","Name":"R H & S M Black","Address":"45 Ord St West Perth WA 6005","Phone number":"(08) 9226 0848"},{"Postcode":"6065","Name":"E Black","Address":"1140 Wanneroo Rd Ashby WA 6065","Phone number":"(08) 9405 2446"},{"Postcode":"6065","Name":"G & L Black","Address":"14 Athlone Pl Wanneroo WA 6065","Phone number":"(08) 9301 4475"},{"Postcode":"6065","Name":"R Black","Address":"20 Vinciullo Way Sinagra WA 6065","Phone number":"(08) 9306 8157"},{"Postcode":"6056","Name":"K S Black","Address":"18 Spring Ave Middle Swan WA 6056","Phone number":"(08) 9274 1322"},{"Postcode":"6167","Name":"C M Black","Address":"22 Camfield Loop Parmelia WA 6167","Phone number":"(08) 9439 4792"},{"Postcode":"6167","Name":"C M Black","Address":"22 Camfield Loop Parmelia WA 6167","Phone number":"(08) 9439 4792"},{"Postcode":"6210","Name":"G E Black","Address":"34 Pebble Beach Blv Meadow Springs WA 6210","Phone number":"(08) 9581 6157"},{"Postcode":"6210","Name":"J Black","Address":"63 Baloo Crs Wannanup WA 6210","Phone number":"(08) 9534 6430"},{"Postcode":"6210","Name":"M Black","Address":"5 A Nettle Pl Halls Head WA 6210","Phone number":"(08) 9534 8870"},{"Postcode":"6210","Name":"M R Black","Address":"22 Stinton St Mandurah WA 6210","Phone number":"(04) 1451 1315"},{"Postcode":"6210","Name":"N Black","Address":"273 Peelwood Pde Halls Head WA 6210","Phone number":"(08) 9582 7423"},{"Postcode":"6065","Name":"E Black","Address":"1140 Wanneroo Rd Ashby WA 6065","Phone number":"(08) 9405 2446"},{"Postcode":"6065","Name":"G & L Black","Address":"14 Athlone Pl Wanneroo WA 6065","Phone number":"(08) 9301 4475"},{"Postcode":"6065","Name":"R Black","Address":"20 Vinciullo Way Sinagra WA 6065","Phone number":"(08) 9306 8157"},{"Postcode":"6100","Name":"S Black","Address":"48 Gresham St Victoria Park WA 6100","Phone number":"(08) 9355 1905"},{"Postcode":"6007","Name":"D W & P A Black","Address":"49 Salisbury St Leederville WA 6007","Phone number":"(08) 9443 3335"},{"Postcode":"6149","Name":"A Black","Address":"49 Gracechurch Crs Leeming WA 6149","Phone number":"(08) 9332 0291"},{"Postcode":"6149","Name":"P Black","Address":"74 Aulberry Pde Leeming WA 6149","Phone number":"(04) 2805 5503"},{"Postcode":"6149","Name":"W Black","Address":"4 Blaize Cl Leeming WA 6149","Phone number":"(08) 9310 2045"},{"Postcode":"6233","Name":"A T & L E Black","Address":"2 Maria Crt Australind WA 6233","Phone number":"(08) 9796 1193"},{"Postcode":"6233","Name":"C D & J M Black","Address":"16 Gannett La Australind WA 6233","Phone number":"(08) 9725 8832"},{"Postcode":"6233","Name":"J Black","Address":"U 3 35 Wakefield Cres Australind WA 6233","Phone number":"(08) 9797 1920"},{"Postcode":"6233","Name":"K Black","Address":"89 Macquarie Dr Australind WA 6233","Phone number":"(08) 9725 8058"},{"Postcode":"6233","Name":"P D & D J Black","Address":"13 Watermass Pl Leschenault WA 6233","Phone number":"(08) 9725 8348"},{"Postcode":"6233","Name":"Z Black","Address":"40 Glenfield Dr Australind WA 6233","Phone number":"(08) 9796 1643"},{"Postcode":"6065","Name":"E Black","Address":"1140 Wanneroo Rd Ashby WA 6065","Phone number":"(08) 9405 2446"},{"Postcode":"6065","Name":"G & L Black","Address":"14 Athlone Pl Wanneroo WA 6065","Phone number":"(08) 9301 4475"},{"Postcode":"6065","Name":"R Black","Address":"20 Vinciullo Way Sinagra WA 6065","Phone number":"(08) 9306 8157"},{"Postcode":"6084","Name":"K Black","Address":"201 Leschenaultia Drv Chittering WA 6084","Phone number":"(08) 9571 4596"},{"Postcode":"6147","Name":"L Black","Address":"16 Edgeware St Lynwood WA 6147","Phone number":"(08) 9258 7723"},{"Postcode":"6109","Name":"C J Black","Address":"Un 2 6 Auric Pl Maddington WA 6109","Phone number":"(08) 9452 3117"},{"Postcode":"6065","Name":"E Black","Address":"1140 Wanneroo Rd Ashby WA 6065","Phone number":"(08) 9405 2446"},{"Postcode":"6065","Name":"G & L Black","Address":"14 Athlone Pl Wanneroo WA 6065","Phone number":"(08) 9301 4475"},{"Postcode":"6065","Name":"R Black","Address":"20 Vinciullo Way Sinagra WA 6065","Phone number":"(08) 9306 8157"},{"Postcode":"6210","Name":"G E Black","Address":"34 Pebble Beach Blv Meadow Springs WA 6210","Phone number":"(08) 9581 6157"},{"Postcode":"6210","Name":"J Black","Address":"63 Baloo Crs Wannanup WA 6210","Phone number":"(08) 9534 6430"},{"Postcode":"6210","Name":"M Black","Address":"5 A Nettle Pl Halls Head WA 6210","Phone number":"(08) 9534 8870"},{"Postcode":"6210","Name":"M R Black","Address":"22 Stinton St Mandurah WA 6210","Phone number":"(04) 1451 1315"},{"Postcode":"6210","Name":"N Black","Address":"273 Peelwood Pde Halls Head WA 6210","Phone number":"(08) 9582 7423"},{"Postcode":"6057","Name":"A J & D A Black","Address":"4 Foxglove Ave High Wycombe WA 6057","Phone number":"(08) 9454 7047"},{"Postcode":"6167","Name":"C M Black","Address":"22 Camfield Loop Parmelia WA 6167","Phone number":"(08) 9439 4792"},{"Postcode":"6210","Name":"G E Black","Address":"34 Pebble Beach Blv Meadow Springs WA 6210","Phone number":"(08) 9581 6157"},{"Postcode":"6210","Name":"J Black","Address":"63 Baloo Crs Wannanup WA 6210","Phone number":"(08) 9534 6430"},{"Postcode":"6210","Name":"M Black","Address":"5 A Nettle Pl Halls Head WA 6210","Phone number":"(08) 9534 8870"},{"Postcode":"6210","Name":"M R Black","Address":"22 Stinton St Mandurah WA 6210","Phone number":"(04) 1451 1315"},{"Postcode":"6210","Name":"N Black","Address":"273 Peelwood Pde Halls Head WA 6210","Phone number":"(08) 9582 7423"},{"Postcode":"6210","Name":"G E Black","Address":"34 Pebble Beach Blv Meadow Springs WA 6210","Phone number":"(08) 9581 6157"},{"Postcode":"6210","Name":"J Black","Address":"63 Baloo Crs Wannanup WA 6210","Phone number":"(08) 9534 6430"},{"Postcode":"6210","Name":"M Black","Address":"5 A Nettle Pl Halls Head WA 6210","Phone number":"(08) 9534 8870"},{"Postcode":"6210","Name":"M R Black","Address":"22 Stinton St Mandurah WA 6210","Phone number":"(04) 1451 1315"},{"Postcode":"6210","Name":"N Black","Address":"273 Peelwood Pde Halls Head WA 6210","Phone number":"(08) 9582 7423"},{"Postcode":"6210","Name":"G E Black","Address":"34 Pebble Beach Blv Meadow Springs WA 6210","Phone number":"(08) 9581 6157"},{"Postcode":"6210","Name":"J Black","Address":"63 Baloo Crs Wannanup WA 6210","Phone number":"(08) 9534 6430"},{"Postcode":"6210","Name":"M Black","Address":"5 A Nettle Pl Halls Head WA 6210","Phone number":"(08) 9534 8870"},{"Postcode":"6210","Name":"M R Black","Address":"22 Stinton St Mandurah WA 6210","Phone number":"(04) 1451 1315"},{"Postcode":"6210","Name":"N Black","Address":"273 Peelwood Pde Halls Head WA 6210","Phone number":"(08) 9582 7423"},{"Postcode":"6152","Name":"A Black","Address":"42 Edgewater Rd Salter Point WA 6152","Phone number":"(08) 9450 6393"},{"Postcode":"6125","Name":"J Black","Address":"1 Gladstone Drv Serpentine WA 6125","Phone number":"(08) 9525 2173"},{"Postcode":"6065","Name":"E Black","Address":"1140 Wanneroo Rd Ashby WA 6065","Phone number":"(08) 9405 2446"},{"Postcode":"6065","Name":"G & L Black","Address":"14 Athlone Pl Wanneroo WA 6065","Phone number":"(08) 9301 4475"},{"Postcode":"6065","Name":"R Black","Address":"20 Vinciullo Way Sinagra WA 6065","Phone number":"(08) 9306 8157"},{"Postcode":"6020","Name":"T B Black","Address":"Un 104 7 Harman Rd Sorrento WA 6020","Phone number":"(08) 9447 9147"},{"Postcode":"6051","Name":"I B Black","Address":"21 Joseph St Maylands WA 6051","Phone number":"(08) 9371 8664"},{"Postcode":"6210","Name":"G E Black","Address":"34 Pebble Beach Blv Meadow Springs WA 6210","Phone number":"(08) 9581 6157"},{"Postcode":"6210","Name":"J Black","Address":"63 Baloo Crs Wannanup WA 6210","Phone number":"(08) 9534 6430"},{"Postcode":"6210","Name":"M Black","Address":"5 A Nettle Pl Halls Head WA 6210","Phone number":"(08) 9534 8870"},{"Postcode":"6210","Name":"M R Black","Address":"22 Stinton St Mandurah WA 6210","Phone number":"(04) 1451 1315"},{"Postcode":"6210","Name":"N Black","Address":"273 Peelwood Pde Halls Head WA 6210","Phone number":"(08) 9582 7423"},{"Postcode":"6167","Name":"C M Black","Address":"22 Camfield Loop Parmelia WA 6167","Phone number":"(08) 9439 4792"},{"Postcode":"6208","Name":"G Black","Address":"3 Tassell Way Ravenswood WA 6208","Phone number":"(08) 9537 6160"},{"Postcode":"6065","Name":"E Black","Address":"1140 Wanneroo Rd Ashby WA 6065","Phone number":"(08) 9405 2446"},{"Postcode":"6065","Name":"G & L Black","Address":"14 Athlone Pl Wanneroo WA 6065","Phone number":"(08) 9301 4475"},{"Postcode":"6065","Name":"R Black","Address":"20 Vinciullo Way Sinagra WA 6065","Phone number":"(08) 9306 8157"},{"Postcode":"6030","Name":"M Black","Address":"8 Nicholas Ave Quinns Rocks WA 6030","Phone number":"(08) 9305 1851"},{"Postcode":"6056","Name":"K S Black","Address":"18 Spring Ave Middle Swan WA 6056","Phone number":"(08) 9274 1322"},{"Postcode":"6056","Name":"K S Black","Address":"18 Spring Ave Middle Swan WA 6056","Phone number":"(08) 9274 1322"},{"Postcode":"6056","Name":"K S Black","Address":"18 Spring Ave Middle Swan WA 6056","Phone number":"(08) 9274 1322"},{"Postcode":"6232","Name":"D C & J L Black","Address":"Villa 31/ 111 Eaton Drv Eaton WA 6232","Phone number":"(08) 9724 4807"},{"Postcode":"6232","Name":"D T Black","Address":"Villa 55/ 111 Eaton Drv Eaton WA 6232","Phone number":"(08) 9724 4855"},{"Postcode":"6232","Name":"G & R Black","Address":"13 Murchison Pde Millbridge WA 6232","Phone number":"(08) 9725 2742"},{"Postcode":"6056","Name":"K S Black","Address":"18 Spring Ave Middle Swan WA 6056","Phone number":"(08) 9274 1322"},{"Postcode":"6030","Name":"M Black","Address":"8 Nicholas Ave Quinns Rocks WA 6030","Phone number":"(08) 9305 1851"},{"Postcode":"6062","Name":"M J Black","Address":"23 Dormans Rd Morley WA 6062","Phone number":"(08) 9276 8476"},{"Postcode":"6062","Name":"R Black","Address":"18 Benara Rd Noranda WA 6062","Phone number":"(08) 9375 5409"},{"Postcode":"6012","Name":"R Black","Address":"33 Owston St Mosman Park WA 6012","Phone number":"(04) 2719 7343"},{"Postcode":"6012","Name":"R Black","Address":"33 Owston St Mosman Park WA 6012","Phone number":"(08) 9384 9004"},{"Postcode":"6010","Name":"M A Black","Address":"24 Arenga Crt Mt Claremont WA 6010","Phone number":"(08) 9384 3028"},{"Postcode":"6112","Name":"B L Black","Address":"3 Pleasant Ave Piara Waters WA 6112","Phone number":"(08) 9397 2328"},{"Postcode":"6112","Name":"D S Black","Address":"6 Moore St Wungong WA 6112","Phone number":"(04) 2904 0376"},{"Postcode":"6112","Name":"J Black","Address":"6 Belvoir Rd Hilbert WA 6112","Phone number":"(08) 6244 9461"},{"Postcode":"6112","Name":"L Black","Address":"38 Bedfordale Hill Rd Mt Richon WA 6112","Phone number":"(08) 9497 5883"},{"Postcode":"6112","Name":"O Black","Address":"440 Nicholson Rd Forrestdale WA 6112","Phone number":"(08) 9393 3444"},{"Postcode":"6112","Name":"Y D Black","Address":"15 Marbella Ave Seville Grove WA 6112","Phone number":"(08) 9497 1626"},{"Postcode":"6153","Name":"K R Black","Address":"18A Simpson St Applecross WA 6153","Phone number":"(08) 9315 4505"},{"Postcode":"6153","Name":"R Black","Address":"6 Springside Ave Mt Pleasant WA 6153","Phone number":"(08) 9316 0507"},{"Postcode":"6112","Name":"B L Black","Address":"3 Pleasant Ave Piara Waters WA 6112","Phone number":"(08) 9397 2328"},{"Postcode":"6112","Name":"D S Black","Address":"6 Moore St Wungong WA 6112","Phone number":"(04) 2904 0376"},{"Postcode":"6112","Name":"J Black","Address":"6 Belvoir Rd Hilbert WA 6112","Phone number":"(08) 6244 9461"},{"Postcode":"6112","Name":"L Black","Address":"38 Bedfordale Hill Rd Mt Richon WA 6112","Phone number":"(08) 9497 5883"},{"Postcode":"6112","Name":"O Black","Address":"440 Nicholson Rd Forrestdale WA 6112","Phone number":"(08) 9393 3444"},{"Postcode":"6112","Name":"Y D Black","Address":"15 Marbella Ave Seville Grove WA 6112","Phone number":"(08) 9497 1626"},{"Postcode":"6027","Name":"C Black","Address":"14 Castella Way Mullaloo WA 6027","Phone number":"(08) 9402 7602"},{"Postcode":"6166","Name":"D A & J A Black","Address":"10 Kiesey St Coogee WA 6166","Phone number":"(08) 9418 6687"},{"Postcode":"6166","Name":"W Black","Address":"5 Cyprus Crt Coogee WA 6166","Phone number":"(08) 9434 9675"},{"Postcode":"6009","Name":"C J Black","Address":"33 Webster St Nedlands WA 6009","Phone number":"(08) 9389 9006"},{"Postcode":"6031","Name":"S Black","Address":"86 Houghton Drv Carramar WA 6031","Phone number":"(08) 9206 5567"},{"Postcode":"6208","Name":"G Black","Address":"3 Tassell Way Ravenswood WA 6208","Phone number":"(08) 9537 6160"},{"Postcode":"6062","Name":"M J Black","Address":"23 Dormans Rd Morley WA 6062","Phone number":"(08) 9276 8476"},{"Postcode":"6062","Name":"R Black","Address":"18 Benara Rd Noranda WA 6062","Phone number":"(08) 9375 5409"},{"Postcode":"6020","Name":"T B Black","Address":"Un 104 7 Harman Rd Sorrento WA 6020","Phone number":"(08) 9447 9147"},{"Postcode":"6163","Name":"C Black","Address":"10 Hermione Way Coolbellup WA 6163","Phone number":"(08) 9337 7406"},{"Postcode":"6163","Name":"D W Black","Address":"4 Walliabup Way Bibra Lake WA 6163","Phone number":"(08) 9417 2745"},{"Postcode":"6163","Name":"L K & N Black","Address":"9 Teece Pl Hamilton Hill WA 6163","Phone number":"(08) 9434 2464"},{"Postcode":"6163","Name":"P W Black","Address":"28 Ivermey Rd Hamilton Hill WA 6163","Phone number":"(04) 2933 1453"},{"Postcode":"6006","Name":"G Black","Address":"23 Richmond St North Perth WA 6006","Phone number":"(04) 1493 2825"},{"Postcode":"6208","Name":"G Black","Address":"3 Tassell Way Ravenswood WA 6208","Phone number":"(08) 9537 6160"},{"Postcode":"6163","Name":"C Black","Address":"10 Hermione Way Coolbellup WA 6163","Phone number":"(08) 9337 7406"},{"Postcode":"6163","Name":"D W Black","Address":"4 Walliabup Way Bibra Lake WA 6163","Phone number":"(08) 9417 2745"},{"Postcode":"6163","Name":"L K & N Black","Address":"9 Teece Pl Hamilton Hill WA 6163","Phone number":"(08) 9434 2464"},{"Postcode":"6163","Name":"P W Black","Address":"28 Ivermey Rd Hamilton Hill WA 6163","Phone number":"(04) 2933 1453"},{"Postcode":"6208","Name":"G Black","Address":"3 Tassell Way Ravenswood WA 6208","Phone number":"(08) 9537 6160"},{"Postcode":"6027","Name":"C Black","Address":"14 Castella Way Mullaloo WA 6027","Phone number":"(08) 9402 7602"},{"Postcode":"6109","Name":"C J Black","Address":"Un 2 6 Auric Pl Maddington WA 6109","Phone number":"(08) 9452 3117"},{"Postcode":"6167","Name":"C M Black","Address":"22 Camfield Loop Parmelia WA 6167","Phone number":"(08) 9439 4792"},{"Postcode":"6025","Name":"C Black","Address":"24 Newcombe Way Padbury WA 6025","Phone number":"(08) 9401 7627"},{"Postcode":"6025","Name":"N Black","Address":"4 Fairlight Rse Kallaroo WA 6025","Phone number":"(08) 9403 0835"},{"Postcode":"6233","Name":"A T & L E Black","Address":"2 Maria Crt Australind WA 6233","Phone number":"(08) 9796 1193"},{"Postcode":"6233","Name":"C D & J M Black","Address":"16 Gannett La Australind WA 6233","Phone number":"(08) 9725 8832"},{"Postcode":"6233","Name":"J Black","Address":"U 3 35 Wakefield Cres Australind WA 6233","Phone number":"(08) 9797 1920"},{"Postcode":"6233","Name":"K Black","Address":"89 Macquarie Dr Australind WA 6233","Phone number":"(08) 9725 8058"},{"Postcode":"6233","Name":"P D & D J Black","Address":"13 Watermass Pl Leschenault WA 6233","Phone number":"(08) 9725 8348"},{"Postcode":"6233","Name":"Z Black","Address":"40 Glenfield Dr Australind WA 6233","Phone number":"(08) 9796 1643"},{"Postcode":"6210","Name":"G E Black","Address":"34 Pebble Beach Blv Meadow Springs WA 6210","Phone number":"(08) 9581 6157"},{"Postcode":"6210","Name":"J Black","Address":"63 Baloo Crs Wannanup WA 6210","Phone number":"(08) 9534 6430"},{"Postcode":"6210","Name":"M Black","Address":"5 A Nettle Pl Halls Head WA 6210","Phone number":"(08) 9534 8870"},{"Postcode":"6210","Name":"M R Black","Address":"22 Stinton St Mandurah WA 6210","Phone number":"(04) 1451 1315"},{"Postcode":"6210","Name":"N Black","Address":"273 Peelwood Pde Halls Head WA 6210","Phone number":"(08) 9582 7423"},{"Postcode":"6167","Name":"C M Black","Address":"22 Camfield Loop Parmelia WA 6167","Phone number":"(08) 9439 4792"},{"Postcode":"6065","Name":"E Black","Address":"1140 Wanneroo Rd Ashby WA 6065","Phone number":"(08) 9405 2446"},{"Postcode":"6065","Name":"G & L Black","Address":"14 Athlone Pl Wanneroo WA 6065","Phone number":"(08) 9301 4475"},{"Postcode":"6065","Name":"R Black","Address":"20 Vinciullo Way Sinagra WA 6065","Phone number":"(08) 9306 8157"},{"Postcode":"6230","Name":"D J Black","Address":"52 Forum Way East Bunbury WA 6230","Phone number":"(08) 9721 2151"},{"Postcode":"6230","Name":"V Black#","Address":"60 Picton Rd East Bunbury WA 6230","Phone number":"(08) 9721 6098"},{"Postcode":"6011","Name":"E Black","Address":"34 The Esplanade Peppermint Grove WA 6011","Phone number":"(08) 9384 0149"},{"Postcode":"6011","Name":"R Black","Address":"Rm 17 1 Gibney St Cottesloe WA 6011","Phone number":"(08) 9384 5529"},{"Postcode":"6065","Name":"E Black","Address":"1140 Wanneroo Rd Ashby WA 6065","Phone number":"(08) 9405 2446"},{"Postcode":"6065","Name":"G & L Black","Address":"14 Athlone Pl Wanneroo WA 6065","Phone number":"(08) 9301 4475"},{"Postcode":"6065","Name":"R Black","Address":"20 Vinciullo Way Sinagra WA 6065","Phone number":"(08) 9306 8157"},{"Postcode":"6208","Name":"G Black","Address":"3 Tassell Way Ravenswood WA 6208","Phone number":"(08) 9537 6160"},{"Postcode":"6208","Name":"G Black","Address":"3 Tassell Way Ravenswood WA 6208","Phone number":"(08) 9537 6160"},{"Postcode":"6172","Name":"M Black","Address":"3 Freeling Rd Port Kennedy WA 6172","Phone number":"(08) 9594 0899"},{"Postcode":"6167","Name":"C M Black","Address":"22 Camfield Loop Parmelia WA 6167","Phone number":"(08) 9439 4792"},{"Postcode":"6208","Name":"G Black","Address":"3 Tassell Way Ravenswood WA 6208","Phone number":"(08) 9537 6160"},{"Postcode":"6056","Name":"K S Black","Address":"18 Spring Ave Middle Swan WA 6056","Phone number":"(08) 9274 1322"},{"Postcode":"6030","Name":"M Black","Address":"8 Nicholas Ave Quinns Rocks WA 6030","Phone number":"(08) 9305 1851"},{"Postcode":"6148","Name":"Mr K Black","Address":"47 Koolan Drv Shelley WA 6148","Phone number":"(08) 9457 7390"},{"Postcode":"6148","Name":"P & B Black","Address":"206 Ferndale Crs Ferndale WA 6148","Phone number":"(08) 9350 5243"},{"Postcode":"6103","Name":"K M Black","Address":"83 St Kilda Rd Rivervale WA 6103","Phone number":"(08) 9361 2667"},{"Postcode":"6111","Name":"A Black","Address":"31 Lantana Way Camillo WA 6111","Phone number":"(08) 9390 8161"},{"Postcode":"6111","Name":"B Black","Address":"3 Regina Rd Kelmscott WA 6111","Phone number":"(08) 9390 8606"},{"Postcode":"6111","Name":"Mrs E Black","Address":"KELMSCOTT RIVER GARDENS AGED C 89 Clifton St Kelmscott WA 6111","Phone number":"(08) 9390 6158"},{"Postcode":"6111","Name":"P Black","Address":"37A Westfield Rd Camillo WA 6111","Phone number":"(08) 9390 0818"},{"Postcode":"6111","Name":"R L & H J Black","Address":"22 Gunnamatta Pl Kelmscott WA 6111","Phone number":"(08) 9390 9606"},{"Postcode":"6148","Name":"Mr K Black","Address":"47 Koolan Drv Shelley WA 6148","Phone number":"(08) 9457 7390"},{"Postcode":"6148","Name":"P & B Black","Address":"206 Ferndale Crs Ferndale WA 6148","Phone number":"(08) 9350 5243"},{"Postcode":"6169","Name":"A Black","Address":"Un 5 4 Marlo Pl Waikiki WA 6169","Phone number":"(08) 9592 9405"},{"Postcode":"6169","Name":"R L Black","Address":"16b Dempster Rd Shoalwater WA 6169","Phone number":"(08) 9592 6441"},{"Postcode":"6169","Name":"W Black","Address":"41 Virginia Pl Waikiki WA 6169","Phone number":"(04) 1985 1202"},{"Postcode":"6169","Name":"W Black","Address":"41 Virginia Pl Waikiki WA 6169","Phone number":"(08) 9527 4330"},{"Postcode":"6152","Name":"A Black","Address":"42 Edgewater Rd Salter Point WA 6152","Phone number":"(08) 9450 6393"},{"Postcode":"6163","Name":"C Black","Address":"10 Hermione Way Coolbellup WA 6163","Phone number":"(08) 9337 7406"},{"Postcode":"6163","Name":"D W Black","Address":"4 Walliabup Way Bibra Lake WA 6163","Phone number":"(08) 9417 2745"},{"Postcode":"6163","Name":"L K & N Black","Address":"9 Teece Pl Hamilton Hill WA 6163","Phone number":"(08) 9434 2464"},{"Postcode":"6163","Name":"P W Black","Address":"28 Ivermey Rd Hamilton Hill WA 6163","Phone number":"(04) 2933 1453"},{"Postcode":"6210","Name":"G E Black","Address":"34 Pebble Beach Blv Meadow Springs WA 6210","Phone number":"(08) 9581 6157"},{"Postcode":"6210","Name":"J Black","Address":"63 Baloo Crs Wannanup WA 6210","Phone number":"(08) 9534 6430"},{"Postcode":"6210","Name":"M Black","Address":"5 A Nettle Pl Halls Head WA 6210","Phone number":"(08) 9534 8870"},{"Postcode":"6210","Name":"M R Black","Address":"22 Stinton St Mandurah WA 6210","Phone number":"(04) 1451 1315"},{"Postcode":"6210","Name":"N Black","Address":"273 Peelwood Pde Halls Head WA 6210","Phone number":"(08) 9582 7423"},{"Postcode":"6125","Name":"J Black","Address":"1 Gladstone Drv Serpentine WA 6125","Phone number":"(08) 9525 2173"},{"Postcode":"6112","Name":"B L Black","Address":"3 Pleasant Ave Piara Waters WA 6112","Phone number":"(08) 9397 2328"},{"Postcode":"6112","Name":"D S Black","Address":"6 Moore St Wungong WA 6112","Phone number":"(04) 2904 0376"},{"Postcode":"6112","Name":"J Black","Address":"6 Belvoir Rd Hilbert WA 6112","Phone number":"(08) 6244 9461"},{"Postcode":"6112","Name":"L Black","Address":"38 Bedfordale Hill Rd Mt Richon WA 6112","Phone number":"(08) 9497 5883"},{"Postcode":"6112","Name":"O Black","Address":"440 Nicholson Rd Forrestdale WA 6112","Phone number":"(08) 9393 3444"},{"Postcode":"6112","Name":"Y D Black","Address":"15 Marbella Ave Seville Grove WA 6112","Phone number":"(08) 9497 1626"},{"Postcode":"6148","Name":"Mr K Black","Address":"47 Koolan Drv Shelley WA 6148","Phone number":"(08) 9457 7390"},{"Postcode":"6148","Name":"P & B Black","Address":"206 Ferndale Crs Ferndale WA 6148","Phone number":"(08) 9350 5243"},{"Postcode":"6008","Name":"D P Black","Address":"Cambridge St Subiaco WA 6008","Phone number":"(04) 1116 6530"},{"Postcode":"6169","Name":"A Black","Address":"Un 5 4 Marlo Pl Waikiki WA 6169","Phone number":"(08) 9592 9405"},{"Postcode":"6169","Name":"R L Black","Address":"16b Dempster Rd Shoalwater WA 6169","Phone number":"(08) 9592 6441"},{"Postcode":"6169","Name":"W Black","Address":"41 Virginia Pl Waikiki WA 6169","Phone number":"(04) 1985 1202"},{"Postcode":"6169","Name":"W Black","Address":"41 Virginia Pl Waikiki WA 6169","Phone number":"(08) 9527 4330"},{"Postcode":"6210","Name":"G E Black","Address":"34 Pebble Beach Blv Meadow Springs WA 6210","Phone number":"(08) 9581 6157"},{"Postcode":"6210","Name":"J Black","Address":"63 Baloo Crs Wannanup WA 6210","Phone number":"(08) 9534 6430"},{"Postcode":"6210","Name":"M Black","Address":"5 A Nettle Pl Halls Head WA 6210","Phone number":"(08) 9534 8870"},{"Postcode":"6210","Name":"M R Black","Address":"22 Stinton St Mandurah WA 6210","Phone number":"(04) 1451 1315"},{"Postcode":"6210","Name":"N Black","Address":"273 Peelwood Pde Halls Head WA 6210","Phone number":"(08) 9582 7423"},{"Postcode":"6065","Name":"E Black","Address":"1140 Wanneroo Rd Ashby WA 6065","Phone number":"(08) 9405 2446"},{"Postcode":"6065","Name":"G & L Black","Address":"14 Athlone Pl Wanneroo WA 6065","Phone number":"(08) 9301 4475"},{"Postcode":"6065","Name":"R Black","Address":"20 Vinciullo Way Sinagra WA 6065","Phone number":"(08) 9306 8157"},{"Postcode":"6175","Name":"Mr A Black","Address":"9 Horizon Cres Singleton WA 6175","Phone number":"(08) 9537 3972"},{"Postcode":"6020","Name":"T B Black","Address":"Un 104 7 Harman Rd Sorrento WA 6020","Phone number":"(08) 9447 9147"},{"Postcode":"6230","Name":"D J Black","Address":"52 Forum Way East Bunbury WA 6230","Phone number":"(08) 9721 2151"},{"Postcode":"6230","Name":"V Black#","Address":"60 Picton Rd East Bunbury WA 6230","Phone number":"(08) 9721 6098"},{"Postcode":"6162","Name":"E Black","Address":"9 Newmarket St Beaconsfield WA 6162","Phone number":"(04) 3331 3661"},{"Postcode":"6162","Name":"J Black","Address":"26 B Lilly St South Fremantle WA 6162","Phone number":"(08) 9433 2274"},{"Postcode":"6162","Name":"S H Black","Address":"16 Hulbert St South Fremantle WA 6162","Phone number":"(08) 9335 5408"},{"Postcode":"6055","Name":"J & J Black","Address":"2 Barker Rd South Guildford WA 6055","Phone number":"(08) 6278 1025"},{"Postcode":"6164","Name":"D G & T Black","Address":"7 Jakovich Cct Atwell WA 6164","Phone number":"(08) 9414 5630"},{"Postcode":"6164","Name":"G Black","Address":"45 Princeton Cct Aubin Grove WA 6164","Phone number":"(08) 9498 6451"},{"Postcode":"6164","Name":"K Black","Address":"15 Lakehurst Way Atwell WA 6164","Phone number":"(08) 9498 7627"},{"Postcode":"6164","Name":"Mrs S Black","Address":"5 Cleland Crt Aubin Grove WA 6164","Phone number":"(08) 9499 4947"},{"Postcode":"6164","Name":"S Black","Address":"29 Mohan Loop Hammond Park WA 6164","Phone number":"(08) 9499 3268"},{"Postcode":"6164","Name":"Tania Black","Address":"101 Lydon Blv Atwell WA 6164","Phone number":"(08) 9414 5365"},{"Postcode":"6151","Name":"I Black","Address":"6 Norton St South Perth WA 6151","Phone number":"(08) 9367 1828"},{"Postcode":"6208","Name":"G Black","Address":"3 Tassell Way Ravenswood WA 6208","Phone number":"(08) 9537 6160"},{"Postcode":"6163","Name":"C Black","Address":"10 Hermione Way Coolbellup WA 6163","Phone number":"(08) 9337 7406"},{"Postcode":"6163","Name":"D W Black","Address":"4 Walliabup Way Bibra Lake WA 6163","Phone number":"(08) 9417 2745"},{"Postcode":"6163","Name":"L K & N Black","Address":"9 Teece Pl Hamilton Hill WA 6163","Phone number":"(08) 9434 2464"},{"Postcode":"6163","Name":"P W Black","Address":"28 Ivermey Rd Hamilton Hill WA 6163","Phone number":"(04) 2933 1453"},{"Postcode":"6210","Name":"G E Black","Address":"34 Pebble Beach Blv Meadow Springs WA 6210","Phone number":"(08) 9581 6157"},{"Postcode":"6210","Name":"J Black","Address":"63 Baloo Crs Wannanup WA 6210","Phone number":"(08) 9534 6430"},{"Postcode":"6210","Name":"M Black","Address":"5 A Nettle Pl Halls Head WA 6210","Phone number":"(08) 9534 8870"},{"Postcode":"6210","Name":"M R Black","Address":"22 Stinton St Mandurah WA 6210","Phone number":"(04) 1451 1315"},{"Postcode":"6210","Name":"N Black","Address":"273 Peelwood Pde Halls Head WA 6210","Phone number":"(08) 9582 7423"},{"Postcode":"6021","Name":"G Black","Address":"3B Barker Ave Balcatta WA 6021","Phone number":"(08) 9440 3023"},{"Postcode":"6021","Name":"V Black","Address":"313 Main St Balcatta WA 6021","Phone number":"(08) 9349 9249"},{"Postcode":"6056","Name":"K S Black","Address":"18 Spring Ave Middle Swan WA 6056","Phone number":"(08) 9274 1322"},{"Postcode":"6008","Name":"D P Black","Address":"Cambridge St Subiaco WA 6008","Phone number":"(04) 1116 6530"},{"Postcode":"6164","Name":"D G & T Black","Address":"7 Jakovich Cct Atwell WA 6164","Phone number":"(08) 9414 5630"},{"Postcode":"6164","Name":"G Black","Address":"45 Princeton Cct Aubin Grove WA 6164","Phone number":"(08) 9498 6451"},{"Postcode":"6164","Name":"K Black","Address":"15 Lakehurst Way Atwell WA 6164","Phone number":"(08) 9498 7627"},{"Postcode":"6164","Name":"Mrs S Black","Address":"5 Cleland Crt Aubin Grove WA 6164","Phone number":"(08) 9499 4947"},{"Postcode":"6164","Name":"S Black","Address":"29 Mohan Loop Hammond Park WA 6164","Phone number":"(08) 9499 3268"},{"Postcode":"6164","Name":"Tania Black","Address":"101 Lydon Blv Atwell WA 6164","Phone number":"(08) 9414 5365"},{"Postcode":"6056","Name":"K S Black","Address":"18 Spring Ave Middle Swan WA 6056","Phone number":"(08) 9274 1322"},{"Postcode":"6010","Name":"M A Black","Address":"24 Arenga Crt Mt Claremont WA 6010","Phone number":"(08) 9384 3028"},{"Postcode":"6030","Name":"M Black","Address":"8 Nicholas Ave Quinns Rocks WA 6030","Phone number":"(08) 9305 1851"},{"Postcode":"6065","Name":"E Black","Address":"1140 Wanneroo Rd Ashby WA 6065","Phone number":"(08) 9405 2446"},{"Postcode":"6065","Name":"G & L Black","Address":"14 Athlone Pl Wanneroo WA 6065","Phone number":"(08) 9301 4475"},{"Postcode":"6065","Name":"R Black","Address":"20 Vinciullo Way Sinagra WA 6065","Phone number":"(08) 9306 8157"},{"Postcode":"6167","Name":"C M Black","Address":"22 Camfield Loop Parmelia WA 6167","Phone number":"(08) 9439 4792"},{"Postcode":"6069","Name":"D P Black","Address":"33 Mona Vale Loop Ellenbrook WA 6069","Phone number":"(08) 9297 3486"},{"Postcode":"6069","Name":"K M Black","Address":"14 Heathland Tce Ellenbrook WA 6069","Phone number":"(08) 6296 5123"},{"Postcode":"6108","Name":"I & P Black","Address":"18 Culligan Rd Thornlie WA 6108","Phone number":"(08) 9459 3218"},{"Postcode":"6108","Name":"K Black","Address":"28 Cassidy Rd Thornlie WA 6108","Phone number":"(08) 9452 3515"},{"Postcode":"6108","Name":"R & J Maxwell-Black","Address":"19 Corriedale Pl Thornlie WA 6108","Phone number":"(08) 9350 5190"},{"Postcode":"6060","Name":"R Black","Address":"25 Kinsella St Joondanna WA 6060","Phone number":"(08) 9201 2298"},{"Postcode":"6069","Name":"D P Black","Address":"33 Mona Vale Loop Ellenbrook WA 6069","Phone number":"(08) 9297 3486"},{"Postcode":"6069","Name":"K M Black","Address":"14 Heathland Tce Ellenbrook WA 6069","Phone number":"(08) 6296 5123"},{"Postcode":"6230","Name":"D J Black","Address":"52 Forum Way East Bunbury WA 6230","Phone number":"(08) 9721 2151"},{"Postcode":"6230","Name":"V Black#","Address":"60 Picton Rd East Bunbury WA 6230","Phone number":"(08) 9721 6098"},{"Postcode":"6100","Name":"S Black","Address":"48 Gresham St Victoria Park WA 6100","Phone number":"(08) 9355 1905"},{"Postcode":"6230","Name":"D J Black","Address":"52 Forum Way East Bunbury WA 6230","Phone number":"(08) 9721 2151"},{"Postcode":"6230","Name":"V Black#","Address":"60 Picton Rd East Bunbury WA 6230","Phone number":"(08) 9721 6098"},{"Postcode":"6056","Name":"K S Black","Address":"18 Spring Ave Middle Swan WA 6056","Phone number":"(08) 9274 1322"},{"Postcode":"6169","Name":"A Black","Address":"Un 5 4 Marlo Pl Waikiki WA 6169","Phone number":"(08) 9592 9405"},{"Postcode":"6169","Name":"R L Black","Address":"16b Dempster Rd Shoalwater WA 6169","Phone number":"(08) 9592 6441"},{"Postcode":"6169","Name":"W Black","Address":"41 Virginia Pl Waikiki WA 6169","Phone number":"(04) 1985 1202"},{"Postcode":"6169","Name":"W Black","Address":"41 Virginia Pl Waikiki WA 6169","Phone number":"(08) 9527 4330"},{"Postcode":"6167","Name":"C M Black","Address":"22 Camfield Loop Parmelia WA 6167","Phone number":"(08) 9439 4792"},{"Postcode":"6065","Name":"E Black","Address":"1140 Wanneroo Rd Ashby WA 6065","Phone number":"(08) 9405 2446"},{"Postcode":"6065","Name":"G & L Black","Address":"14 Athlone Pl Wanneroo WA 6065","Phone number":"(08) 9301 4475"},{"Postcode":"6065","Name":"R Black","Address":"20 Vinciullo Way Sinagra WA 6065","Phone number":"(08) 9306 8157"},{"Postcode":"6210","Name":"G E Black","Address":"34 Pebble Beach Blv Meadow Springs WA 6210","Phone number":"(08) 9581 6157"},{"Postcode":"6210","Name":"J Black","Address":"63 Baloo Crs Wannanup WA 6210","Phone number":"(08) 9534 6430"},{"Postcode":"6210","Name":"M Black","Address":"5 A Nettle Pl Halls Head WA 6210","Phone number":"(08) 9534 8870"},{"Postcode":"6210","Name":"M R Black","Address":"22 Stinton St Mandurah WA 6210","Phone number":"(04) 1451 1315"},{"Postcode":"6210","Name":"N Black","Address":"273 Peelwood Pde Halls Head WA 6210","Phone number":"(08) 9582 7423"},{"Postcode":"6065","Name":"E Black","Address":"1140 Wanneroo Rd Ashby WA 6065","Phone number":"(08) 9405 2446"},{"Postcode":"6065","Name":"G & L Black","Address":"14 Athlone Pl Wanneroo WA 6065","Phone number":"(08) 9301 4475"},{"Postcode":"6065","Name":"R Black","Address":"20 Vinciullo Way Sinagra WA 6065","Phone number":"(08) 9306 8157"},{"Postcode":"6169","Name":"A Black","Address":"Un 5 4 Marlo Pl Waikiki WA 6169","Phone number":"(08) 9592 9405"},{"Postcode":"6169","Name":"R L Black","Address":"16b Dempster Rd Shoalwater WA 6169","Phone number":"(08) 9592 6441"},{"Postcode":"6169","Name":"W Black","Address":"41 Virginia Pl Waikiki WA 6169","Phone number":"(04) 1985 1202"},{"Postcode":"6169","Name":"W Black","Address":"41 Virginia Pl Waikiki WA 6169","Phone number":"(08) 9527 4330"},{"Postcode":"6024","Name":"N Black","Address":"7 Mciness Ct Greenwood WA 6024","Phone number":"(08) 9203 9263"},{"Postcode":"6152","Name":"A Black","Address":"42 Edgewater Rd Salter Point WA 6152","Phone number":"(08) 9450 6393"},{"Postcode":"6020","Name":"T B Black","Address":"Un 104 7 Harman Rd Sorrento WA 6020","Phone number":"(08) 9447 9147"},{"Postcode":"6166","Name":"D A & J A Black","Address":"10 Kiesey St Coogee WA 6166","Phone number":"(08) 9418 6687"},{"Postcode":"6166","Name":"W Black","Address":"5 Cyprus Crt Coogee WA 6166","Phone number":"(08) 9434 9675"},{"Postcode":"6233","Name":"A T & L E Black","Address":"2 Maria Crt Australind WA 6233","Phone number":"(08) 9796 1193"},{"Postcode":"6233","Name":"C D & J M Black","Address":"16 Gannett La Australind WA 6233","Phone number":"(08) 9725 8832"},{"Postcode":"6233","Name":"J Black","Address":"U 3 35 Wakefield Cres Australind WA 6233","Phone number":"(08) 9797 1920"},{"Postcode":"6233","Name":"K Black","Address":"89 Macquarie Dr Australind WA 6233","Phone number":"(08) 9725 8058"},{"Postcode":"6233","Name":"P D & D J Black","Address":"13 Watermass Pl Leschenault WA 6233","Phone number":"(08) 9725 8348"},{"Postcode":"6233","Name":"Z Black","Address":"40 Glenfield Dr Australind WA 6233","Phone number":"(08) 9796 1643"},{"Postcode":"6007","Name":"D W & P A Black","Address":"49 Salisbury St Leederville WA 6007","Phone number":"(08) 9443 3335"},{"Postcode":"6005","Name":"R H & S M Black","Address":"45 Ord St West Perth WA 6005","Phone number":"(08) 9226 0848"},{"Postcode":"6208","Name":"G Black","Address":"3 Tassell Way Ravenswood WA 6208","Phone number":"(08) 9537 6160"},{"Postcode":"6055","Name":"J & J Black","Address":"2 Barker Rd South Guildford WA 6055","Phone number":"(08) 6278 1025"},{"Postcode":"6111","Name":"A Black","Address":"31 Lantana Way Camillo WA 6111","Phone number":"(08) 9390 8161"},{"Postcode":"6111","Name":"B Black","Address":"3 Regina Rd Kelmscott WA 6111","Phone number":"(08) 9390 8606"},{"Postcode":"6111","Name":"Mrs E Black","Address":"KELMSCOTT RIVER GARDENS AGED C 89 Clifton St Kelmscott WA 6111","Phone number":"(08) 9390 6158"},{"Postcode":"6111","Name":"P Black","Address":"37A Westfield Rd Camillo WA 6111","Phone number":"(08) 9390 0818"},{"Postcode":"6111","Name":"R L & H J Black","Address":"22 Gunnamatta Pl Kelmscott WA 6111","Phone number":"(08) 9390 9606"},{"Postcode":"6162","Name":"E Black","Address":"9 Newmarket St Beaconsfield WA 6162","Phone number":"(04) 3331 3661"},{"Postcode":"6162","Name":"J Black","Address":"26 B Lilly St South Fremantle WA 6162","Phone number":"(08) 9433 2274"},{"Postcode":"6162","Name":"S H Black","Address":"16 Hulbert St South Fremantle WA 6162","Phone number":"(08) 9335 5408"},{"Postcode":"6155","Name":"C S Black","Address":"35 Ringarooma Way Willetton WA 6155","Phone number":"(08) 9457 3290"},{"Postcode":"6155","Name":"D Black","Address":"5 Tia Pl Willetton WA 6155","Phone number":"(08) 9457 9523"},{"Postcode":"6230","Name":"D J Black","Address":"52 Forum Way East Bunbury WA 6230","Phone number":"(08) 9721 2151"},{"Postcode":"6230","Name":"V Black#","Address":"60 Picton Rd East Bunbury WA 6230","Phone number":"(08) 9721 6098"},{"Postcode":"6056","Name":"K S Black","Address":"18 Spring Ave Middle Swan WA 6056","Phone number":"(08) 9274 1322"},{"Postcode":"6018","Name":"C Florence Black","Address":"Un 2w 24 Pearson St Churchlands WA 6018","Phone number":"(08) 9284 0591"},{"Postcode":"6112","Name":"B L Black","Address":"3 Pleasant Ave Piara Waters WA 6112","Phone number":"(08) 9397 2328"},{"Postcode":"6112","Name":"D S Black","Address":"6 Moore St Wungong WA 6112","Phone number":"(04) 2904 0376"},{"Postcode":"6112","Name":"J Black","Address":"6 Belvoir Rd Hilbert WA 6112","Phone number":"(08) 6244 9461"},{"Postcode":"6112","Name":"L Black","Address":"38 Bedfordale Hill Rd Mt Richon WA 6112","Phone number":"(08) 9497 5883"},{"Postcode":"6112","Name":"O Black","Address":"440 Nicholson Rd Forrestdale WA 6112","Phone number":"(08) 9393 3444"},{"Postcode":"6112","Name":"Y D Black","Address":"15 Marbella Ave Seville Grove WA 6112","Phone number":"(08) 9497 1626"},{"Postcode":"6164","Name":"D G & T Black","Address":"7 Jakovich Cct Atwell WA 6164","Phone number":"(08) 9414 5630"},{"Postcode":"6164","Name":"G Black","Address":"45 Princeton Cct Aubin Grove WA 6164","Phone number":"(08) 9498 6451"},{"Postcode":"6164","Name":"K Black","Address":"15 Lakehurst Way Atwell WA 6164","Phone number":"(08) 9498 7627"},{"Postcode":"6164","Name":"Mrs S Black","Address":"5 Cleland Crt Aubin Grove WA 6164","Phone number":"(08) 9499 4947"},{"Postcode":"6164","Name":"S Black","Address":"29 Mohan Loop Hammond Park WA 6164","Phone number":"(08) 9499 3268"},{"Postcode":"6164","Name":"Tania Black","Address":"101 Lydon Blv Atwell WA 6164","Phone number":"(08) 9414 5365"},{"Postcode":"6060","Name":"R Black","Address":"25 Kinsella St Joondanna WA 6060","Phone number":"(08) 9201 2298"},{"Postcode":"4207","Name":"G Black","Address":"7 Crest St Beenleigh QLD 4207","Phone number":"(07) 3807 5807"},{"Postcode":"4207","Name":"M J Black","Address":"8 Merrow St Mt Warren Park QLD 4207","Phone number":"(07) 3807 7743"},{"Postcode":"4285","Name":"D C Black","Address":"26 Eversley Crt Bromelton QLD 4285","Phone number":"(07) 5541 3952"},{"Postcode":"4214","Name":"J Black","Address":"4 Crenshaw Crt Parkwood QLD 4214","Phone number":"(07) 5571 5310"},{"Postcode":"4214","Name":"J Black","Address":"4 Crenshaw Crt Parkwood QLD 4214","Phone number":"(07) 5571 5310"},{"Postcode":"4214","Name":"J Black","Address":"4 Crenshaw Crt Parkwood QLD 4214","Phone number":"(07) 5571 5310"},{"Postcode":"4214","Name":"J Black","Address":"4 Crenshaw Crt Parkwood QLD 4214","Phone number":"(07) 5571 5310"},{"Postcode":"4214","Name":"J Black","Address":"4 Crenshaw Crt Parkwood QLD 4214","Phone number":"(07) 5571 5310"},{"Postcode":"4215","Name":"F Black","Address":"Un 21 88 Cotlew St East Southport QLD 4215","Phone number":"(07) 5574 0043"},{"Postcode":"4215","Name":"J C & S C Black","Address":"Un 2 11 Orkney Pl Labrador QLD 4215","Phone number":"(07) 5594 0464"},{"Postcode":"4207","Name":"G Black","Address":"7 Crest St Beenleigh QLD 4207","Phone number":"(07) 3807 5807"},{"Postcode":"4207","Name":"M J Black","Address":"8 Merrow St Mt Warren Park QLD 4207","Phone number":"(07) 3807 7743"},{"Postcode":"4207","Name":"G Black","Address":"7 Crest St Beenleigh QLD 4207","Phone number":"(07) 3807 5807"},{"Postcode":"4207","Name":"M J Black","Address":"8 Merrow St Mt Warren Park QLD 4207","Phone number":"(07) 3807 7743"},{"Postcode":"4285","Name":"D C Black","Address":"26 Eversley Crt Bromelton QLD 4285","Phone number":"(07) 5541 3952"},{"Postcode":"4207","Name":"G Black","Address":"7 Crest St Beenleigh QLD 4207","Phone number":"(07) 3807 5807"},{"Postcode":"4207","Name":"M J Black","Address":"8 Merrow St Mt Warren Park QLD 4207","Phone number":"(07) 3807 7743"},{"Postcode":"4207","Name":"G Black","Address":"7 Crest St Beenleigh QLD 4207","Phone number":"(07) 3807 5807"},{"Postcode":"4207","Name":"M J Black","Address":"8 Merrow St Mt Warren Park QLD 4207","Phone number":"(07) 3807 7743"},{"Postcode":"4217","Name":"G S M Black","Address":"UN 55 LV 13 22 Montgomery Ave Main Beach QLD 4217","Phone number":"(07) 5531 4074"},{"Postcode":"4216","Name":"G D & K L Black","Address":"3 Marina Cr Hollywell QLD 4216","Phone number":"(04) 1876 7247"},{"Postcode":"4285","Name":"D C Black","Address":"26 Eversley Crt Bromelton QLD 4285","Phone number":"(07) 5541 3952"},{"Postcode":"4285","Name":"D C Black","Address":"26 Eversley Crt Bromelton QLD 4285","Phone number":"(07) 5541 3952"},{"Postcode":"4207","Name":"G Black","Address":"7 Crest St Beenleigh QLD 4207","Phone number":"(07) 3807 5807"},{"Postcode":"4207","Name":"M J Black","Address":"8 Merrow St Mt Warren Park QLD 4207","Phone number":"(07) 3807 7743"},{"Postcode":"4217","Name":"G S M Black","Address":"UN 55 LV 13 22 Montgomery Ave Main Beach QLD 4217","Phone number":"(07) 5531 4074"},{"Postcode":"4217","Name":"G S M Black","Address":"UN 55 LV 13 22 Montgomery Ave Main Beach QLD 4217","Phone number":"(07) 5531 4074"},{"Postcode":"4217","Name":"G S M Black","Address":"UN 55 LV 13 22 Montgomery Ave Main Beach QLD 4217","Phone number":"(07) 5531 4074"},{"Postcode":"4220","Name":"C Black","Address":"14 1880 Gold Coast Hwy Burleigh Heads QLD 4220","Phone number":"(07) 5633 3634"},{"Postcode":"4220","Name":"J Black","Address":"Apt 1073 2 The Esplanade Burleigh Heads QLD 4220","Phone number":"(07) 5535 1091"},{"Postcode":"4220","Name":"J Black","Address":"Un 40 36 Beachcomber Crt Burleigh Waters QLD 4220","Phone number":"(04) 0976 7950"},{"Postcode":"4220","Name":"C Black","Address":"14 1880 Gold Coast Hwy Burleigh Heads QLD 4220","Phone number":"(07) 5633 3634"},{"Postcode":"4220","Name":"J Black","Address":"Apt 1073 2 The Esplanade Burleigh Heads QLD 4220","Phone number":"(07) 5535 1091"},{"Postcode":"4220","Name":"J Black","Address":"Un 40 36 Beachcomber Crt Burleigh Waters QLD 4220","Phone number":"(04) 0976 7950"},{"Postcode":"4220","Name":"C Black","Address":"14 1880 Gold Coast Hwy Burleigh Heads QLD 4220","Phone number":"(07) 5633 3634"},{"Postcode":"4220","Name":"J Black","Address":"Apt 1073 2 The Esplanade Burleigh Heads QLD 4220","Phone number":"(07) 5535 1091"},{"Postcode":"4220","Name":"J Black","Address":"Un 40 36 Beachcomber Crt Burleigh Waters QLD 4220","Phone number":"(04) 0976 7950"},{"Postcode":"4220","Name":"C Black","Address":"14 1880 Gold Coast Hwy Burleigh Heads QLD 4220","Phone number":"(07) 5633 3634"},{"Postcode":"4220","Name":"J Black","Address":"Apt 1073 2 The Esplanade Burleigh Heads QLD 4220","Phone number":"(07) 5535 1091"},{"Postcode":"4220","Name":"J Black","Address":"Un 40 36 Beachcomber Crt Burleigh Waters QLD 4220","Phone number":"(04) 0976 7950"},{"Postcode":"4220","Name":"C Black","Address":"14 1880 Gold Coast Hwy Burleigh Heads QLD 4220","Phone number":"(07) 5633 3634"},{"Postcode":"4220","Name":"J Black","Address":"Apt 1073 2 The Esplanade Burleigh Heads QLD 4220","Phone number":"(07) 5535 1091"},{"Postcode":"4220","Name":"J Black","Address":"Un 40 36 Beachcomber Crt Burleigh Waters QLD 4220","Phone number":"(04) 0976 7950"},{"Postcode":"4285","Name":"D C Black","Address":"26 Eversley Crt Bromelton QLD 4285","Phone number":"(07) 5541 3952"},{"Postcode":"4207","Name":"G Black","Address":"7 Crest St Beenleigh QLD 4207","Phone number":"(07) 3807 5807"},{"Postcode":"4207","Name":"M J Black","Address":"8 Merrow St Mt Warren Park QLD 4207","Phone number":"(07) 3807 7743"},{"Postcode":"4285","Name":"D C Black","Address":"26 Eversley Crt Bromelton QLD 4285","Phone number":"(07) 5541 3952"},{"Postcode":"4285","Name":"D C Black","Address":"26 Eversley Crt Bromelton QLD 4285","Phone number":"(07) 5541 3952"},{"Postcode":"4217","Name":"G S M Black","Address":"UN 55 LV 13 22 Montgomery Ave Main Beach QLD 4217","Phone number":"(07) 5531 4074"},{"Postcode":"4285","Name":"D C Black","Address":"26 Eversley Crt Bromelton QLD 4285","Phone number":"(07) 5541 3952"},{"Postcode":"4215","Name":"F Black","Address":"Un 21 88 Cotlew St East Southport QLD 4215","Phone number":"(07) 5574 0043"},{"Postcode":"4215","Name":"J C & S C Black","Address":"Un 2 11 Orkney Pl Labrador QLD 4215","Phone number":"(07) 5594 0464"},{"Postcode":"4285","Name":"D C Black","Address":"26 Eversley Crt Bromelton QLD 4285","Phone number":"(07) 5541 3952"},{"Postcode":"4226","Name":"I Black","Address":"70 Bollard Cct Clear Island Waters QLD 4226","Phone number":"(07) 5562 0171"},{"Postcode":"4226","Name":"T Black","Address":"Un 1 23 Silvermaple St Robina QLD 4226","Phone number":"(07) 5575 8911"},{"Postcode":"4216","Name":"G D & K L Black","Address":"3 Marina Cr Hollywell QLD 4216","Phone number":"(04) 1876 7247"},{"Postcode":"4209","Name":"J Black","Address":"40 Moonie Drv Coomera QLD 4209","Phone number":"(07) 5529 4785"},{"Postcode":"4209","Name":"J Black","Address":"Un 16 19 Gumtree Cres Upper Coomera QLD 4209","Phone number":"(07) 5573 4953"},{"Postcode":"4209","Name":"Mr M Black","Address":"Un 5 1 Barratt St Coomera QLD 4209","Phone number":"(07) 5580 3864"},{"Postcode":"4209","Name":"P Black","Address":"9 Umbango Dr Pimpama QLD 4209","Phone number":"(07) 5547 5942"},{"Postcode":"4209","Name":"T Black","Address":"64 Bella Blv Willow Vale QLD 4209","Phone number":"(07) 5549 2870"},{"Postcode":"4209","Name":"W Black","Address":"Un 6 17 Yaun St Coomera QLD 4209","Phone number":"(07) 5529 8800"},{"Postcode":"4285","Name":"D C Black","Address":"26 Eversley Crt Bromelton QLD 4285","Phone number":"(07) 5541 3952"},{"Postcode":"4285","Name":"D C Black","Address":"26 Eversley Crt Bromelton QLD 4285","Phone number":"(07) 5541 3952"},{"Postcode":"4207","Name":"G Black","Address":"7 Crest St Beenleigh QLD 4207","Phone number":"(07) 3807 5807"},{"Postcode":"4207","Name":"M J Black","Address":"8 Merrow St Mt Warren Park QLD 4207","Phone number":"(07) 3807 7743"},{"Postcode":"4221","Name":"I Black","Address":"5 Calga Ct Palm Beach QLD 4221","Phone number":"(07) 5598 3695"},{"Postcode":"4221","Name":"I M Black","Address":"34 Leyte Av Palm Beach QLD 4221","Phone number":"(04) 1770 4502"},{"Postcode":"4221","Name":"P Black","Address":"9 Daisy St Elanora QLD 4221","Phone number":"(07) 5522 6572"},{"Postcode":"4221","Name":"S Black","Address":"26 Twenty Seventh Ave Palm Beach QLD 4221","Phone number":"(07) 5520 1241"},{"Postcode":"4217","Name":"G S M Black","Address":"UN 55 LV 13 22 Montgomery Ave Main Beach QLD 4217","Phone number":"(07) 5531 4074"},{"Postcode":"4210","Name":"R Black","Address":"4 Lowe Crt Wongawallan QLD 4210","Phone number":"(07) 5529 7156"},{"Postcode":"4285","Name":"D C Black","Address":"26 Eversley Crt Bromelton QLD 4285","Phone number":"(07) 5541 3952"},{"Postcode":"4216","Name":"G D & K L Black","Address":"3 Marina Cr Hollywell QLD 4216","Phone number":"(04) 1876 7247"},{"Postcode":"4207","Name":"G Black","Address":"7 Crest St Beenleigh QLD 4207","Phone number":"(07) 3807 5807"},{"Postcode":"4207","Name":"M J Black","Address":"8 Merrow St Mt Warren Park QLD 4207","Phone number":"(07) 3807 7743"},{"Postcode":"4285","Name":"D C Black","Address":"26 Eversley Crt Bromelton QLD 4285","Phone number":"(07) 5541 3952"},{"Postcode":"4217","Name":"G S M Black","Address":"UN 55 LV 13 22 Montgomery Ave Main Beach QLD 4217","Phone number":"(07) 5531 4074"},{"Postcode":"4280","Name":"D Black","Address":"117 Meadow Rd Jimboomba QLD 4280","Phone number":"(07) 5546 9631"},{"Postcode":"4285","Name":"D C Black","Address":"26 Eversley Crt Bromelton QLD 4285","Phone number":"(07) 5541 3952"},{"Postcode":"4285","Name":"D C Black","Address":"26 Eversley Crt Bromelton QLD 4285","Phone number":"(07) 5541 3952"},{"Postcode":"4285","Name":"D C Black","Address":"26 Eversley Crt Bromelton QLD 4285","Phone number":"(07) 5541 3952"},{"Postcode":"4285","Name":"D C Black","Address":"26 Eversley Crt Bromelton QLD 4285","Phone number":"(07) 5541 3952"},{"Postcode":"4285","Name":"D C Black","Address":"26 Eversley Crt Bromelton QLD 4285","Phone number":"(07) 5541 3952"},{"Postcode":"4215","Name":"F Black","Address":"Un 21 88 Cotlew St East Southport QLD 4215","Phone number":"(07) 5574 0043"},{"Postcode":"4215","Name":"J C & S C Black","Address":"Un 2 11 Orkney Pl Labrador QLD 4215","Phone number":"(07) 5594 0464"},{"Postcode":"4285","Name":"D C Black","Address":"26 Eversley Crt Bromelton QLD 4285","Phone number":"(07) 5541 3952"},{"Postcode":"4285","Name":"D C Black","Address":"26 Eversley Crt Bromelton QLD 4285","Phone number":"(07) 5541 3952"},{"Postcode":"4207","Name":"G Black","Address":"7 Crest St Beenleigh QLD 4207","Phone number":"(07) 3807 5807"},{"Postcode":"4207","Name":"M J Black","Address":"8 Merrow St Mt Warren Park QLD 4207","Phone number":"(07) 3807 7743"},{"Postcode":"4207","Name":"G Black","Address":"7 Crest St Beenleigh QLD 4207","Phone number":"(07) 3807 5807"},{"Postcode":"4207","Name":"M J Black","Address":"8 Merrow St Mt Warren Park QLD 4207","Phone number":"(07) 3807 7743"},{"Postcode":"4217","Name":"G S M Black","Address":"UN 55 LV 13 22 Montgomery Ave Main Beach QLD 4217","Phone number":"(07) 5531 4074"},{"Postcode":"4210","Name":"R Black","Address":"4 Lowe Crt Wongawallan QLD 4210","Phone number":"(07) 5529 7156"},{"Postcode":"4226","Name":"I Black","Address":"70 Bollard Cct Clear Island Waters QLD 4226","Phone number":"(07) 5562 0171"},{"Postcode":"4226","Name":"T Black","Address":"Un 1 23 Silvermaple St Robina QLD 4226","Phone number":"(07) 5575 8911"},{"Postcode":"4220","Name":"C Black","Address":"14 1880 Gold Coast Hwy Burleigh Heads QLD 4220","Phone number":"(07) 5633 3634"},{"Postcode":"4220","Name":"J Black","Address":"Apt 1073 2 The Esplanade Burleigh Heads QLD 4220","Phone number":"(07) 5535 1091"},{"Postcode":"4220","Name":"J Black","Address":"Un 40 36 Beachcomber Crt Burleigh Waters QLD 4220","Phone number":"(04) 0976 7950"},{"Postcode":"4214","Name":"J Black","Address":"4 Crenshaw Crt Parkwood QLD 4214","Phone number":"(07) 5571 5310"},{"Postcode":"4285","Name":"D C Black","Address":"26 Eversley Crt Bromelton QLD 4285","Phone number":"(07) 5541 3952"},{"Postcode":"4207","Name":"G Black","Address":"7 Crest St Beenleigh QLD 4207","Phone number":"(07) 3807 5807"},{"Postcode":"4207","Name":"M J Black","Address":"8 Merrow St Mt Warren Park QLD 4207","Phone number":"(07) 3807 7743"},{"Postcode":"4285","Name":"D C Black","Address":"26 Eversley Crt Bromelton QLD 4285","Phone number":"(07) 5541 3952"},{"Postcode":"4285","Name":"D C Black","Address":"26 Eversley Crt Bromelton QLD 4285","Phone number":"(07) 5541 3952"},{"Postcode":"4280","Name":"D Black","Address":"117 Meadow Rd Jimboomba QLD 4280","Phone number":"(07) 5546 9631"},{"Postcode":"4285","Name":"D C Black","Address":"26 Eversley Crt Bromelton QLD 4285","Phone number":"(07) 5541 3952"},{"Postcode":"4210","Name":"R Black","Address":"4 Lowe Crt Wongawallan QLD 4210","Phone number":"(07) 5529 7156"},{"Postcode":"4221","Name":"I Black","Address":"5 Calga Ct Palm Beach QLD 4221","Phone number":"(07) 5598 3695"},{"Postcode":"4221","Name":"I M Black","Address":"34 Leyte Av Palm Beach QLD 4221","Phone number":"(04) 1770 4502"},{"Postcode":"4221","Name":"P Black","Address":"9 Daisy St Elanora QLD 4221","Phone number":"(07) 5522 6572"},{"Postcode":"4221","Name":"S Black","Address":"26 Twenty Seventh Ave Palm Beach QLD 4221","Phone number":"(07) 5520 1241"},{"Postcode":"4216","Name":"G D & K L Black","Address":"3 Marina Cr Hollywell QLD 4216","Phone number":"(04) 1876 7247"},{"Postcode":"4214","Name":"J Black","Address":"4 Crenshaw Crt Parkwood QLD 4214","Phone number":"(07) 5571 5310"},{"Postcode":"4209","Name":"J Black","Address":"40 Moonie Drv Coomera QLD 4209","Phone number":"(07) 5529 4785"},{"Postcode":"4209","Name":"J Black","Address":"Un 16 19 Gumtree Cres Upper Coomera QLD 4209","Phone number":"(07) 5573 4953"},{"Postcode":"4209","Name":"Mr M Black","Address":"Un 5 1 Barratt St Coomera QLD 4209","Phone number":"(07) 5580 3864"},{"Postcode":"4209","Name":"P Black","Address":"9 Umbango Dr Pimpama QLD 4209","Phone number":"(07) 5547 5942"},{"Postcode":"4209","Name":"T Black","Address":"64 Bella Blv Willow Vale QLD 4209","Phone number":"(07) 5549 2870"},{"Postcode":"4209","Name":"W Black","Address":"Un 6 17 Yaun St Coomera QLD 4209","Phone number":"(07) 5529 8800"},{"Postcode":"4227","Name":"J A Black","Address":"4 Imperia Crs Varsity Lakes QLD 4227","Phone number":"(07) 5520 2248"},{"Postcode":"4226","Name":"I Black","Address":"70 Bollard Cct Clear Island Waters QLD 4226","Phone number":"(07) 5562 0171"},{"Postcode":"4226","Name":"T Black","Address":"Un 1 23 Silvermaple St Robina QLD 4226","Phone number":"(07) 5575 8911"},{"Postcode":"4226","Name":"I Black","Address":"70 Bollard Cct Clear Island Waters QLD 4226","Phone number":"(07) 5562 0171"},{"Postcode":"4226","Name":"T Black","Address":"Un 1 23 Silvermaple St Robina QLD 4226","Phone number":"(07) 5575 8911"},{"Postcode":"4216","Name":"G D & K L Black","Address":"3 Marina Cr Hollywell QLD 4216","Phone number":"(04) 1876 7247"},{"Postcode":"4280","Name":"D Black","Address":"117 Meadow Rd Jimboomba QLD 4280","Phone number":"(07) 5546 9631"},{"Postcode":"4216","Name":"G D & K L Black","Address":"3 Marina Cr Hollywell QLD 4216","Phone number":"(04) 1876 7247"},{"Postcode":"4215","Name":"F Black","Address":"Un 21 88 Cotlew St East Southport QLD 4215","Phone number":"(07) 5574 0043"},{"Postcode":"4215","Name":"J C & S C Black","Address":"Un 2 11 Orkney Pl Labrador QLD 4215","Phone number":"(07) 5594 0464"},{"Postcode":"4215","Name":"F Black","Address":"Un 21 88 Cotlew St East Southport QLD 4215","Phone number":"(07) 5574 0043"},{"Postcode":"4215","Name":"J C & S C Black","Address":"Un 2 11 Orkney Pl Labrador QLD 4215","Phone number":"(07) 5594 0464"},{"Postcode":"4207","Name":"G Black","Address":"7 Crest St Beenleigh QLD 4207","Phone number":"(07) 3807 5807"},{"Postcode":"4207","Name":"M J Black","Address":"8 Merrow St Mt Warren Park QLD 4207","Phone number":"(07) 3807 7743"},{"Postcode":"4207","Name":"G Black","Address":"7 Crest St Beenleigh QLD 4207","Phone number":"(07) 3807 5807"},{"Postcode":"4207","Name":"M J Black","Address":"8 Merrow St Mt Warren Park QLD 4207","Phone number":"(07) 3807 7743"},{"Postcode":"4280","Name":"D Black","Address":"117 Meadow Rd Jimboomba QLD 4280","Phone number":"(07) 5546 9631"},{"Postcode":"4210","Name":"R Black","Address":"4 Lowe Crt Wongawallan QLD 4210","Phone number":"(07) 5529 7156"},{"Postcode":"4217","Name":"G S M Black","Address":"UN 55 LV 13 22 Montgomery Ave Main Beach QLD 4217","Phone number":"(07) 5531 4074"},{"Postcode":"4285","Name":"D C Black","Address":"26 Eversley Crt Bromelton QLD 4285","Phone number":"(07) 5541 3952"},{"Postcode":"4285","Name":"D C Black","Address":"26 Eversley Crt Bromelton QLD 4285","Phone number":"(07) 5541 3952"},{"Postcode":"4270","Name":"R Black","Address":"1904 Beaudesert-Beenleigh Rd Tamborine QLD 4270","Phone number":"(07) 5543 8868"},{"Postcode":"4285","Name":"D C Black","Address":"26 Eversley Crt Bromelton QLD 4285","Phone number":"(07) 5541 3952"},{"Postcode":"4285","Name":"D C Black","Address":"26 Eversley Crt Bromelton QLD 4285","Phone number":"(07) 5541 3952"},{"Postcode":"4285","Name":"D C Black","Address":"26 Eversley Crt Bromelton QLD 4285","Phone number":"(07) 5541 3952"},{"Postcode":"4209","Name":"J Black","Address":"40 Moonie Drv Coomera QLD 4209","Phone number":"(07) 5529 4785"},{"Postcode":"4209","Name":"J Black","Address":"Un 16 19 Gumtree Cres Upper Coomera QLD 4209","Phone number":"(07) 5573 4953"},{"Postcode":"4209","Name":"Mr M Black","Address":"Un 5 1 Barratt St Coomera QLD 4209","Phone number":"(07) 5580 3864"},{"Postcode":"4209","Name":"P Black","Address":"9 Umbango Dr Pimpama QLD 4209","Phone number":"(07) 5547 5942"},{"Postcode":"4209","Name":"T Black","Address":"64 Bella Blv Willow Vale QLD 4209","Phone number":"(07) 5549 2870"},{"Postcode":"4209","Name":"W Black","Address":"Un 6 17 Yaun St Coomera QLD 4209","Phone number":"(07) 5529 8800"},{"Postcode":"4227","Name":"J A Black","Address":"4 Imperia Crs Varsity Lakes QLD 4227","Phone number":"(07) 5520 2248"},{"Postcode":"4285","Name":"D C Black","Address":"26 Eversley Crt Bromelton QLD 4285","Phone number":"(07) 5541 3952"},{"Postcode":"4285","Name":"D C Black","Address":"26 Eversley Crt Bromelton QLD 4285","Phone number":"(07) 5541 3952"},{"Postcode":"4209","Name":"J Black","Address":"40 Moonie Drv Coomera QLD 4209","Phone number":"(07) 5529 4785"},{"Postcode":"4209","Name":"J Black","Address":"Un 16 19 Gumtree Cres Upper Coomera QLD 4209","Phone number":"(07) 5573 4953"},{"Postcode":"4209","Name":"Mr M Black","Address":"Un 5 1 Barratt St Coomera QLD 4209","Phone number":"(07) 5580 3864"},{"Postcode":"4209","Name":"P Black","Address":"9 Umbango Dr Pimpama QLD 4209","Phone number":"(07) 5547 5942"},{"Postcode":"4209","Name":"T Black","Address":"64 Bella Blv Willow Vale QLD 4209","Phone number":"(07) 5549 2870"},{"Postcode":"4209","Name":"W Black","Address":"Un 6 17 Yaun St Coomera QLD 4209","Phone number":"(07) 5529 8800"},{"Postcode":"4207","Name":"G Black","Address":"7 Crest St Beenleigh QLD 4207","Phone number":"(07) 3807 5807"},{"Postcode":"4207","Name":"M J Black","Address":"8 Merrow St Mt Warren Park QLD 4207","Phone number":"(07) 3807 7743"},{"Postcode":"4207","Name":"G Black","Address":"7 Crest St Beenleigh QLD 4207","Phone number":"(07) 3807 5807"},{"Postcode":"4207","Name":"M J Black","Address":"8 Merrow St Mt Warren Park QLD 4207","Phone number":"(07) 3807 7743"},{"Postcode":"4210","Name":"R Black","Address":"4 Lowe Crt Wongawallan QLD 4210","Phone number":"(07) 5529 7156"},{"Postcode":"4285","Name":"D C Black","Address":"26 Eversley Crt Bromelton QLD 4285","Phone number":"(07) 5541 3952"},{"Postcode":"4207","Name":"G Black","Address":"7 Crest St Beenleigh QLD 4207","Phone number":"(07) 3807 5807"},{"Postcode":"4207","Name":"M J Black","Address":"8 Merrow St Mt Warren Park QLD 4207","Phone number":"(07) 3807 7743"},{"Postcode":"4207","Name":"G Black","Address":"7 Crest St Beenleigh QLD 4207","Phone number":"(07) 3807 5807"},{"Postcode":"4207","Name":"M J Black","Address":"8 Merrow St Mt Warren Park QLD 4207","Phone number":"(07) 3807 7743"},{"Postcode":"4207","Name":"G Black","Address":"7 Crest St Beenleigh QLD 4207","Phone number":"(07) 3807 5807"},{"Postcode":"4207","Name":"M J Black","Address":"8 Merrow St Mt Warren Park QLD 4207","Phone number":"(07) 3807 7743"},{"Postcode":"4207","Name":"G Black","Address":"7 Crest St Beenleigh QLD 4207","Phone number":"(07) 3807 5807"},{"Postcode":"4207","Name":"M J Black","Address":"8 Merrow St Mt Warren Park QLD 4207","Phone number":"(07) 3807 7743"}]