[{"Postcode":"6064","Name":"D Duncan","Address":"7 Burnham Way Girrawheen WA 6064","Phone number":"(08) 9343 5739"},{"Postcode":"6154","Name":"O G Duncan","Address":"8 Ainsworth Loop Booragoon WA 6154","Phone number":"(08) 9317 3730"},{"Postcode":"6167","Name":"K W Duncan","Address":"3 Casserley Way Orelia WA 6167","Phone number":"(08) 9419 2752"},{"Postcode":"6167","Name":"L Duncan","Address":"Un 5 12 Partridge St Orelia WA 6167","Phone number":"(08) 9439 3694"},{"Postcode":"6167","Name":"W Duncan","Address":"Un 1 45 Chilcott St Calista WA 6167","Phone number":"(08) 9419 1241"},{"Postcode":"6153","Name":"B I & P Duncan","Address":"1B Bragor Pl Ardross WA 6153","Phone number":"(08) 9364 6852"},{"Postcode":"6153","Name":"I B Duncan","Address":"29 The Promenade Mt Pleasant WA 6153","Phone number":"(08) 9364 1388"},{"Postcode":"6153","Name":"I E Duncan","Address":"5 Salen Ct Ardross WA 6153","Phone number":"(08) 9364 5439"},{"Postcode":"6153","Name":"B I & P Duncan","Address":"1B Bragor Pl Ardross WA 6153","Phone number":"(08) 9364 6852"},{"Postcode":"6153","Name":"I B Duncan","Address":"29 The Promenade Mt Pleasant WA 6153","Phone number":"(08) 9364 1388"},{"Postcode":"6153","Name":"I E Duncan","Address":"5 Salen Ct Ardross WA 6153","Phone number":"(08) 9364 5439"},{"Postcode":"6112","Name":"Mrs R Duncan","Address":"14 Challis Rd Armadale WA 6112","Phone number":"(08) 9399 6638"},{"Postcode":"6112","Name":"S Duncan","Address":"10 Kaliman Bend Harrisdale WA 6112","Phone number":"(08) 9397 1971"},{"Postcode":"6104","Name":"R G & G L Duncan","Address":"292 Daly St Belmont WA 6104","Phone number":"(08) 9277 7486"},{"Postcode":"6065","Name":"S & S Duncan","Address":"24 Cesare Crcle Madeley WA 6065","Phone number":"(08) 9409 2102"},{"Postcode":"6065","Name":"T L Duncan","Address":"34 Waldburg Drv Tapping WA 6065","Phone number":"(08) 9405 4247"},{"Postcode":"6054","Name":"C R & L V Duncan","Address":"123 Morley Drv East Eden Hill WA 6054","Phone number":"(08) 9377 2288"},{"Postcode":"6054","Name":"I Duncan","Address":"20 Lukin Way Bassendean WA 6054","Phone number":"(08) 9279 4144"},{"Postcode":"6054","Name":"S Duncan","Address":"194A Anzac Tce Bassendean WA 6054","Phone number":"(08) 9379 2402"},{"Postcode":"6164","Name":"A Duncan","Address":"46 Dean Rd Jandakot WA 6164","Phone number":"(08) 9417 9064"},{"Postcode":"6164","Name":"A C Duncan","Address":"18 Strand Cl Atwell WA 6164","Phone number":"(08) 9414 3808"},{"Postcode":"6164","Name":"J Duncan","Address":"16 Lorne Ave Hammond Park WA 6164","Phone number":"(08) 6595 3769"},{"Postcode":"6164","Name":"J F & R J Duncan","Address":"22 Riversdale Pass Jandakot WA 6164","Phone number":"(08) 9414 7281"},{"Postcode":"6164","Name":"A Duncan","Address":"46 Dean Rd Jandakot WA 6164","Phone number":"(08) 9417 9064"},{"Postcode":"6164","Name":"A C Duncan","Address":"18 Strand Cl Atwell WA 6164","Phone number":"(08) 9414 3808"},{"Postcode":"6164","Name":"J Duncan","Address":"16 Lorne Ave Hammond Park WA 6164","Phone number":"(08) 6595 3769"},{"Postcode":"6164","Name":"J F & R J Duncan","Address":"22 Riversdale Pass Jandakot WA 6164","Phone number":"(08) 9414 7281"},{"Postcode":"6233","Name":"E M Duncan","Address":"52 Cathedral Ave Australind WA 6233","Phone number":"(08) 9797 1329"},{"Postcode":"6233","Name":"K Duncan","Address":"12 Carpenter Tce Australind WA 6233","Phone number":"(08) 9797 3236"},{"Postcode":"6066","Name":"D V Duncan","Address":"4 Lagoon Hts Ballajura WA 6066","Phone number":"(04) 0294 6283"},{"Postcode":"6066","Name":"D V Duncan","Address":"4 Lagoon Hts Ballajura WA 6066","Phone number":"(04) 0798 6867"},{"Postcode":"6164","Name":"A Duncan","Address":"46 Dean Rd Jandakot WA 6164","Phone number":"(08) 9417 9064"},{"Postcode":"6164","Name":"A C Duncan","Address":"18 Strand Cl Atwell WA 6164","Phone number":"(08) 9414 3808"},{"Postcode":"6164","Name":"J Duncan","Address":"16 Lorne Ave Hammond Park WA 6164","Phone number":"(08) 6595 3769"},{"Postcode":"6164","Name":"J F & R J Duncan","Address":"22 Riversdale Pass Jandakot WA 6164","Phone number":"(08) 9414 7281"},{"Postcode":"6213","Name":"P Duncan","Address":"Holyoake Rd Dwellingup WA 6213","Phone number":"(08) 9538 1606"},{"Postcode":"6210","Name":"C Duncan","Address":"44 Myerick St Mandurah WA 6210","Phone number":"(04) 0892 8489"},{"Postcode":"6210","Name":"P Duncan","Address":"11 Cherry Hills Rtt Meadow Springs WA 6210","Phone number":"(08) 9581 8619"},{"Postcode":"6210","Name":"S Duncan","Address":"44 Myerick St Mandurah WA 6210","Phone number":"(08) 9582 9416"},{"Postcode":"6056","Name":"J T Duncan","Address":"Un 2 27 Charles St Midland WA 6056","Phone number":"(08) 9274 6412"},{"Postcode":"6054","Name":"C R & L V Duncan","Address":"123 Morley Drv East Eden Hill WA 6054","Phone number":"(08) 9377 2288"},{"Postcode":"6054","Name":"I Duncan","Address":"20 Lukin Way Bassendean WA 6054","Phone number":"(08) 9279 4144"},{"Postcode":"6054","Name":"S Duncan","Address":"194A Anzac Tce Bassendean WA 6054","Phone number":"(08) 9379 2402"},{"Postcode":"6150","Name":"P Duncan","Address":"ST IVES MURDOCH U 8 22 Windelya Rd Murdoch WA 6150","Phone number":"(08) 9310 1367"},{"Postcode":"6107","Name":"P Duncan","Address":"5 Fern Rd Wilson WA 6107","Phone number":"(08) 9458 8641"},{"Postcode":"6112","Name":"Mrs R Duncan","Address":"14 Challis Rd Armadale WA 6112","Phone number":"(08) 9399 6638"},{"Postcode":"6112","Name":"S Duncan","Address":"10 Kaliman Bend Harrisdale WA 6112","Phone number":"(08) 9397 1971"},{"Postcode":"6063","Name":"T C C Duncan","Address":"92 Pilkington Crcs Beechboro WA 6063","Phone number":"(08) 9377 5556"},{"Postcode":"6164","Name":"A Duncan","Address":"46 Dean Rd Jandakot WA 6164","Phone number":"(08) 9417 9064"},{"Postcode":"6164","Name":"A C Duncan","Address":"18 Strand Cl Atwell WA 6164","Phone number":"(08) 9414 3808"},{"Postcode":"6164","Name":"J Duncan","Address":"16 Lorne Ave Hammond Park WA 6164","Phone number":"(08) 6595 3769"},{"Postcode":"6164","Name":"J F & R J Duncan","Address":"22 Riversdale Pass Jandakot WA 6164","Phone number":"(08) 9414 7281"},{"Postcode":"6027","Name":"L Duncan","Address":"28 Kylena Glade Ocean Reef WA 6027","Phone number":"(08) 9300 4759"},{"Postcode":"6069","Name":"Allan James Duncan","Address":"155 Charlottes Vis Ellenbrook WA 6069","Phone number":"(08) 9297 1693"},{"Postcode":"6056","Name":"J T Duncan","Address":"Un 2 27 Charles St Midland WA 6056","Phone number":"(08) 9274 6412"},{"Postcode":"6104","Name":"R G & G L Duncan","Address":"292 Daly St Belmont WA 6104","Phone number":"(08) 9277 7486"},{"Postcode":"6102","Name":"J Duncan-Cooper","Address":"3 York Ave Bentley WA 6102","Phone number":"(08) 9350 9390"},{"Postcode":"6167","Name":"K W Duncan","Address":"3 Casserley Way Orelia WA 6167","Phone number":"(08) 9419 2752"},{"Postcode":"6167","Name":"L Duncan","Address":"Un 5 12 Partridge St Orelia WA 6167","Phone number":"(08) 9439 3694"},{"Postcode":"6167","Name":"W Duncan","Address":"Un 1 45 Chilcott St Calista WA 6167","Phone number":"(08) 9419 1241"},{"Postcode":"6163","Name":"A Duncan","Address":"37 Ranford Loop Kardinya WA 6163","Phone number":"(08) 9332 0037"},{"Postcode":"6076","Name":"D Duncan","Address":"18 Petunia St Kalamunda WA 6076","Phone number":"(08) 9293 1893"},{"Postcode":"6076","Name":"M Duncan","Address":"12 Taylor Rd Kalamunda WA 6076","Phone number":"(08) 9454 9788"},{"Postcode":"6076","Name":"R & D Duncan","Address":"31 Railway Rd Kalamunda WA 6076","Phone number":"(08) 9257 2595"},{"Postcode":"6076","Name":"S Duncan","Address":"12 Taylor Rd Kalamunda WA 6076","Phone number":"(04) 3329 1813"},{"Postcode":"6157","Name":"D M Duncan","Address":"29/ 149 Stock Rd Bicton WA 6157","Phone number":"(08) 9330 0129"},{"Postcode":"6157","Name":"Mrs J P & A Duncan","Address":"81 A Birdwood Crcs East Bicton WA 6157","Phone number":"(08) 9339 6476"},{"Postcode":"6157","Name":"K J Duncan","Address":"Un 1 19 Solomon St Palmyra WA 6157","Phone number":"(08) 9339 7676"},{"Postcode":"6157","Name":"N Duncan","Address":"Un 7 60 Hammad St Palmyra WA 6157","Phone number":"(08) 9438 1250"},{"Postcode":"6157","Name":"R Duncan","Address":"222  b Forrest St Palmyra WA 6157","Phone number":"(08) 6244 9465"},{"Postcode":"6233","Name":"E M Duncan","Address":"52 Cathedral Ave Australind WA 6233","Phone number":"(08) 9797 1329"},{"Postcode":"6233","Name":"K Duncan","Address":"12 Carpenter Tce Australind WA 6233","Phone number":"(08) 9797 3236"},{"Postcode":"6208","Name":"L Duncan","Address":"24 Farmer Loop Pinjarra WA 6208","Phone number":"(08) 9530 4185"},{"Postcode":"6154","Name":"O G Duncan","Address":"8 Ainsworth Loop Booragoon WA 6154","Phone number":"(08) 9317 3730"},{"Postcode":"6210","Name":"C Duncan","Address":"44 Myerick St Mandurah WA 6210","Phone number":"(04) 0892 8489"},{"Postcode":"6210","Name":"P Duncan","Address":"11 Cherry Hills Rtt Meadow Springs WA 6210","Phone number":"(08) 9581 8619"},{"Postcode":"6210","Name":"S Duncan","Address":"44 Myerick St Mandurah WA 6210","Phone number":"(08) 9582 9416"},{"Postcode":"6056","Name":"J T Duncan","Address":"Un 2 27 Charles St Midland WA 6056","Phone number":"(08) 9274 6412"},{"Postcode":"6153","Name":"B I & P Duncan","Address":"1B Bragor Pl Ardross WA 6153","Phone number":"(08) 9364 6852"},{"Postcode":"6153","Name":"I B Duncan","Address":"29 The Promenade Mt Pleasant WA 6153","Phone number":"(08) 9364 1388"},{"Postcode":"6153","Name":"I E Duncan","Address":"5 Salen Ct Ardross WA 6153","Phone number":"(08) 9364 5439"},{"Postcode":"6069","Name":"Allan James Duncan","Address":"155 Charlottes Vis Ellenbrook WA 6069","Phone number":"(08) 9297 1693"},{"Postcode":"6009","Name":"D Duncan","Address":"6 Marita Rd Nedlands WA 6009","Phone number":"(08) 9386 3406"},{"Postcode":"6009","Name":"N Duncan","Address":"Un 4 10 Kings Park Ave Crawley WA 6009","Phone number":"(08) 9386 6844"},{"Postcode":"6112","Name":"Mrs R Duncan","Address":"14 Challis Rd Armadale WA 6112","Phone number":"(08) 9399 6638"},{"Postcode":"6112","Name":"S Duncan","Address":"10 Kaliman Bend Harrisdale WA 6112","Phone number":"(08) 9397 1971"},{"Postcode":"6149","Name":"R Duncan","Address":"4 Gribble Rd Bull Creek WA 6149","Phone number":"(04) 2892 7366"},{"Postcode":"6230","Name":"A B Duncan","Address":"11 Norrie St South Bunbury WA 6230","Phone number":"(08) 9791 4725"},{"Postcode":"6028","Name":"E Duncan","Address":"30 St James App Iluka WA 6028","Phone number":"(08) 9304 0170"},{"Postcode":"6028","Name":"N Duncan","Address":"28 Annandale Cir Kinross WA 6028","Phone number":"(08) 9304 7868"},{"Postcode":"6036","Name":"Ms Muiriel Duncan","Address":"2 Royston Link Butler WA 6036","Phone number":"(08) 9562 3723"},{"Postcode":"6122","Name":"B J Duncan","Address":"125 Larsen Rd Byford WA 6122","Phone number":"(08) 9525 1402"},{"Postcode":"6167","Name":"K W Duncan","Address":"3 Casserley Way Orelia WA 6167","Phone number":"(08) 9419 2752"},{"Postcode":"6167","Name":"L Duncan","Address":"Un 5 12 Partridge St Orelia WA 6167","Phone number":"(08) 9439 3694"},{"Postcode":"6167","Name":"W Duncan","Address":"Un 1 45 Chilcott St Calista WA 6167","Phone number":"(08) 9419 1241"},{"Postcode":"6153","Name":"B I & P Duncan","Address":"1B Bragor Pl Ardross WA 6153","Phone number":"(08) 9364 6852"},{"Postcode":"6153","Name":"I B Duncan","Address":"29 The Promenade Mt Pleasant WA 6153","Phone number":"(08) 9364 1388"},{"Postcode":"6153","Name":"I E Duncan","Address":"5 Salen Ct Ardross WA 6153","Phone number":"(08) 9364 5439"},{"Postcode":"6111","Name":"J L Duncan","Address":"29B Tamarind Cres Kelmscott WA 6111","Phone number":"(08) 9495 1629"},{"Postcode":"6155","Name":"D C & M C Duncan","Address":"6 Hyde Cl Canning Vale WA 6155","Phone number":"(08) 9456 1445"},{"Postcode":"6155","Name":"M & C P Duncan","Address":"3 Ragamuffin Tce Willetton WA 6155","Phone number":"(08) 9332 3418"},{"Postcode":"6155","Name":"W & K Duncan","Address":"10 Samphire Rd Canning Vale WA 6155","Phone number":"(08) 9455 2267"},{"Postcode":"6155","Name":"D C & M C Duncan","Address":"6 Hyde Cl Canning Vale WA 6155","Phone number":"(08) 9456 1445"},{"Postcode":"6155","Name":"M & C P Duncan","Address":"3 Ragamuffin Tce Willetton WA 6155","Phone number":"(08) 9332 3418"},{"Postcode":"6155","Name":"W & K Duncan","Address":"10 Samphire Rd Canning Vale WA 6155","Phone number":"(08) 9455 2267"},{"Postcode":"6107","Name":"P Duncan","Address":"5 Fern Rd Wilson WA 6107","Phone number":"(08) 9458 8641"},{"Postcode":"6122","Name":"B J Duncan","Address":"125 Larsen Rd Byford WA 6122","Phone number":"(08) 9525 1402"},{"Postcode":"6230","Name":"A B Duncan","Address":"11 Norrie St South Bunbury WA 6230","Phone number":"(08) 9791 4725"},{"Postcode":"6020","Name":"G Duncan","Address":"16 Anaconda Pl Sorrento WA 6020","Phone number":"(08) 9243 5030"},{"Postcode":"6020","Name":"H Duncan","Address":"12 Hazelwood Loop Carine WA 6020","Phone number":"(04) 3952 2296"},{"Postcode":"6020","Name":"H M Duncan","Address":"12 Hazelwood Loop Carine WA 6020","Phone number":"(08) 9447 6682"},{"Postcode":"6101","Name":"A J Duncan","Address":"65 Willis St East Victoria Park WA 6101","Phone number":"(08) 9470 2707"},{"Postcode":"6101","Name":"R G Duncan","Address":"29 Mercury St Carlisle WA 6101","Phone number":"(08) 9362 4317"},{"Postcode":"6076","Name":"D Duncan","Address":"18 Petunia St Kalamunda WA 6076","Phone number":"(08) 9293 1893"},{"Postcode":"6076","Name":"M Duncan","Address":"12 Taylor Rd Kalamunda WA 6076","Phone number":"(08) 9454 9788"},{"Postcode":"6076","Name":"R & D Duncan","Address":"31 Railway Rd Kalamunda WA 6076","Phone number":"(08) 9257 2595"},{"Postcode":"6076","Name":"S Duncan","Address":"12 Taylor Rd Kalamunda WA 6076","Phone number":"(04) 3329 1813"},{"Postcode":"6031","Name":"H Duncan","Address":"31 Litchfield Crs Carramar WA 6031","Phone number":"(08) 9206 2600"},{"Postcode":"6167","Name":"K W Duncan","Address":"3 Casserley Way Orelia WA 6167","Phone number":"(08) 9419 2752"},{"Postcode":"6167","Name":"L Duncan","Address":"Un 5 12 Partridge St Orelia WA 6167","Phone number":"(08) 9439 3694"},{"Postcode":"6167","Name":"W Duncan","Address":"Un 1 45 Chilcott St Calista WA 6167","Phone number":"(08) 9419 1241"},{"Postcode":"6111","Name":"J L Duncan","Address":"29B Tamarind Cres Kelmscott WA 6111","Phone number":"(08) 9495 1629"},{"Postcode":"6018","Name":"B Duncan","Address":"43 B Thor St Innaloo WA 6018","Phone number":"(04) 2717 6610"},{"Postcode":"6018","Name":"R Duncan","Address":"14 Jacana Cir Gwelup WA 6018","Phone number":"(08) 9448 4190"},{"Postcode":"6010","Name":"B Duncan","Address":"42/ 141 Claremont Crs Swanbourne WA 6010","Phone number":"(08) 9286 0542"},{"Postcode":"6010","Name":"S A Duncan","Address":"42A Devon Rd Swanbourne WA 6010","Phone number":"(08) 9384 4419"},{"Postcode":"6010","Name":"B Duncan","Address":"42/ 141 Claremont Crs Swanbourne WA 6010","Phone number":"(08) 9286 0542"},{"Postcode":"6010","Name":"S A Duncan","Address":"42A Devon Rd Swanbourne WA 6010","Phone number":"(08) 9384 4419"},{"Postcode":"6210","Name":"C Duncan","Address":"44 Myerick St Mandurah WA 6210","Phone number":"(04) 0892 8489"},{"Postcode":"6210","Name":"P Duncan","Address":"11 Cherry Hills Rtt Meadow Springs WA 6210","Phone number":"(08) 9581 8619"},{"Postcode":"6210","Name":"S Duncan","Address":"44 Myerick St Mandurah WA 6210","Phone number":"(08) 9582 9416"},{"Postcode":"6230","Name":"A B Duncan","Address":"11 Norrie St South Bunbury WA 6230","Phone number":"(08) 9791 4725"},{"Postcode":"6027","Name":"L Duncan","Address":"28 Kylena Glade Ocean Reef WA 6027","Phone number":"(08) 9300 4759"},{"Postcode":"6210","Name":"C Duncan","Address":"44 Myerick St Mandurah WA 6210","Phone number":"(04) 0892 8489"},{"Postcode":"6210","Name":"P Duncan","Address":"11 Cherry Hills Rtt Meadow Springs WA 6210","Phone number":"(08) 9581 8619"},{"Postcode":"6210","Name":"S Duncan","Address":"44 Myerick St Mandurah WA 6210","Phone number":"(08) 9582 9416"},{"Postcode":"6166","Name":"J Duncan","Address":"10 Careening Wy Coogee WA 6166","Phone number":"(08) 6191 0651"},{"Postcode":"6163","Name":"A Duncan","Address":"37 Ranford Loop Kardinya WA 6163","Phone number":"(08) 9332 0037"},{"Postcode":"6168","Name":"Mr H Duncan","Address":"36 Morritt Cl Rockingham WA 6168","Phone number":"(08) 9527 4160"},{"Postcode":"6168","Name":"J Duncan.","Address":"25 Stainer Ave Rockingham WA 6168","Phone number":"(08) 9527 5151"},{"Postcode":"6011","Name":"Mr E Duncan","Address":"58 North St Cottesloe WA 6011","Phone number":"(08) 9384 5479"},{"Postcode":"6025","Name":"A Duncan","Address":"4 Barrallier Way Padbury WA 6025","Phone number":"(08) 9403 4680"},{"Postcode":"6025","Name":"G G & G E Duncan","Address":"11 Newcombe Way Padbury WA 6025","Phone number":"(08) 9401 0932"},{"Postcode":"6025","Name":"J A Duncan","Address":"5 Gillen Ct Padbury WA 6025","Phone number":"(08) 9403 2679"},{"Postcode":"6025","Name":"R W & M H Duncan","Address":"21 Arawa Pl Craigie WA 6025","Phone number":"(08) 9307 1628"},{"Postcode":"6009","Name":"D Duncan","Address":"6 Marita Rd Nedlands WA 6009","Phone number":"(08) 9386 3406"},{"Postcode":"6009","Name":"N Duncan","Address":"Un 4 10 Kings Park Ave Crawley WA 6009","Phone number":"(08) 9386 6844"},{"Postcode":"6028","Name":"E Duncan","Address":"30 St James App Iluka WA 6028","Phone number":"(08) 9304 0170"},{"Postcode":"6028","Name":"N Duncan","Address":"28 Annandale Cir Kinross WA 6028","Phone number":"(08) 9304 7868"},{"Postcode":"6008","Name":"P D Duncan","Address":"276 Bagot Rd Subiaco WA 6008","Phone number":"(08) 9388 1353"},{"Postcode":"6009","Name":"D Duncan","Address":"6 Marita Rd Nedlands WA 6009","Phone number":"(08) 9386 3406"},{"Postcode":"6009","Name":"N Duncan","Address":"Un 4 10 Kings Park Ave Crawley WA 6009","Phone number":"(08) 9386 6844"},{"Postcode":"6230","Name":"A B Duncan","Address":"11 Norrie St South Bunbury WA 6230","Phone number":"(08) 9791 4725"},{"Postcode":"6065","Name":"S & S Duncan","Address":"24 Cesare Crcle Madeley WA 6065","Phone number":"(08) 9409 2102"},{"Postcode":"6065","Name":"T L Duncan","Address":"34 Waldburg Drv Tapping WA 6065","Phone number":"(08) 9405 4247"},{"Postcode":"6122","Name":"B J Duncan","Address":"125 Larsen Rd Byford WA 6122","Phone number":"(08) 9525 1402"},{"Postcode":"6230","Name":"A B Duncan","Address":"11 Norrie St South Bunbury WA 6230","Phone number":"(08) 9791 4725"},{"Postcode":"6210","Name":"C Duncan","Address":"44 Myerick St Mandurah WA 6210","Phone number":"(04) 0892 8489"},{"Postcode":"6210","Name":"P Duncan","Address":"11 Cherry Hills Rtt Meadow Springs WA 6210","Phone number":"(08) 9581 8619"},{"Postcode":"6210","Name":"S Duncan","Address":"44 Myerick St Mandurah WA 6210","Phone number":"(08) 9582 9416"},{"Postcode":"6059","Name":"Mrs J Duncan","Address":"Un 4 388 Alexander Drv Dianella WA 6059","Phone number":"(08) 9276 1031"},{"Postcode":"6060","Name":"C Duncan","Address":"126 Virgil Ave Yokine WA 6060","Phone number":"(08) 9275 3723"},{"Postcode":"6018","Name":"B Duncan","Address":"43 B Thor St Innaloo WA 6018","Phone number":"(04) 2717 6610"},{"Postcode":"6018","Name":"R Duncan","Address":"14 Jacana Cir Gwelup WA 6018","Phone number":"(08) 9448 4190"},{"Postcode":"6210","Name":"C Duncan","Address":"44 Myerick St Mandurah WA 6210","Phone number":"(04) 0892 8489"},{"Postcode":"6210","Name":"P Duncan","Address":"11 Cherry Hills Rtt Meadow Springs WA 6210","Phone number":"(08) 9581 8619"},{"Postcode":"6210","Name":"S Duncan","Address":"44 Myerick St Mandurah WA 6210","Phone number":"(08) 9582 9416"},{"Postcode":"6023","Name":"B Duncan","Address":"5 Murray Pl Duncraig WA 6023","Phone number":"(08) 9447 7046"},{"Postcode":"6023","Name":"P Duncan","Address":"16 Readshaw Rd Duncraig WA 6023","Phone number":"(08) 9448 8815"},{"Postcode":"6023","Name":"S Duncan","Address":"1 Abelia Crt Duncraig WA 6023","Phone number":"(08) 9447 4707"},{"Postcode":"6213","Name":"P Duncan","Address":"Holyoake Rd Dwellingup WA 6213","Phone number":"(08) 9538 1606"},{"Postcode":"6230","Name":"A B Duncan","Address":"11 Norrie St South Bunbury WA 6230","Phone number":"(08) 9791 4725"},{"Postcode":"6168","Name":"Mr H Duncan","Address":"36 Morritt Cl Rockingham WA 6168","Phone number":"(08) 9527 4160"},{"Postcode":"6168","Name":"J Duncan.","Address":"25 Stainer Ave Rockingham WA 6168","Phone number":"(08) 9527 5151"},{"Postcode":"6101","Name":"A J Duncan","Address":"65 Willis St East Victoria Park WA 6101","Phone number":"(08) 9470 2707"},{"Postcode":"6101","Name":"R G Duncan","Address":"29 Mercury St Carlisle WA 6101","Phone number":"(08) 9362 4317"},{"Postcode":"6232","Name":"S Duncan","Address":"1 Leicester Rmbl Eaton WA 6232","Phone number":"(08) 9724 1163"},{"Postcode":"6054","Name":"C R & L V Duncan","Address":"123 Morley Drv East Eden Hill WA 6054","Phone number":"(08) 9377 2288"},{"Postcode":"6054","Name":"I Duncan","Address":"20 Lukin Way Bassendean WA 6054","Phone number":"(08) 9279 4144"},{"Postcode":"6054","Name":"S Duncan","Address":"194A Anzac Tce Bassendean WA 6054","Phone number":"(08) 9379 2402"},{"Postcode":"6027","Name":"L Duncan","Address":"28 Kylena Glade Ocean Reef WA 6027","Phone number":"(08) 9300 4759"},{"Postcode":"6069","Name":"Allan James Duncan","Address":"155 Charlottes Vis Ellenbrook WA 6069","Phone number":"(08) 9297 1693"},{"Postcode":"6069","Name":"Allan James Duncan","Address":"155 Charlottes Vis Ellenbrook WA 6069","Phone number":"(08) 9297 1693"},{"Postcode":"6062","Name":"M Duncan","Address":"11 Cooper Rd Morley WA 6062","Phone number":"(08) 9275 0785"},{"Postcode":"6210","Name":"C Duncan","Address":"44 Myerick St Mandurah WA 6210","Phone number":"(04) 0892 8489"},{"Postcode":"6210","Name":"P Duncan","Address":"11 Cherry Hills Rtt Meadow Springs WA 6210","Phone number":"(08) 9581 8619"},{"Postcode":"6210","Name":"S Duncan","Address":"44 Myerick St Mandurah WA 6210","Phone number":"(08) 9582 9416"},{"Postcode":"6213","Name":"P Duncan","Address":"Holyoake Rd Dwellingup WA 6213","Phone number":"(08) 9538 1606"},{"Postcode":"6208","Name":"L Duncan","Address":"24 Farmer Loop Pinjarra WA 6208","Phone number":"(08) 9530 4185"},{"Postcode":"6210","Name":"C Duncan","Address":"44 Myerick St Mandurah WA 6210","Phone number":"(04) 0892 8489"},{"Postcode":"6210","Name":"P Duncan","Address":"11 Cherry Hills Rtt Meadow Springs WA 6210","Phone number":"(08) 9581 8619"},{"Postcode":"6210","Name":"S Duncan","Address":"44 Myerick St Mandurah WA 6210","Phone number":"(08) 9582 9416"},{"Postcode":"6112","Name":"Mrs R Duncan","Address":"14 Challis Rd Armadale WA 6112","Phone number":"(08) 9399 6638"},{"Postcode":"6112","Name":"S Duncan","Address":"10 Kaliman Bend Harrisdale WA 6112","Phone number":"(08) 9397 1971"},{"Postcode":"6210","Name":"C Duncan","Address":"44 Myerick St Mandurah WA 6210","Phone number":"(04) 0892 8489"},{"Postcode":"6210","Name":"P Duncan","Address":"11 Cherry Hills Rtt Meadow Springs WA 6210","Phone number":"(08) 9581 8619"},{"Postcode":"6210","Name":"S Duncan","Address":"44 Myerick St Mandurah WA 6210","Phone number":"(08) 9582 9416"},{"Postcode":"6168","Name":"Mr H Duncan","Address":"36 Morritt Cl Rockingham WA 6168","Phone number":"(08) 9527 4160"},{"Postcode":"6168","Name":"J Duncan.","Address":"25 Stainer Ave Rockingham WA 6168","Phone number":"(08) 9527 5151"},{"Postcode":"6230","Name":"A B Duncan","Address":"11 Norrie St South Bunbury WA 6230","Phone number":"(08) 9791 4725"},{"Postcode":"6083","Name":"I C Duncan","Address":"20 Peaceful La Gidgegannup WA 6083","Phone number":"(08) 9574 6475"},{"Postcode":"6083","Name":"M & D Duncan","Address":"66 Peaceful La Gidgegannup WA 6083","Phone number":"(08) 9574 6284"},{"Postcode":"6083","Name":"T & K Buie-Duncan","Address":"Grandis Rd Morangup WA 6083","Phone number":"(04) 1325 6628"},{"Postcode":"6064","Name":"D Duncan","Address":"7 Burnham Way Girrawheen WA 6064","Phone number":"(08) 9343 5739"},{"Postcode":"6071","Name":"K Duncan","Address":"19 Glenwood Ave Glen Forrest WA 6071","Phone number":"(08) 9298 8883"},{"Postcode":"6230","Name":"A B Duncan","Address":"11 Norrie St South Bunbury WA 6230","Phone number":"(08) 9791 4725"},{"Postcode":"6023","Name":"B Duncan","Address":"5 Murray Pl Duncraig WA 6023","Phone number":"(08) 9447 7046"},{"Postcode":"6023","Name":"P Duncan","Address":"16 Readshaw Rd Duncraig WA 6023","Phone number":"(08) 9448 8815"},{"Postcode":"6023","Name":"S Duncan","Address":"1 Abelia Crt Duncraig WA 6023","Phone number":"(08) 9447 4707"},{"Postcode":"6065","Name":"S & S Duncan","Address":"24 Cesare Crcle Madeley WA 6065","Phone number":"(08) 9409 2102"},{"Postcode":"6065","Name":"T L Duncan","Address":"34 Waldburg Drv Tapping WA 6065","Phone number":"(08) 9405 4247"},{"Postcode":"6174","Name":"C Duncan","Address":"56 Karunjie Rd Golden Bay WA 6174","Phone number":"(04) 1369 5340"},{"Postcode":"6076","Name":"D Duncan","Address":"18 Petunia St Kalamunda WA 6076","Phone number":"(08) 9293 1893"},{"Postcode":"6076","Name":"M Duncan","Address":"12 Taylor Rd Kalamunda WA 6076","Phone number":"(08) 9454 9788"},{"Postcode":"6076","Name":"R & D Duncan","Address":"31 Railway Rd Kalamunda WA 6076","Phone number":"(08) 9257 2595"},{"Postcode":"6076","Name":"S Duncan","Address":"12 Taylor Rd Kalamunda WA 6076","Phone number":"(04) 3329 1813"},{"Postcode":"6110","Name":"C Duncan","Address":"83 Dorothy St Gosnells WA 6110","Phone number":"(08) 9398 4633"},{"Postcode":"6110","Name":"P Duncan","Address":"16 Lycett Turn Southern River WA 6110","Phone number":"(04) 3344 0881"},{"Postcode":"6210","Name":"C Duncan","Address":"44 Myerick St Mandurah WA 6210","Phone number":"(04) 0892 8489"},{"Postcode":"6210","Name":"P Duncan","Address":"11 Cherry Hills Rtt Meadow Springs WA 6210","Phone number":"(08) 9581 8619"},{"Postcode":"6210","Name":"S Duncan","Address":"44 Myerick St Mandurah WA 6210","Phone number":"(08) 9582 9416"},{"Postcode":"6056","Name":"J T Duncan","Address":"Un 2 27 Charles St Midland WA 6056","Phone number":"(08) 9274 6412"},{"Postcode":"6018","Name":"B Duncan","Address":"43 B Thor St Innaloo WA 6018","Phone number":"(04) 2717 6610"},{"Postcode":"6018","Name":"R Duncan","Address":"14 Jacana Cir Gwelup WA 6018","Phone number":"(08) 9448 4190"},{"Postcode":"6076","Name":"D Duncan","Address":"18 Petunia St Kalamunda WA 6076","Phone number":"(08) 9293 1893"},{"Postcode":"6076","Name":"M Duncan","Address":"12 Taylor Rd Kalamunda WA 6076","Phone number":"(08) 9454 9788"},{"Postcode":"6076","Name":"R & D Duncan","Address":"31 Railway Rd Kalamunda WA 6076","Phone number":"(08) 9257 2595"},{"Postcode":"6076","Name":"S Duncan","Address":"12 Taylor Rd Kalamunda WA 6076","Phone number":"(04) 3329 1813"},{"Postcode":"6210","Name":"C Duncan","Address":"44 Myerick St Mandurah WA 6210","Phone number":"(04) 0892 8489"},{"Postcode":"6210","Name":"P Duncan","Address":"11 Cherry Hills Rtt Meadow Springs WA 6210","Phone number":"(08) 9581 8619"},{"Postcode":"6210","Name":"S Duncan","Address":"44 Myerick St Mandurah WA 6210","Phone number":"(08) 9582 9416"},{"Postcode":"6163","Name":"A Duncan","Address":"37 Ranford Loop Kardinya WA 6163","Phone number":"(08) 9332 0037"},{"Postcode":"6164","Name":"A Duncan","Address":"46 Dean Rd Jandakot WA 6164","Phone number":"(08) 9417 9064"},{"Postcode":"6164","Name":"A C Duncan","Address":"18 Strand Cl Atwell WA 6164","Phone number":"(08) 9414 3808"},{"Postcode":"6164","Name":"J Duncan","Address":"16 Lorne Ave Hammond Park WA 6164","Phone number":"(08) 6595 3769"},{"Postcode":"6164","Name":"J F & R J Duncan","Address":"22 Riversdale Pass Jandakot WA 6164","Phone number":"(08) 9414 7281"},{"Postcode":"6027","Name":"L Duncan","Address":"28 Kylena Glade Ocean Reef WA 6027","Phone number":"(08) 9300 4759"},{"Postcode":"6056","Name":"J T Duncan","Address":"Un 2 27 Charles St Midland WA 6056","Phone number":"(08) 9274 6412"},{"Postcode":"6166","Name":"J Duncan","Address":"10 Careening Wy Coogee WA 6166","Phone number":"(08) 6191 0651"},{"Postcode":"6056","Name":"J T Duncan","Address":"Un 2 27 Charles St Midland WA 6056","Phone number":"(08) 9274 6412"},{"Postcode":"6210","Name":"C Duncan","Address":"44 Myerick St Mandurah WA 6210","Phone number":"(04) 0892 8489"},{"Postcode":"6210","Name":"P Duncan","Address":"11 Cherry Hills Rtt Meadow Springs WA 6210","Phone number":"(08) 9581 8619"},{"Postcode":"6210","Name":"S Duncan","Address":"44 Myerick St Mandurah WA 6210","Phone number":"(08) 9582 9416"},{"Postcode":"6057","Name":"A B & J M Duncan","Address":"1 Cootamundra Way Maida Vale WA 6057","Phone number":"(08) 9454 6945"},{"Postcode":"6025","Name":"A Duncan","Address":"4 Barrallier Way Padbury WA 6025","Phone number":"(08) 9403 4680"},{"Postcode":"6025","Name":"G G & G E Duncan","Address":"11 Newcombe Way Padbury WA 6025","Phone number":"(08) 9401 0932"},{"Postcode":"6025","Name":"J A Duncan","Address":"5 Gillen Ct Padbury WA 6025","Phone number":"(08) 9403 2679"},{"Postcode":"6025","Name":"R W & M H Duncan","Address":"21 Arawa Pl Craigie WA 6025","Phone number":"(08) 9307 1628"},{"Postcode":"6168","Name":"Mr H Duncan","Address":"36 Morritt Cl Rockingham WA 6168","Phone number":"(08) 9527 4160"},{"Postcode":"6168","Name":"J Duncan.","Address":"25 Stainer Ave Rockingham WA 6168","Phone number":"(08) 9527 5151"},{"Postcode":"6163","Name":"A Duncan","Address":"37 Ranford Loop Kardinya WA 6163","Phone number":"(08) 9332 0037"},{"Postcode":"6065","Name":"S & S Duncan","Address":"24 Cesare Crcle Madeley WA 6065","Phone number":"(08) 9409 2102"},{"Postcode":"6065","Name":"T L Duncan","Address":"34 Waldburg Drv Tapping WA 6065","Phone number":"(08) 9405 4247"},{"Postcode":"6213","Name":"P Duncan","Address":"Holyoake Rd Dwellingup WA 6213","Phone number":"(08) 9538 1606"},{"Postcode":"6071","Name":"K Duncan","Address":"19 Glenwood Ave Glen Forrest WA 6071","Phone number":"(08) 9298 8883"},{"Postcode":"6110","Name":"C Duncan","Address":"83 Dorothy St Gosnells WA 6110","Phone number":"(08) 9398 4633"},{"Postcode":"6110","Name":"P Duncan","Address":"16 Lycett Turn Southern River WA 6110","Phone number":"(04) 3344 0881"},{"Postcode":"6028","Name":"E Duncan","Address":"30 St James App Iluka WA 6028","Phone number":"(08) 9304 0170"},{"Postcode":"6028","Name":"N Duncan","Address":"28 Annandale Cir Kinross WA 6028","Phone number":"(08) 9304 7868"},{"Postcode":"6213","Name":"P Duncan","Address":"Holyoake Rd Dwellingup WA 6213","Phone number":"(08) 9538 1606"},{"Postcode":"6018","Name":"B Duncan","Address":"43 B Thor St Innaloo WA 6018","Phone number":"(04) 2717 6610"},{"Postcode":"6018","Name":"R Duncan","Address":"14 Jacana Cir Gwelup WA 6018","Phone number":"(08) 9448 4190"},{"Postcode":"6065","Name":"S & S Duncan","Address":"24 Cesare Crcle Madeley WA 6065","Phone number":"(08) 9409 2102"},{"Postcode":"6065","Name":"T L Duncan","Address":"34 Waldburg Drv Tapping WA 6065","Phone number":"(08) 9405 4247"},{"Postcode":"6164","Name":"A Duncan","Address":"46 Dean Rd Jandakot WA 6164","Phone number":"(08) 9417 9064"},{"Postcode":"6164","Name":"A C Duncan","Address":"18 Strand Cl Atwell WA 6164","Phone number":"(08) 9414 3808"},{"Postcode":"6164","Name":"J Duncan","Address":"16 Lorne Ave Hammond Park WA 6164","Phone number":"(08) 6595 3769"},{"Postcode":"6164","Name":"J F & R J Duncan","Address":"22 Riversdale Pass Jandakot WA 6164","Phone number":"(08) 9414 7281"},{"Postcode":"6056","Name":"J T Duncan","Address":"Un 2 27 Charles St Midland WA 6056","Phone number":"(08) 9274 6412"},{"Postcode":"6124","Name":"S Duncan","Address":"79 Hughes Rd Jarrahdale WA 6124","Phone number":"(08) 9526 0720"},{"Postcode":"6036","Name":"Ms Muiriel Duncan","Address":"2 Royston Link Butler WA 6036","Phone number":"(08) 9562 3723"},{"Postcode":"6027","Name":"L Duncan","Address":"28 Kylena Glade Ocean Reef WA 6027","Phone number":"(08) 9300 4759"},{"Postcode":"6060","Name":"C Duncan","Address":"126 Virgil Ave Yokine WA 6060","Phone number":"(08) 9275 3723"},{"Postcode":"6076","Name":"D Duncan","Address":"18 Petunia St Kalamunda WA 6076","Phone number":"(08) 9293 1893"},{"Postcode":"6076","Name":"M Duncan","Address":"12 Taylor Rd Kalamunda WA 6076","Phone number":"(08) 9454 9788"},{"Postcode":"6076","Name":"R & D Duncan","Address":"31 Railway Rd Kalamunda WA 6076","Phone number":"(08) 9257 2595"},{"Postcode":"6076","Name":"S Duncan","Address":"12 Taylor Rd Kalamunda WA 6076","Phone number":"(04) 3329 1813"},{"Postcode":"6025","Name":"A Duncan","Address":"4 Barrallier Way Padbury WA 6025","Phone number":"(08) 9403 4680"},{"Postcode":"6025","Name":"G G & G E Duncan","Address":"11 Newcombe Way Padbury WA 6025","Phone number":"(08) 9401 0932"},{"Postcode":"6025","Name":"J A Duncan","Address":"5 Gillen Ct Padbury WA 6025","Phone number":"(08) 9403 2679"},{"Postcode":"6025","Name":"R W & M H Duncan","Address":"21 Arawa Pl Craigie WA 6025","Phone number":"(08) 9307 1628"},{"Postcode":"6163","Name":"A Duncan","Address":"37 Ranford Loop Kardinya WA 6163","Phone number":"(08) 9332 0037"},{"Postcode":"6111","Name":"J L Duncan","Address":"29B Tamarind Cres Kelmscott WA 6111","Phone number":"(08) 9495 1629"},{"Postcode":"6010","Name":"B Duncan","Address":"42/ 141 Claremont Crs Swanbourne WA 6010","Phone number":"(08) 9286 0542"},{"Postcode":"6010","Name":"S A Duncan","Address":"42A Devon Rd Swanbourne WA 6010","Phone number":"(08) 9384 4419"},{"Postcode":"6122","Name":"B J Duncan","Address":"125 Larsen Rd Byford WA 6122","Phone number":"(08) 9525 1402"},{"Postcode":"6018","Name":"B Duncan","Address":"43 B Thor St Innaloo WA 6018","Phone number":"(04) 2717 6610"},{"Postcode":"6018","Name":"R Duncan","Address":"14 Jacana Cir Gwelup WA 6018","Phone number":"(08) 9448 4190"},{"Postcode":"6111","Name":"J L Duncan","Address":"29B Tamarind Cres Kelmscott WA 6111","Phone number":"(08) 9495 1629"},{"Postcode":"6151","Name":"M Duncan","Address":"U 5 10 Hensman St South Perth WA 6151","Phone number":"(08) 6216 0134"},{"Postcode":"6107","Name":"P Duncan","Address":"5 Fern Rd Wilson WA 6107","Phone number":"(08) 9458 8641"},{"Postcode":"6054","Name":"C R & L V Duncan","Address":"123 Morley Drv East Eden Hill WA 6054","Phone number":"(08) 9377 2288"},{"Postcode":"6054","Name":"I Duncan","Address":"20 Lukin Way Bassendean WA 6054","Phone number":"(08) 9279 4144"},{"Postcode":"6054","Name":"S Duncan","Address":"194A Anzac Tce Bassendean WA 6054","Phone number":"(08) 9379 2402"},{"Postcode":"6026","Name":"M Duncan","Address":"9 Alderhaus Drv Kingsley WA 6026","Phone number":"(08) 9409 5994"},{"Postcode":"6065","Name":"S & S Duncan","Address":"24 Cesare Crcle Madeley WA 6065","Phone number":"(08) 9409 2102"},{"Postcode":"6065","Name":"T L Duncan","Address":"34 Waldburg Drv Tapping WA 6065","Phone number":"(08) 9405 4247"},{"Postcode":"6028","Name":"E Duncan","Address":"30 St James App Iluka WA 6028","Phone number":"(08) 9304 0170"},{"Postcode":"6028","Name":"N Duncan","Address":"28 Annandale Cir Kinross WA 6028","Phone number":"(08) 9304 7868"},{"Postcode":"6064","Name":"D Duncan","Address":"7 Burnham Way Girrawheen WA 6064","Phone number":"(08) 9343 5739"},{"Postcode":"6056","Name":"J T Duncan","Address":"Un 2 27 Charles St Midland WA 6056","Phone number":"(08) 9274 6412"},{"Postcode":"6167","Name":"K W Duncan","Address":"3 Casserley Way Orelia WA 6167","Phone number":"(08) 9419 2752"},{"Postcode":"6167","Name":"L Duncan","Address":"Un 5 12 Partridge St Orelia WA 6167","Phone number":"(08) 9439 3694"},{"Postcode":"6167","Name":"W Duncan","Address":"Un 1 45 Chilcott St Calista WA 6167","Phone number":"(08) 9419 1241"},{"Postcode":"6167","Name":"K W Duncan","Address":"3 Casserley Way Orelia WA 6167","Phone number":"(08) 9419 2752"},{"Postcode":"6167","Name":"L Duncan","Address":"Un 5 12 Partridge St Orelia WA 6167","Phone number":"(08) 9439 3694"},{"Postcode":"6167","Name":"W Duncan","Address":"Un 1 45 Chilcott St Calista WA 6167","Phone number":"(08) 9419 1241"},{"Postcode":"6210","Name":"C Duncan","Address":"44 Myerick St Mandurah WA 6210","Phone number":"(04) 0892 8489"},{"Postcode":"6210","Name":"P Duncan","Address":"11 Cherry Hills Rtt Meadow Springs WA 6210","Phone number":"(08) 9581 8619"},{"Postcode":"6210","Name":"S Duncan","Address":"44 Myerick St Mandurah WA 6210","Phone number":"(08) 9582 9416"},{"Postcode":"6065","Name":"S & S Duncan","Address":"24 Cesare Crcle Madeley WA 6065","Phone number":"(08) 9409 2102"},{"Postcode":"6065","Name":"T L Duncan","Address":"34 Waldburg Drv Tapping WA 6065","Phone number":"(08) 9405 4247"},{"Postcode":"6149","Name":"R Duncan","Address":"4 Gribble Rd Bull Creek WA 6149","Phone number":"(04) 2892 7366"},{"Postcode":"6233","Name":"E M Duncan","Address":"52 Cathedral Ave Australind WA 6233","Phone number":"(08) 9797 1329"},{"Postcode":"6233","Name":"K Duncan","Address":"12 Carpenter Tce Australind WA 6233","Phone number":"(08) 9797 3236"},{"Postcode":"6076","Name":"D Duncan","Address":"18 Petunia St Kalamunda WA 6076","Phone number":"(08) 9293 1893"},{"Postcode":"6076","Name":"M Duncan","Address":"12 Taylor Rd Kalamunda WA 6076","Phone number":"(08) 9454 9788"},{"Postcode":"6076","Name":"R & D Duncan","Address":"31 Railway Rd Kalamunda WA 6076","Phone number":"(08) 9257 2595"},{"Postcode":"6076","Name":"S Duncan","Address":"12 Taylor Rd Kalamunda WA 6076","Phone number":"(04) 3329 1813"},{"Postcode":"6065","Name":"S & S Duncan","Address":"24 Cesare Crcle Madeley WA 6065","Phone number":"(08) 9409 2102"},{"Postcode":"6065","Name":"T L Duncan","Address":"34 Waldburg Drv Tapping WA 6065","Phone number":"(08) 9405 4247"},{"Postcode":"6054","Name":"C R & L V Duncan","Address":"123 Morley Drv East Eden Hill WA 6054","Phone number":"(08) 9377 2288"},{"Postcode":"6054","Name":"I Duncan","Address":"20 Lukin Way Bassendean WA 6054","Phone number":"(08) 9279 4144"},{"Postcode":"6054","Name":"S Duncan","Address":"194A Anzac Tce Bassendean WA 6054","Phone number":"(08) 9379 2402"},{"Postcode":"6065","Name":"S & S Duncan","Address":"24 Cesare Crcle Madeley WA 6065","Phone number":"(08) 9409 2102"},{"Postcode":"6065","Name":"T L Duncan","Address":"34 Waldburg Drv Tapping WA 6065","Phone number":"(08) 9405 4247"},{"Postcode":"6210","Name":"C Duncan","Address":"44 Myerick St Mandurah WA 6210","Phone number":"(04) 0892 8489"},{"Postcode":"6210","Name":"P Duncan","Address":"11 Cherry Hills Rtt Meadow Springs WA 6210","Phone number":"(08) 9581 8619"},{"Postcode":"6210","Name":"S Duncan","Address":"44 Myerick St Mandurah WA 6210","Phone number":"(08) 9582 9416"},{"Postcode":"6057","Name":"A B & J M Duncan","Address":"1 Cootamundra Way Maida Vale WA 6057","Phone number":"(08) 9454 6945"},{"Postcode":"6167","Name":"K W Duncan","Address":"3 Casserley Way Orelia WA 6167","Phone number":"(08) 9419 2752"},{"Postcode":"6167","Name":"L Duncan","Address":"Un 5 12 Partridge St Orelia WA 6167","Phone number":"(08) 9439 3694"},{"Postcode":"6167","Name":"W Duncan","Address":"Un 1 45 Chilcott St Calista WA 6167","Phone number":"(08) 9419 1241"},{"Postcode":"6210","Name":"C Duncan","Address":"44 Myerick St Mandurah WA 6210","Phone number":"(04) 0892 8489"},{"Postcode":"6210","Name":"P Duncan","Address":"11 Cherry Hills Rtt Meadow Springs WA 6210","Phone number":"(08) 9581 8619"},{"Postcode":"6210","Name":"S Duncan","Address":"44 Myerick St Mandurah WA 6210","Phone number":"(08) 9582 9416"},{"Postcode":"6210","Name":"C Duncan","Address":"44 Myerick St Mandurah WA 6210","Phone number":"(04) 0892 8489"},{"Postcode":"6210","Name":"P Duncan","Address":"11 Cherry Hills Rtt Meadow Springs WA 6210","Phone number":"(08) 9581 8619"},{"Postcode":"6210","Name":"S Duncan","Address":"44 Myerick St Mandurah WA 6210","Phone number":"(08) 9582 9416"},{"Postcode":"6210","Name":"C Duncan","Address":"44 Myerick St Mandurah WA 6210","Phone number":"(04) 0892 8489"},{"Postcode":"6210","Name":"P Duncan","Address":"11 Cherry Hills Rtt Meadow Springs WA 6210","Phone number":"(08) 9581 8619"},{"Postcode":"6210","Name":"S Duncan","Address":"44 Myerick St Mandurah WA 6210","Phone number":"(08) 9582 9416"},{"Postcode":"6064","Name":"D Duncan","Address":"7 Burnham Way Girrawheen WA 6064","Phone number":"(08) 9343 5739"},{"Postcode":"6065","Name":"S & S Duncan","Address":"24 Cesare Crcle Madeley WA 6065","Phone number":"(08) 9409 2102"},{"Postcode":"6065","Name":"T L Duncan","Address":"34 Waldburg Drv Tapping WA 6065","Phone number":"(08) 9405 4247"},{"Postcode":"6020","Name":"G Duncan","Address":"16 Anaconda Pl Sorrento WA 6020","Phone number":"(08) 9243 5030"},{"Postcode":"6020","Name":"H Duncan","Address":"12 Hazelwood Loop Carine WA 6020","Phone number":"(04) 3952 2296"},{"Postcode":"6020","Name":"H M Duncan","Address":"12 Hazelwood Loop Carine WA 6020","Phone number":"(08) 9447 6682"},{"Postcode":"6213","Name":"P Duncan","Address":"Holyoake Rd Dwellingup WA 6213","Phone number":"(08) 9538 1606"},{"Postcode":"6051","Name":"K Duncan","Address":"Un 4 29 Hubert Rd Maylands WA 6051","Phone number":"(08) 9272 8634"},{"Postcode":"6210","Name":"C Duncan","Address":"44 Myerick St Mandurah WA 6210","Phone number":"(04) 0892 8489"},{"Postcode":"6210","Name":"P Duncan","Address":"11 Cherry Hills Rtt Meadow Springs WA 6210","Phone number":"(08) 9581 8619"},{"Postcode":"6210","Name":"S Duncan","Address":"44 Myerick St Mandurah WA 6210","Phone number":"(08) 9582 9416"},{"Postcode":"6167","Name":"K W Duncan","Address":"3 Casserley Way Orelia WA 6167","Phone number":"(08) 9419 2752"},{"Postcode":"6167","Name":"L Duncan","Address":"Un 5 12 Partridge St Orelia WA 6167","Phone number":"(08) 9439 3694"},{"Postcode":"6167","Name":"W Duncan","Address":"Un 1 45 Chilcott St Calista WA 6167","Phone number":"(08) 9419 1241"},{"Postcode":"6208","Name":"L Duncan","Address":"24 Farmer Loop Pinjarra WA 6208","Phone number":"(08) 9530 4185"},{"Postcode":"6065","Name":"S & S Duncan","Address":"24 Cesare Crcle Madeley WA 6065","Phone number":"(08) 9409 2102"},{"Postcode":"6065","Name":"T L Duncan","Address":"34 Waldburg Drv Tapping WA 6065","Phone number":"(08) 9405 4247"},{"Postcode":"6056","Name":"J T Duncan","Address":"Un 2 27 Charles St Midland WA 6056","Phone number":"(08) 9274 6412"},{"Postcode":"6056","Name":"J T Duncan","Address":"Un 2 27 Charles St Midland WA 6056","Phone number":"(08) 9274 6412"},{"Postcode":"6232","Name":"S Duncan","Address":"1 Leicester Rmbl Eaton WA 6232","Phone number":"(08) 9724 1163"},{"Postcode":"6056","Name":"J T Duncan","Address":"Un 2 27 Charles St Midland WA 6056","Phone number":"(08) 9274 6412"},{"Postcode":"6083","Name":"I C Duncan","Address":"20 Peaceful La Gidgegannup WA 6083","Phone number":"(08) 9574 6475"},{"Postcode":"6083","Name":"M & D Duncan","Address":"66 Peaceful La Gidgegannup WA 6083","Phone number":"(08) 9574 6284"},{"Postcode":"6083","Name":"T & K Buie-Duncan","Address":"Grandis Rd Morangup WA 6083","Phone number":"(04) 1325 6628"},{"Postcode":"6062","Name":"M Duncan","Address":"11 Cooper Rd Morley WA 6062","Phone number":"(08) 9275 0785"},{"Postcode":"6010","Name":"B Duncan","Address":"42/ 141 Claremont Crs Swanbourne WA 6010","Phone number":"(08) 9286 0542"},{"Postcode":"6010","Name":"S A Duncan","Address":"42A Devon Rd Swanbourne WA 6010","Phone number":"(08) 9384 4419"},{"Postcode":"6112","Name":"Mrs R Duncan","Address":"14 Challis Rd Armadale WA 6112","Phone number":"(08) 9399 6638"},{"Postcode":"6112","Name":"S Duncan","Address":"10 Kaliman Bend Harrisdale WA 6112","Phone number":"(08) 9397 1971"},{"Postcode":"6153","Name":"B I & P Duncan","Address":"1B Bragor Pl Ardross WA 6153","Phone number":"(08) 9364 6852"},{"Postcode":"6153","Name":"I B Duncan","Address":"29 The Promenade Mt Pleasant WA 6153","Phone number":"(08) 9364 1388"},{"Postcode":"6153","Name":"I E Duncan","Address":"5 Salen Ct Ardross WA 6153","Phone number":"(08) 9364 5439"},{"Postcode":"6112","Name":"Mrs R Duncan","Address":"14 Challis Rd Armadale WA 6112","Phone number":"(08) 9399 6638"},{"Postcode":"6112","Name":"S Duncan","Address":"10 Kaliman Bend Harrisdale WA 6112","Phone number":"(08) 9397 1971"},{"Postcode":"6027","Name":"L Duncan","Address":"28 Kylena Glade Ocean Reef WA 6027","Phone number":"(08) 9300 4759"},{"Postcode":"6073","Name":"J G & C M Duncan","Address":"10 Grancey Ave Mundaring WA 6073","Phone number":"(08) 9295 3610"},{"Postcode":"6166","Name":"J Duncan","Address":"10 Careening Wy Coogee WA 6166","Phone number":"(08) 6191 0651"},{"Postcode":"6150","Name":"P Duncan","Address":"ST IVES MURDOCH U 8 22 Windelya Rd Murdoch WA 6150","Phone number":"(08) 9310 1367"},{"Postcode":"6154","Name":"O G Duncan","Address":"8 Ainsworth Loop Booragoon WA 6154","Phone number":"(08) 9317 3730"},{"Postcode":"6009","Name":"D Duncan","Address":"6 Marita Rd Nedlands WA 6009","Phone number":"(08) 9386 3406"},{"Postcode":"6009","Name":"N Duncan","Address":"Un 4 10 Kings Park Ave Crawley WA 6009","Phone number":"(08) 9386 6844"},{"Postcode":"6031","Name":"H Duncan","Address":"31 Litchfield Crs Carramar WA 6031","Phone number":"(08) 9206 2600"},{"Postcode":"6208","Name":"L Duncan","Address":"24 Farmer Loop Pinjarra WA 6208","Phone number":"(08) 9530 4185"},{"Postcode":"6062","Name":"M Duncan","Address":"11 Cooper Rd Morley WA 6062","Phone number":"(08) 9275 0785"},{"Postcode":"6020","Name":"G Duncan","Address":"16 Anaconda Pl Sorrento WA 6020","Phone number":"(08) 9243 5030"},{"Postcode":"6020","Name":"H Duncan","Address":"12 Hazelwood Loop Carine WA 6020","Phone number":"(04) 3952 2296"},{"Postcode":"6020","Name":"H M Duncan","Address":"12 Hazelwood Loop Carine WA 6020","Phone number":"(08) 9447 6682"},{"Postcode":"6163","Name":"A Duncan","Address":"37 Ranford Loop Kardinya WA 6163","Phone number":"(08) 9332 0037"},{"Postcode":"6208","Name":"L Duncan","Address":"24 Farmer Loop Pinjarra WA 6208","Phone number":"(08) 9530 4185"},{"Postcode":"6163","Name":"A Duncan","Address":"37 Ranford Loop Kardinya WA 6163","Phone number":"(08) 9332 0037"},{"Postcode":"6208","Name":"L Duncan","Address":"24 Farmer Loop Pinjarra WA 6208","Phone number":"(08) 9530 4185"},{"Postcode":"6027","Name":"L Duncan","Address":"28 Kylena Glade Ocean Reef WA 6027","Phone number":"(08) 9300 4759"},{"Postcode":"6167","Name":"K W Duncan","Address":"3 Casserley Way Orelia WA 6167","Phone number":"(08) 9419 2752"},{"Postcode":"6167","Name":"L Duncan","Address":"Un 5 12 Partridge St Orelia WA 6167","Phone number":"(08) 9439 3694"},{"Postcode":"6167","Name":"W Duncan","Address":"Un 1 45 Chilcott St Calista WA 6167","Phone number":"(08) 9419 1241"},{"Postcode":"6025","Name":"A Duncan","Address":"4 Barrallier Way Padbury WA 6025","Phone number":"(08) 9403 4680"},{"Postcode":"6025","Name":"G G & G E Duncan","Address":"11 Newcombe Way Padbury WA 6025","Phone number":"(08) 9401 0932"},{"Postcode":"6025","Name":"J A Duncan","Address":"5 Gillen Ct Padbury WA 6025","Phone number":"(08) 9403 2679"},{"Postcode":"6025","Name":"R W & M H Duncan","Address":"21 Arawa Pl Craigie WA 6025","Phone number":"(08) 9307 1628"},{"Postcode":"6157","Name":"D M Duncan","Address":"29/ 149 Stock Rd Bicton WA 6157","Phone number":"(08) 9330 0129"},{"Postcode":"6157","Name":"Mrs J P & A Duncan","Address":"81 A Birdwood Crcs East Bicton WA 6157","Phone number":"(08) 9339 6476"},{"Postcode":"6157","Name":"K J Duncan","Address":"Un 1 19 Solomon St Palmyra WA 6157","Phone number":"(08) 9339 7676"},{"Postcode":"6157","Name":"N Duncan","Address":"Un 7 60 Hammad St Palmyra WA 6157","Phone number":"(08) 9438 1250"},{"Postcode":"6157","Name":"R Duncan","Address":"222  b Forrest St Palmyra WA 6157","Phone number":"(08) 6244 9465"},{"Postcode":"6233","Name":"E M Duncan","Address":"52 Cathedral Ave Australind WA 6233","Phone number":"(08) 9797 1329"},{"Postcode":"6233","Name":"K Duncan","Address":"12 Carpenter Tce Australind WA 6233","Phone number":"(08) 9797 3236"},{"Postcode":"6210","Name":"C Duncan","Address":"44 Myerick St Mandurah WA 6210","Phone number":"(04) 0892 8489"},{"Postcode":"6210","Name":"P Duncan","Address":"11 Cherry Hills Rtt Meadow Springs WA 6210","Phone number":"(08) 9581 8619"},{"Postcode":"6210","Name":"S Duncan","Address":"44 Myerick St Mandurah WA 6210","Phone number":"(08) 9582 9416"},{"Postcode":"6167","Name":"K W Duncan","Address":"3 Casserley Way Orelia WA 6167","Phone number":"(08) 9419 2752"},{"Postcode":"6167","Name":"L Duncan","Address":"Un 5 12 Partridge St Orelia WA 6167","Phone number":"(08) 9439 3694"},{"Postcode":"6167","Name":"W Duncan","Address":"Un 1 45 Chilcott St Calista WA 6167","Phone number":"(08) 9419 1241"},{"Postcode":"6076","Name":"D Duncan","Address":"18 Petunia St Kalamunda WA 6076","Phone number":"(08) 9293 1893"},{"Postcode":"6076","Name":"M Duncan","Address":"12 Taylor Rd Kalamunda WA 6076","Phone number":"(08) 9454 9788"},{"Postcode":"6076","Name":"R & D Duncan","Address":"31 Railway Rd Kalamunda WA 6076","Phone number":"(08) 9257 2595"},{"Postcode":"6076","Name":"S Duncan","Address":"12 Taylor Rd Kalamunda WA 6076","Phone number":"(04) 3329 1813"},{"Postcode":"6065","Name":"S & S Duncan","Address":"24 Cesare Crcle Madeley WA 6065","Phone number":"(08) 9409 2102"},{"Postcode":"6065","Name":"T L Duncan","Address":"34 Waldburg Drv Tapping WA 6065","Phone number":"(08) 9405 4247"},{"Postcode":"6230","Name":"A B Duncan","Address":"11 Norrie St South Bunbury WA 6230","Phone number":"(08) 9791 4725"},{"Postcode":"6011","Name":"Mr E Duncan","Address":"58 North St Cottesloe WA 6011","Phone number":"(08) 9384 5479"},{"Postcode":"6168","Name":"Mr H Duncan","Address":"36 Morritt Cl Rockingham WA 6168","Phone number":"(08) 9527 4160"},{"Postcode":"6168","Name":"J Duncan.","Address":"25 Stainer Ave Rockingham WA 6168","Phone number":"(08) 9527 5151"},{"Postcode":"6000","Name":"N A Duncan","Address":"9 Orange Ave Perth WA 6000","Phone number":"(08) 9228 2258"},{"Postcode":"6076","Name":"D Duncan","Address":"18 Petunia St Kalamunda WA 6076","Phone number":"(08) 9293 1893"},{"Postcode":"6076","Name":"M Duncan","Address":"12 Taylor Rd Kalamunda WA 6076","Phone number":"(08) 9454 9788"},{"Postcode":"6076","Name":"R & D Duncan","Address":"31 Railway Rd Kalamunda WA 6076","Phone number":"(08) 9257 2595"},{"Postcode":"6076","Name":"S Duncan","Address":"12 Taylor Rd Kalamunda WA 6076","Phone number":"(04) 3329 1813"},{"Postcode":"6076","Name":"D Duncan","Address":"18 Petunia St Kalamunda WA 6076","Phone number":"(08) 9293 1893"},{"Postcode":"6076","Name":"M Duncan","Address":"12 Taylor Rd Kalamunda WA 6076","Phone number":"(08) 9454 9788"},{"Postcode":"6076","Name":"R & D Duncan","Address":"31 Railway Rd Kalamunda WA 6076","Phone number":"(08) 9257 2595"},{"Postcode":"6076","Name":"S Duncan","Address":"12 Taylor Rd Kalamunda WA 6076","Phone number":"(04) 3329 1813"},{"Postcode":"6065","Name":"S & S Duncan","Address":"24 Cesare Crcle Madeley WA 6065","Phone number":"(08) 9409 2102"},{"Postcode":"6065","Name":"T L Duncan","Address":"34 Waldburg Drv Tapping WA 6065","Phone number":"(08) 9405 4247"},{"Postcode":"6208","Name":"L Duncan","Address":"24 Farmer Loop Pinjarra WA 6208","Phone number":"(08) 9530 4185"},{"Postcode":"6208","Name":"L Duncan","Address":"24 Farmer Loop Pinjarra WA 6208","Phone number":"(08) 9530 4185"},{"Postcode":"6167","Name":"K W Duncan","Address":"3 Casserley Way Orelia WA 6167","Phone number":"(08) 9419 2752"},{"Postcode":"6167","Name":"L Duncan","Address":"Un 5 12 Partridge St Orelia WA 6167","Phone number":"(08) 9439 3694"},{"Postcode":"6167","Name":"W Duncan","Address":"Un 1 45 Chilcott St Calista WA 6167","Phone number":"(08) 9419 1241"},{"Postcode":"6107","Name":"P Duncan","Address":"5 Fern Rd Wilson WA 6107","Phone number":"(08) 9458 8641"},{"Postcode":"6208","Name":"L Duncan","Address":"24 Farmer Loop Pinjarra WA 6208","Phone number":"(08) 9530 4185"},{"Postcode":"6056","Name":"J T Duncan","Address":"Un 2 27 Charles St Midland WA 6056","Phone number":"(08) 9274 6412"},{"Postcode":"6104","Name":"R G & G L Duncan","Address":"292 Daly St Belmont WA 6104","Phone number":"(08) 9277 7486"},{"Postcode":"6076","Name":"D Duncan","Address":"18 Petunia St Kalamunda WA 6076","Phone number":"(08) 9293 1893"},{"Postcode":"6076","Name":"M Duncan","Address":"12 Taylor Rd Kalamunda WA 6076","Phone number":"(08) 9454 9788"},{"Postcode":"6076","Name":"R & D Duncan","Address":"31 Railway Rd Kalamunda WA 6076","Phone number":"(08) 9257 2595"},{"Postcode":"6076","Name":"S Duncan","Address":"12 Taylor Rd Kalamunda WA 6076","Phone number":"(04) 3329 1813"},{"Postcode":"6168","Name":"Mr H Duncan","Address":"36 Morritt Cl Rockingham WA 6168","Phone number":"(08) 9527 4160"},{"Postcode":"6168","Name":"J Duncan.","Address":"25 Stainer Ave Rockingham WA 6168","Phone number":"(08) 9527 5151"},{"Postcode":"6111","Name":"J L Duncan","Address":"29B Tamarind Cres Kelmscott WA 6111","Phone number":"(08) 9495 1629"},{"Postcode":"6163","Name":"A Duncan","Address":"37 Ranford Loop Kardinya WA 6163","Phone number":"(08) 9332 0037"},{"Postcode":"6210","Name":"C Duncan","Address":"44 Myerick St Mandurah WA 6210","Phone number":"(04) 0892 8489"},{"Postcode":"6210","Name":"P Duncan","Address":"11 Cherry Hills Rtt Meadow Springs WA 6210","Phone number":"(08) 9581 8619"},{"Postcode":"6210","Name":"S Duncan","Address":"44 Myerick St Mandurah WA 6210","Phone number":"(08) 9582 9416"},{"Postcode":"6074","Name":"A Duncan","Address":"680 Jarrah Rd Sawyers Valley WA 6074","Phone number":"(08) 9295 1456"},{"Postcode":"6019","Name":"E M Duncan","Address":"29 Hastings St Scarborough WA 6019","Phone number":"(04) 1990 4739"},{"Postcode":"6019","Name":"L Duncan","Address":"29 Ostend Rd Scarborough WA 6019","Phone number":"(08) 9245 2704"},{"Postcode":"6173","Name":"J Duncan","Address":"14 Wacona Way Secret Harbour WA 6173","Phone number":"(08) 9523 4045"},{"Postcode":"6173","Name":"Jeremy Duncan","Address":"69 Cottesloe Crs Secret Harbour WA 6173","Phone number":"(08) 9524 9822"},{"Postcode":"6112","Name":"Mrs R Duncan","Address":"14 Challis Rd Armadale WA 6112","Phone number":"(08) 9399 6638"},{"Postcode":"6112","Name":"S Duncan","Address":"10 Kaliman Bend Harrisdale WA 6112","Phone number":"(08) 9397 1971"},{"Postcode":"6008","Name":"P D Duncan","Address":"276 Bagot Rd Subiaco WA 6008","Phone number":"(08) 9388 1353"},{"Postcode":"6210","Name":"C Duncan","Address":"44 Myerick St Mandurah WA 6210","Phone number":"(04) 0892 8489"},{"Postcode":"6210","Name":"P Duncan","Address":"11 Cherry Hills Rtt Meadow Springs WA 6210","Phone number":"(08) 9581 8619"},{"Postcode":"6210","Name":"S Duncan","Address":"44 Myerick St Mandurah WA 6210","Phone number":"(08) 9582 9416"},{"Postcode":"6065","Name":"S & S Duncan","Address":"24 Cesare Crcle Madeley WA 6065","Phone number":"(08) 9409 2102"},{"Postcode":"6065","Name":"T L Duncan","Address":"34 Waldburg Drv Tapping WA 6065","Phone number":"(08) 9405 4247"},{"Postcode":"6020","Name":"G Duncan","Address":"16 Anaconda Pl Sorrento WA 6020","Phone number":"(08) 9243 5030"},{"Postcode":"6020","Name":"H Duncan","Address":"12 Hazelwood Loop Carine WA 6020","Phone number":"(04) 3952 2296"},{"Postcode":"6020","Name":"H M Duncan","Address":"12 Hazelwood Loop Carine WA 6020","Phone number":"(08) 9447 6682"},{"Postcode":"6230","Name":"A B Duncan","Address":"11 Norrie St South Bunbury WA 6230","Phone number":"(08) 9791 4725"},{"Postcode":"6164","Name":"A Duncan","Address":"46 Dean Rd Jandakot WA 6164","Phone number":"(08) 9417 9064"},{"Postcode":"6164","Name":"A C Duncan","Address":"18 Strand Cl Atwell WA 6164","Phone number":"(08) 9414 3808"},{"Postcode":"6164","Name":"J Duncan","Address":"16 Lorne Ave Hammond Park WA 6164","Phone number":"(08) 6595 3769"},{"Postcode":"6164","Name":"J F & R J Duncan","Address":"22 Riversdale Pass Jandakot WA 6164","Phone number":"(08) 9414 7281"},{"Postcode":"6151","Name":"M Duncan","Address":"U 5 10 Hensman St South Perth WA 6151","Phone number":"(08) 6216 0134"},{"Postcode":"6208","Name":"L Duncan","Address":"24 Farmer Loop Pinjarra WA 6208","Phone number":"(08) 9530 4185"},{"Postcode":"6110","Name":"C Duncan","Address":"83 Dorothy St Gosnells WA 6110","Phone number":"(08) 9398 4633"},{"Postcode":"6110","Name":"P Duncan","Address":"16 Lycett Turn Southern River WA 6110","Phone number":"(04) 3344 0881"},{"Postcode":"6163","Name":"A Duncan","Address":"37 Ranford Loop Kardinya WA 6163","Phone number":"(08) 9332 0037"},{"Postcode":"6102","Name":"J Duncan-Cooper","Address":"3 York Ave Bentley WA 6102","Phone number":"(08) 9350 9390"},{"Postcode":"6210","Name":"C Duncan","Address":"44 Myerick St Mandurah WA 6210","Phone number":"(04) 0892 8489"},{"Postcode":"6210","Name":"P Duncan","Address":"11 Cherry Hills Rtt Meadow Springs WA 6210","Phone number":"(08) 9581 8619"},{"Postcode":"6210","Name":"S Duncan","Address":"44 Myerick St Mandurah WA 6210","Phone number":"(08) 9582 9416"},{"Postcode":"6056","Name":"J T Duncan","Address":"Un 2 27 Charles St Midland WA 6056","Phone number":"(08) 9274 6412"},{"Postcode":"6008","Name":"P D Duncan","Address":"276 Bagot Rd Subiaco WA 6008","Phone number":"(08) 9388 1353"},{"Postcode":"6164","Name":"A Duncan","Address":"46 Dean Rd Jandakot WA 6164","Phone number":"(08) 9417 9064"},{"Postcode":"6164","Name":"A C Duncan","Address":"18 Strand Cl Atwell WA 6164","Phone number":"(08) 9414 3808"},{"Postcode":"6164","Name":"J Duncan","Address":"16 Lorne Ave Hammond Park WA 6164","Phone number":"(08) 6595 3769"},{"Postcode":"6164","Name":"J F & R J Duncan","Address":"22 Riversdale Pass Jandakot WA 6164","Phone number":"(08) 9414 7281"},{"Postcode":"6056","Name":"J T Duncan","Address":"Un 2 27 Charles St Midland WA 6056","Phone number":"(08) 9274 6412"},{"Postcode":"6010","Name":"B Duncan","Address":"42/ 141 Claremont Crs Swanbourne WA 6010","Phone number":"(08) 9286 0542"},{"Postcode":"6010","Name":"S A Duncan","Address":"42A Devon Rd Swanbourne WA 6010","Phone number":"(08) 9384 4419"},{"Postcode":"6065","Name":"S & S Duncan","Address":"24 Cesare Crcle Madeley WA 6065","Phone number":"(08) 9409 2102"},{"Postcode":"6065","Name":"T L Duncan","Address":"34 Waldburg Drv Tapping WA 6065","Phone number":"(08) 9405 4247"},{"Postcode":"6213","Name":"P Duncan","Address":"Holyoake Rd Dwellingup WA 6213","Phone number":"(08) 9538 1606"},{"Postcode":"6167","Name":"K W Duncan","Address":"3 Casserley Way Orelia WA 6167","Phone number":"(08) 9419 2752"},{"Postcode":"6167","Name":"L Duncan","Address":"Un 5 12 Partridge St Orelia WA 6167","Phone number":"(08) 9439 3694"},{"Postcode":"6167","Name":"W Duncan","Address":"Un 1 45 Chilcott St Calista WA 6167","Phone number":"(08) 9419 1241"},{"Postcode":"6069","Name":"Allan James Duncan","Address":"155 Charlottes Vis Ellenbrook WA 6069","Phone number":"(08) 9297 1693"},{"Postcode":"6108","Name":"B N Duncan","Address":"4 Strathmore La Thornlie WA 6108","Phone number":"(08) 9455 1390"},{"Postcode":"6060","Name":"C Duncan","Address":"126 Virgil Ave Yokine WA 6060","Phone number":"(08) 9275 3723"},{"Postcode":"6069","Name":"Allan James Duncan","Address":"155 Charlottes Vis Ellenbrook WA 6069","Phone number":"(08) 9297 1693"},{"Postcode":"6230","Name":"A B Duncan","Address":"11 Norrie St South Bunbury WA 6230","Phone number":"(08) 9791 4725"},{"Postcode":"6230","Name":"A B Duncan","Address":"11 Norrie St South Bunbury WA 6230","Phone number":"(08) 9791 4725"},{"Postcode":"6056","Name":"J T Duncan","Address":"Un 2 27 Charles St Midland WA 6056","Phone number":"(08) 9274 6412"},{"Postcode":"6076","Name":"D Duncan","Address":"18 Petunia St Kalamunda WA 6076","Phone number":"(08) 9293 1893"},{"Postcode":"6076","Name":"M Duncan","Address":"12 Taylor Rd Kalamunda WA 6076","Phone number":"(08) 9454 9788"},{"Postcode":"6076","Name":"R & D Duncan","Address":"31 Railway Rd Kalamunda WA 6076","Phone number":"(08) 9257 2595"},{"Postcode":"6076","Name":"S Duncan","Address":"12 Taylor Rd Kalamunda WA 6076","Phone number":"(04) 3329 1813"},{"Postcode":"6167","Name":"K W Duncan","Address":"3 Casserley Way Orelia WA 6167","Phone number":"(08) 9419 2752"},{"Postcode":"6167","Name":"L Duncan","Address":"Un 5 12 Partridge St Orelia WA 6167","Phone number":"(08) 9439 3694"},{"Postcode":"6167","Name":"W Duncan","Address":"Un 1 45 Chilcott St Calista WA 6167","Phone number":"(08) 9419 1241"},{"Postcode":"6065","Name":"S & S Duncan","Address":"24 Cesare Crcle Madeley WA 6065","Phone number":"(08) 9409 2102"},{"Postcode":"6065","Name":"T L Duncan","Address":"34 Waldburg Drv Tapping WA 6065","Phone number":"(08) 9405 4247"},{"Postcode":"6210","Name":"C Duncan","Address":"44 Myerick St Mandurah WA 6210","Phone number":"(04) 0892 8489"},{"Postcode":"6210","Name":"P Duncan","Address":"11 Cherry Hills Rtt Meadow Springs WA 6210","Phone number":"(08) 9581 8619"},{"Postcode":"6210","Name":"S Duncan","Address":"44 Myerick St Mandurah WA 6210","Phone number":"(08) 9582 9416"},{"Postcode":"6065","Name":"S & S Duncan","Address":"24 Cesare Crcle Madeley WA 6065","Phone number":"(08) 9409 2102"},{"Postcode":"6065","Name":"T L Duncan","Address":"34 Waldburg Drv Tapping WA 6065","Phone number":"(08) 9405 4247"},{"Postcode":"6020","Name":"G Duncan","Address":"16 Anaconda Pl Sorrento WA 6020","Phone number":"(08) 9243 5030"},{"Postcode":"6020","Name":"H Duncan","Address":"12 Hazelwood Loop Carine WA 6020","Phone number":"(04) 3952 2296"},{"Postcode":"6020","Name":"H M Duncan","Address":"12 Hazelwood Loop Carine WA 6020","Phone number":"(08) 9447 6682"},{"Postcode":"6107","Name":"P Duncan","Address":"5 Fern Rd Wilson WA 6107","Phone number":"(08) 9458 8641"},{"Postcode":"6166","Name":"J Duncan","Address":"10 Careening Wy Coogee WA 6166","Phone number":"(08) 6191 0651"},{"Postcode":"6233","Name":"E M Duncan","Address":"52 Cathedral Ave Australind WA 6233","Phone number":"(08) 9797 1329"},{"Postcode":"6233","Name":"K Duncan","Address":"12 Carpenter Tce Australind WA 6233","Phone number":"(08) 9797 3236"},{"Postcode":"6019","Name":"E M Duncan","Address":"29 Hastings St Scarborough WA 6019","Phone number":"(04) 1990 4739"},{"Postcode":"6019","Name":"L Duncan","Address":"29 Ostend Rd Scarborough WA 6019","Phone number":"(08) 9245 2704"},{"Postcode":"6208","Name":"L Duncan","Address":"24 Farmer Loop Pinjarra WA 6208","Phone number":"(08) 9530 4185"},{"Postcode":"6111","Name":"J L Duncan","Address":"29B Tamarind Cres Kelmscott WA 6111","Phone number":"(08) 9495 1629"},{"Postcode":"6155","Name":"D C & M C Duncan","Address":"6 Hyde Cl Canning Vale WA 6155","Phone number":"(08) 9456 1445"},{"Postcode":"6155","Name":"M & C P Duncan","Address":"3 Ragamuffin Tce Willetton WA 6155","Phone number":"(08) 9332 3418"},{"Postcode":"6155","Name":"W & K Duncan","Address":"10 Samphire Rd Canning Vale WA 6155","Phone number":"(08) 9455 2267"},{"Postcode":"6107","Name":"P Duncan","Address":"5 Fern Rd Wilson WA 6107","Phone number":"(08) 9458 8641"},{"Postcode":"6150","Name":"P Duncan","Address":"ST IVES MURDOCH U 8 22 Windelya Rd Murdoch WA 6150","Phone number":"(08) 9310 1367"},{"Postcode":"6230","Name":"A B Duncan","Address":"11 Norrie St South Bunbury WA 6230","Phone number":"(08) 9791 4725"},{"Postcode":"6056","Name":"J T Duncan","Address":"Un 2 27 Charles St Midland WA 6056","Phone number":"(08) 9274 6412"},{"Postcode":"6018","Name":"B Duncan","Address":"43 B Thor St Innaloo WA 6018","Phone number":"(04) 2717 6610"},{"Postcode":"6018","Name":"R Duncan","Address":"14 Jacana Cir Gwelup WA 6018","Phone number":"(08) 9448 4190"},{"Postcode":"6026","Name":"M Duncan","Address":"9 Alderhaus Drv Kingsley WA 6026","Phone number":"(08) 9409 5994"},{"Postcode":"6112","Name":"Mrs R Duncan","Address":"14 Challis Rd Armadale WA 6112","Phone number":"(08) 9399 6638"},{"Postcode":"6112","Name":"S Duncan","Address":"10 Kaliman Bend Harrisdale WA 6112","Phone number":"(08) 9397 1971"},{"Postcode":"6035","Name":"S Duncan","Address":"5 Benbulben Rse Yanchep WA 6035","Phone number":"(08) 9561 2228"},{"Postcode":"6164","Name":"A Duncan","Address":"46 Dean Rd Jandakot WA 6164","Phone number":"(08) 9417 9064"},{"Postcode":"6164","Name":"A C Duncan","Address":"18 Strand Cl Atwell WA 6164","Phone number":"(08) 9414 3808"},{"Postcode":"6164","Name":"J Duncan","Address":"16 Lorne Ave Hammond Park WA 6164","Phone number":"(08) 6595 3769"},{"Postcode":"6164","Name":"J F & R J Duncan","Address":"22 Riversdale Pass Jandakot WA 6164","Phone number":"(08) 9414 7281"},{"Postcode":"6060","Name":"C Duncan","Address":"126 Virgil Ave Yokine WA 6060","Phone number":"(08) 9275 3723"},{"Postcode":"4211","Name":"C Duncan","Address":"12 Cobbler Pl Pacific Pines QLD 4211","Phone number":"(07) 5502 3568"},{"Postcode":"4211","Name":"Jackie Duncan","Address":"37 Nathan Valley Rd Mt Nathan QLD 4211","Phone number":"(07) 5578 2494"},{"Postcode":"4211","Name":"K Duncan","Address":"Un 25 1A Alison Rd Carrara QLD 4211","Phone number":"(07) 5594 1121"},{"Postcode":"4211","Name":"K L & J M Duncan","Address":"39 Duncan Rd Gilston QLD 4211","Phone number":"(07) 5533 2460"},{"Postcode":"4211","Name":"M G Duncan","Address":"694 Beechmont Rd Lower Beechmont QLD 4211","Phone number":"(07) 5533 1256"},{"Postcode":"4285","Name":"A Duncan","Address":"34 Leopardwood Rd Cedar Grove QLD 4285","Phone number":"(07) 5543 1905"},{"Postcode":"4213","Name":"J M Duncan","Address":"3 Constellation Crs Mudgeeraba QLD 4213","Phone number":"(07) 5530 2829"},{"Postcode":"4213","Name":"J R & M Duncan","Address":"8 Saraji St Worongary QLD 4213","Phone number":"(07) 5596 5171"},{"Postcode":"4215","Name":"A M Duncan","Address":"3 Proud St Labrador QLD 4215","Phone number":"(07) 5571 0614"},{"Postcode":"4215","Name":"B J & M J Duncan","Address":"Un 1 75 Brighton Pde Southport QLD 4215","Phone number":"(07) 5571 2949"},{"Postcode":"4215","Name":"G Duncan","Address":"20 Huth St Labrador QLD 4215","Phone number":"(04) 3309 9756"},{"Postcode":"4215","Name":"M A Duncan","Address":"3 Morinda Way Labrador QLD 4215","Phone number":"(04) 4895 9131"},{"Postcode":"4215","Name":"R C Duncan","Address":"63 Central St Labrador QLD 4215","Phone number":"(07) 5591 5270"},{"Postcode":"4287","Name":"L G Duncan","Address":"22 Prior St Rathdowney QLD 4287","Phone number":"(07) 5544 1184"},{"Postcode":"4285","Name":"A Duncan","Address":"34 Leopardwood Rd Cedar Grove QLD 4285","Phone number":"(07) 5543 1905"},{"Postcode":"4211","Name":"C Duncan","Address":"12 Cobbler Pl Pacific Pines QLD 4211","Phone number":"(07) 5502 3568"},{"Postcode":"4211","Name":"Jackie Duncan","Address":"37 Nathan Valley Rd Mt Nathan QLD 4211","Phone number":"(07) 5578 2494"},{"Postcode":"4211","Name":"K Duncan","Address":"Un 25 1A Alison Rd Carrara QLD 4211","Phone number":"(07) 5594 1121"},{"Postcode":"4211","Name":"K L & J M Duncan","Address":"39 Duncan Rd Gilston QLD 4211","Phone number":"(07) 5533 2460"},{"Postcode":"4211","Name":"M G Duncan","Address":"694 Beechmont Rd Lower Beechmont QLD 4211","Phone number":"(07) 5533 1256"},{"Postcode":"4217","Name":"D Duncan","Address":"8 Village High Rd Benowa QLD 4217","Phone number":"(07) 5539 2872"},{"Postcode":"4205","Name":"Miss Skye Duncan","Address":"6 Zircon Ct Bethania QLD 4205","Phone number":"(04) 5957 9572"},{"Postcode":"4216","Name":"K Duncan","Address":"Un 6302 323 Bayview St Hollywell QLD 4216","Phone number":"(07) 5577 3339"},{"Postcode":"4216","Name":"M Duncan","Address":"2 Sunset Ave Paradise Point QLD 4216","Phone number":"(07) 5564 2701"},{"Postcode":"4211","Name":"C Duncan","Address":"12 Cobbler Pl Pacific Pines QLD 4211","Phone number":"(07) 5502 3568"},{"Postcode":"4211","Name":"Jackie Duncan","Address":"37 Nathan Valley Rd Mt Nathan QLD 4211","Phone number":"(07) 5578 2494"},{"Postcode":"4211","Name":"K Duncan","Address":"Un 25 1A Alison Rd Carrara QLD 4211","Phone number":"(07) 5594 1121"},{"Postcode":"4211","Name":"K L & J M Duncan","Address":"39 Duncan Rd Gilston QLD 4211","Phone number":"(07) 5533 2460"},{"Postcode":"4211","Name":"M G Duncan","Address":"694 Beechmont Rd Lower Beechmont QLD 4211","Phone number":"(07) 5533 1256"},{"Postcode":"4285","Name":"A Duncan","Address":"34 Leopardwood Rd Cedar Grove QLD 4285","Phone number":"(07) 5543 1905"},{"Postcode":"4213","Name":"J M Duncan","Address":"3 Constellation Crs Mudgeeraba QLD 4213","Phone number":"(07) 5530 2829"},{"Postcode":"4213","Name":"J R & M Duncan","Address":"8 Saraji St Worongary QLD 4213","Phone number":"(07) 5596 5171"},{"Postcode":"4285","Name":"A Duncan","Address":"34 Leopardwood Rd Cedar Grove QLD 4285","Phone number":"(07) 5543 1905"},{"Postcode":"4217","Name":"D Duncan","Address":"8 Village High Rd Benowa QLD 4217","Phone number":"(07) 5539 2872"},{"Postcode":"4217","Name":"D Duncan","Address":"8 Village High Rd Benowa QLD 4217","Phone number":"(07) 5539 2872"},{"Postcode":"4217","Name":"D Duncan","Address":"8 Village High Rd Benowa QLD 4217","Phone number":"(07) 5539 2872"},{"Postcode":"4220","Name":"L Duncan","Address":"81 Harrier Drv Burleigh Waters QLD 4220","Phone number":"(07) 5520 0880"},{"Postcode":"4220","Name":"N Duncan","Address":"127 Skyline Tce Burleigh Heads QLD 4220","Phone number":"(07) 5576 3422"},{"Postcode":"4220","Name":"N Duncan","Address":"57 Seville Cct Burleigh Waters QLD 4220","Phone number":"(07) 5568 7692"},{"Postcode":"4220","Name":"Mr S Duncan","Address":"36 Ladds Ridge Rd Burleigh Heads QLD 4220","Phone number":"(07) 5520 0206"},{"Postcode":"4220","Name":"L Duncan","Address":"81 Harrier Drv Burleigh Waters QLD 4220","Phone number":"(07) 5520 0880"},{"Postcode":"4220","Name":"N Duncan","Address":"127 Skyline Tce Burleigh Heads QLD 4220","Phone number":"(07) 5576 3422"},{"Postcode":"4220","Name":"N Duncan","Address":"57 Seville Cct Burleigh Waters QLD 4220","Phone number":"(07) 5568 7692"},{"Postcode":"4220","Name":"Mr S Duncan","Address":"36 Ladds Ridge Rd Burleigh Heads QLD 4220","Phone number":"(07) 5520 0206"},{"Postcode":"4220","Name":"L Duncan","Address":"81 Harrier Drv Burleigh Waters QLD 4220","Phone number":"(07) 5520 0880"},{"Postcode":"4220","Name":"N Duncan","Address":"127 Skyline Tce Burleigh Heads QLD 4220","Phone number":"(07) 5576 3422"},{"Postcode":"4220","Name":"N Duncan","Address":"57 Seville Cct Burleigh Waters QLD 4220","Phone number":"(07) 5568 7692"},{"Postcode":"4220","Name":"Mr S Duncan","Address":"36 Ladds Ridge Rd Burleigh Heads QLD 4220","Phone number":"(07) 5520 0206"},{"Postcode":"4220","Name":"L Duncan","Address":"81 Harrier Drv Burleigh Waters QLD 4220","Phone number":"(07) 5520 0880"},{"Postcode":"4220","Name":"N Duncan","Address":"127 Skyline Tce Burleigh Heads QLD 4220","Phone number":"(07) 5576 3422"},{"Postcode":"4220","Name":"N Duncan","Address":"57 Seville Cct Burleigh Waters QLD 4220","Phone number":"(07) 5568 7692"},{"Postcode":"4220","Name":"Mr S Duncan","Address":"36 Ladds Ridge Rd Burleigh Heads QLD 4220","Phone number":"(07) 5520 0206"},{"Postcode":"4220","Name":"L Duncan","Address":"81 Harrier Drv Burleigh Waters QLD 4220","Phone number":"(07) 5520 0880"},{"Postcode":"4220","Name":"N Duncan","Address":"127 Skyline Tce Burleigh Heads QLD 4220","Phone number":"(07) 5576 3422"},{"Postcode":"4220","Name":"N Duncan","Address":"57 Seville Cct Burleigh Waters QLD 4220","Phone number":"(07) 5568 7692"},{"Postcode":"4220","Name":"Mr S Duncan","Address":"36 Ladds Ridge Rd Burleigh Heads QLD 4220","Phone number":"(07) 5520 0206"},{"Postcode":"4285","Name":"A Duncan","Address":"34 Leopardwood Rd Cedar Grove QLD 4285","Phone number":"(07) 5543 1905"},{"Postcode":"4211","Name":"C Duncan","Address":"12 Cobbler Pl Pacific Pines QLD 4211","Phone number":"(07) 5502 3568"},{"Postcode":"4211","Name":"Jackie Duncan","Address":"37 Nathan Valley Rd Mt Nathan QLD 4211","Phone number":"(07) 5578 2494"},{"Postcode":"4211","Name":"K Duncan","Address":"Un 25 1A Alison Rd Carrara QLD 4211","Phone number":"(07) 5594 1121"},{"Postcode":"4211","Name":"K L & J M Duncan","Address":"39 Duncan Rd Gilston QLD 4211","Phone number":"(07) 5533 2460"},{"Postcode":"4211","Name":"M G Duncan","Address":"694 Beechmont Rd Lower Beechmont QLD 4211","Phone number":"(07) 5533 1256"},{"Postcode":"4285","Name":"A Duncan","Address":"34 Leopardwood Rd Cedar Grove QLD 4285","Phone number":"(07) 5543 1905"},{"Postcode":"4285","Name":"A Duncan","Address":"34 Leopardwood Rd Cedar Grove QLD 4285","Phone number":"(07) 5543 1905"},{"Postcode":"4217","Name":"D Duncan","Address":"8 Village High Rd Benowa QLD 4217","Phone number":"(07) 5539 2872"},{"Postcode":"4285","Name":"A Duncan","Address":"34 Leopardwood Rd Cedar Grove QLD 4285","Phone number":"(07) 5543 1905"},{"Postcode":"4285","Name":"A Duncan","Address":"34 Leopardwood Rd Cedar Grove QLD 4285","Phone number":"(07) 5543 1905"},{"Postcode":"4211","Name":"C Duncan","Address":"12 Cobbler Pl Pacific Pines QLD 4211","Phone number":"(07) 5502 3568"},{"Postcode":"4211","Name":"Jackie Duncan","Address":"37 Nathan Valley Rd Mt Nathan QLD 4211","Phone number":"(07) 5578 2494"},{"Postcode":"4211","Name":"K Duncan","Address":"Un 25 1A Alison Rd Carrara QLD 4211","Phone number":"(07) 5594 1121"},{"Postcode":"4211","Name":"K L & J M Duncan","Address":"39 Duncan Rd Gilston QLD 4211","Phone number":"(07) 5533 2460"},{"Postcode":"4211","Name":"M G Duncan","Address":"694 Beechmont Rd Lower Beechmont QLD 4211","Phone number":"(07) 5533 1256"},{"Postcode":"4226","Name":"D Duncan","Address":"55 Paradise Springs Av Robina QLD 4226","Phone number":"(04) 0445 6428"},{"Postcode":"4216","Name":"K Duncan","Address":"Un 6302 323 Bayview St Hollywell QLD 4216","Phone number":"(07) 5577 3339"},{"Postcode":"4216","Name":"M Duncan","Address":"2 Sunset Ave Paradise Point QLD 4216","Phone number":"(07) 5564 2701"},{"Postcode":"4285","Name":"A Duncan","Address":"34 Leopardwood Rd Cedar Grove QLD 4285","Phone number":"(07) 5543 1905"},{"Postcode":"4285","Name":"A Duncan","Address":"34 Leopardwood Rd Cedar Grove QLD 4285","Phone number":"(07) 5543 1905"},{"Postcode":"4221","Name":"Mr C Duncan","Address":"Un 14 8 Ottelia Dr Elanora QLD 4221","Phone number":"(07) 5533 9546"},{"Postcode":"4221","Name":"S Duncan","Address":"4 Molucca Ave Palm Beach QLD 4221","Phone number":"(07) 5598 3886"},{"Postcode":"4211","Name":"C Duncan","Address":"12 Cobbler Pl Pacific Pines QLD 4211","Phone number":"(07) 5502 3568"},{"Postcode":"4211","Name":"Jackie Duncan","Address":"37 Nathan Valley Rd Mt Nathan QLD 4211","Phone number":"(07) 5578 2494"},{"Postcode":"4211","Name":"K Duncan","Address":"Un 25 1A Alison Rd Carrara QLD 4211","Phone number":"(07) 5594 1121"},{"Postcode":"4211","Name":"K L & J M Duncan","Address":"39 Duncan Rd Gilston QLD 4211","Phone number":"(07) 5533 2460"},{"Postcode":"4211","Name":"M G Duncan","Address":"694 Beechmont Rd Lower Beechmont QLD 4211","Phone number":"(07) 5533 1256"},{"Postcode":"4211","Name":"C Duncan","Address":"12 Cobbler Pl Pacific Pines QLD 4211","Phone number":"(07) 5502 3568"},{"Postcode":"4211","Name":"Jackie Duncan","Address":"37 Nathan Valley Rd Mt Nathan QLD 4211","Phone number":"(07) 5578 2494"},{"Postcode":"4211","Name":"K Duncan","Address":"Un 25 1A Alison Rd Carrara QLD 4211","Phone number":"(07) 5594 1121"},{"Postcode":"4211","Name":"K L & J M Duncan","Address":"39 Duncan Rd Gilston QLD 4211","Phone number":"(07) 5533 2460"},{"Postcode":"4211","Name":"M G Duncan","Address":"694 Beechmont Rd Lower Beechmont QLD 4211","Phone number":"(07) 5533 1256"},{"Postcode":"4285","Name":"A Duncan","Address":"34 Leopardwood Rd Cedar Grove QLD 4285","Phone number":"(07) 5543 1905"},{"Postcode":"4217","Name":"D Duncan","Address":"8 Village High Rd Benowa QLD 4217","Phone number":"(07) 5539 2872"},{"Postcode":"4210","Name":"M Duncan","Address":"3 Streeton Pl Maudsland QLD 4210","Phone number":"(07) 5665 6546"},{"Postcode":"4210","Name":"S J Duncan","Address":"29 Studio Dr Oxenford QLD 4210","Phone number":"(04) 3370 1823"},{"Postcode":"4211","Name":"C Duncan","Address":"12 Cobbler Pl Pacific Pines QLD 4211","Phone number":"(07) 5502 3568"},{"Postcode":"4211","Name":"Jackie Duncan","Address":"37 Nathan Valley Rd Mt Nathan QLD 4211","Phone number":"(07) 5578 2494"},{"Postcode":"4211","Name":"K Duncan","Address":"Un 25 1A Alison Rd Carrara QLD 4211","Phone number":"(07) 5594 1121"},{"Postcode":"4211","Name":"K L & J M Duncan","Address":"39 Duncan Rd Gilston QLD 4211","Phone number":"(07) 5533 2460"},{"Postcode":"4211","Name":"M G Duncan","Address":"694 Beechmont Rd Lower Beechmont QLD 4211","Phone number":"(07) 5533 1256"},{"Postcode":"4285","Name":"A Duncan","Address":"34 Leopardwood Rd Cedar Grove QLD 4285","Phone number":"(07) 5543 1905"},{"Postcode":"4216","Name":"K Duncan","Address":"Un 6302 323 Bayview St Hollywell QLD 4216","Phone number":"(07) 5577 3339"},{"Postcode":"4216","Name":"M Duncan","Address":"2 Sunset Ave Paradise Point QLD 4216","Phone number":"(07) 5564 2701"},{"Postcode":"4285","Name":"A Duncan","Address":"34 Leopardwood Rd Cedar Grove QLD 4285","Phone number":"(07) 5543 1905"},{"Postcode":"4217","Name":"D Duncan","Address":"8 Village High Rd Benowa QLD 4217","Phone number":"(07) 5539 2872"},{"Postcode":"4280","Name":"K A Duncan","Address":"120 Red Cedar Cres Flagstone QLD 4280","Phone number":"(07) 5540 3602"},{"Postcode":"4280","Name":"L Duncan","Address":"80 Manning St Jimboomba QLD 4280","Phone number":"(07) 5547 7613"},{"Postcode":"4285","Name":"A Duncan","Address":"34 Leopardwood Rd Cedar Grove QLD 4285","Phone number":"(07) 5543 1905"},{"Postcode":"4285","Name":"A Duncan","Address":"34 Leopardwood Rd Cedar Grove QLD 4285","Phone number":"(07) 5543 1905"},{"Postcode":"4285","Name":"A Duncan","Address":"34 Leopardwood Rd Cedar Grove QLD 4285","Phone number":"(07) 5543 1905"},{"Postcode":"4285","Name":"A Duncan","Address":"34 Leopardwood Rd Cedar Grove QLD 4285","Phone number":"(07) 5543 1905"},{"Postcode":"4285","Name":"A Duncan","Address":"34 Leopardwood Rd Cedar Grove QLD 4285","Phone number":"(07) 5543 1905"},{"Postcode":"4215","Name":"A M Duncan","Address":"3 Proud St Labrador QLD 4215","Phone number":"(07) 5571 0614"},{"Postcode":"4215","Name":"B J & M J Duncan","Address":"Un 1 75 Brighton Pde Southport QLD 4215","Phone number":"(07) 5571 2949"},{"Postcode":"4215","Name":"G Duncan","Address":"20 Huth St Labrador QLD 4215","Phone number":"(04) 3309 9756"},{"Postcode":"4215","Name":"M A Duncan","Address":"3 Morinda Way Labrador QLD 4215","Phone number":"(04) 4895 9131"},{"Postcode":"4215","Name":"R C Duncan","Address":"63 Central St Labrador QLD 4215","Phone number":"(07) 5591 5270"},{"Postcode":"4285","Name":"A Duncan","Address":"34 Leopardwood Rd Cedar Grove QLD 4285","Phone number":"(07) 5543 1905"},{"Postcode":"4285","Name":"A Duncan","Address":"34 Leopardwood Rd Cedar Grove QLD 4285","Phone number":"(07) 5543 1905"},{"Postcode":"4211","Name":"C Duncan","Address":"12 Cobbler Pl Pacific Pines QLD 4211","Phone number":"(07) 5502 3568"},{"Postcode":"4211","Name":"Jackie Duncan","Address":"37 Nathan Valley Rd Mt Nathan QLD 4211","Phone number":"(07) 5578 2494"},{"Postcode":"4211","Name":"K Duncan","Address":"Un 25 1A Alison Rd Carrara QLD 4211","Phone number":"(07) 5594 1121"},{"Postcode":"4211","Name":"K L & J M Duncan","Address":"39 Duncan Rd Gilston QLD 4211","Phone number":"(07) 5533 2460"},{"Postcode":"4211","Name":"M G Duncan","Address":"694 Beechmont Rd Lower Beechmont QLD 4211","Phone number":"(07) 5533 1256"},{"Postcode":"4217","Name":"D Duncan","Address":"8 Village High Rd Benowa QLD 4217","Phone number":"(07) 5539 2872"},{"Postcode":"4210","Name":"M Duncan","Address":"3 Streeton Pl Maudsland QLD 4210","Phone number":"(07) 5665 6546"},{"Postcode":"4210","Name":"S J Duncan","Address":"29 Studio Dr Oxenford QLD 4210","Phone number":"(04) 3370 1823"},{"Postcode":"4218","Name":"P Duncan","Address":"3 Anchor Crt Mermaid Waters QLD 4218","Phone number":"(07) 5526 6083"},{"Postcode":"4218","Name":"P Duncan","Address":"3 Anchor Crt Mermaid Waters QLD 4218","Phone number":"(07) 5526 6083"},{"Postcode":"4226","Name":"D Duncan","Address":"55 Paradise Springs Av Robina QLD 4226","Phone number":"(04) 0445 6428"},{"Postcode":"4220","Name":"L Duncan","Address":"81 Harrier Drv Burleigh Waters QLD 4220","Phone number":"(07) 5520 0880"},{"Postcode":"4220","Name":"N Duncan","Address":"127 Skyline Tce Burleigh Heads QLD 4220","Phone number":"(07) 5576 3422"},{"Postcode":"4220","Name":"N Duncan","Address":"57 Seville Cct Burleigh Waters QLD 4220","Phone number":"(07) 5568 7692"},{"Postcode":"4220","Name":"Mr S Duncan","Address":"36 Ladds Ridge Rd Burleigh Heads QLD 4220","Phone number":"(07) 5520 0206"},{"Postcode":"4287","Name":"L G Duncan","Address":"22 Prior St Rathdowney QLD 4287","Phone number":"(07) 5544 1184"},{"Postcode":"4285","Name":"A Duncan","Address":"34 Leopardwood Rd Cedar Grove QLD 4285","Phone number":"(07) 5543 1905"},{"Postcode":"4287","Name":"L G Duncan","Address":"22 Prior St Rathdowney QLD 4287","Phone number":"(07) 5544 1184"},{"Postcode":"4211","Name":"C Duncan","Address":"12 Cobbler Pl Pacific Pines QLD 4211","Phone number":"(07) 5502 3568"},{"Postcode":"4211","Name":"Jackie Duncan","Address":"37 Nathan Valley Rd Mt Nathan QLD 4211","Phone number":"(07) 5578 2494"},{"Postcode":"4211","Name":"K Duncan","Address":"Un 25 1A Alison Rd Carrara QLD 4211","Phone number":"(07) 5594 1121"},{"Postcode":"4211","Name":"K L & J M Duncan","Address":"39 Duncan Rd Gilston QLD 4211","Phone number":"(07) 5533 2460"},{"Postcode":"4211","Name":"M G Duncan","Address":"694 Beechmont Rd Lower Beechmont QLD 4211","Phone number":"(07) 5533 1256"},{"Postcode":"4272","Name":"Al And Sg Duncan","Address":"196 Alpine Tce Tamborine Mountain QLD 4272","Phone number":"(07) 5545 2470"},{"Postcode":"4213","Name":"J M Duncan","Address":"3 Constellation Crs Mudgeeraba QLD 4213","Phone number":"(07) 5530 2829"},{"Postcode":"4213","Name":"J R & M Duncan","Address":"8 Saraji St Worongary QLD 4213","Phone number":"(07) 5596 5171"},{"Postcode":"4285","Name":"A Duncan","Address":"34 Leopardwood Rd Cedar Grove QLD 4285","Phone number":"(07) 5543 1905"},{"Postcode":"4211","Name":"C Duncan","Address":"12 Cobbler Pl Pacific Pines QLD 4211","Phone number":"(07) 5502 3568"},{"Postcode":"4211","Name":"Jackie Duncan","Address":"37 Nathan Valley Rd Mt Nathan QLD 4211","Phone number":"(07) 5578 2494"},{"Postcode":"4211","Name":"K Duncan","Address":"Un 25 1A Alison Rd Carrara QLD 4211","Phone number":"(07) 5594 1121"},{"Postcode":"4211","Name":"K L & J M Duncan","Address":"39 Duncan Rd Gilston QLD 4211","Phone number":"(07) 5533 2460"},{"Postcode":"4211","Name":"M G Duncan","Address":"694 Beechmont Rd Lower Beechmont QLD 4211","Phone number":"(07) 5533 1256"},{"Postcode":"4211","Name":"C Duncan","Address":"12 Cobbler Pl Pacific Pines QLD 4211","Phone number":"(07) 5502 3568"},{"Postcode":"4211","Name":"Jackie Duncan","Address":"37 Nathan Valley Rd Mt Nathan QLD 4211","Phone number":"(07) 5578 2494"},{"Postcode":"4211","Name":"K Duncan","Address":"Un 25 1A Alison Rd Carrara QLD 4211","Phone number":"(07) 5594 1121"},{"Postcode":"4211","Name":"K L & J M Duncan","Address":"39 Duncan Rd Gilston QLD 4211","Phone number":"(07) 5533 2460"},{"Postcode":"4211","Name":"M G Duncan","Address":"694 Beechmont Rd Lower Beechmont QLD 4211","Phone number":"(07) 5533 1256"},{"Postcode":"4211","Name":"C Duncan","Address":"12 Cobbler Pl Pacific Pines QLD 4211","Phone number":"(07) 5502 3568"},{"Postcode":"4211","Name":"Jackie Duncan","Address":"37 Nathan Valley Rd Mt Nathan QLD 4211","Phone number":"(07) 5578 2494"},{"Postcode":"4211","Name":"K Duncan","Address":"Un 25 1A Alison Rd Carrara QLD 4211","Phone number":"(07) 5594 1121"},{"Postcode":"4211","Name":"K L & J M Duncan","Address":"39 Duncan Rd Gilston QLD 4211","Phone number":"(07) 5533 2460"},{"Postcode":"4211","Name":"M G Duncan","Address":"694 Beechmont Rd Lower Beechmont QLD 4211","Phone number":"(07) 5533 1256"},{"Postcode":"4211","Name":"C Duncan","Address":"12 Cobbler Pl Pacific Pines QLD 4211","Phone number":"(07) 5502 3568"},{"Postcode":"4211","Name":"Jackie Duncan","Address":"37 Nathan Valley Rd Mt Nathan QLD 4211","Phone number":"(07) 5578 2494"},{"Postcode":"4211","Name":"K Duncan","Address":"Un 25 1A Alison Rd Carrara QLD 4211","Phone number":"(07) 5594 1121"},{"Postcode":"4211","Name":"K L & J M Duncan","Address":"39 Duncan Rd Gilston QLD 4211","Phone number":"(07) 5533 2460"},{"Postcode":"4211","Name":"M G Duncan","Address":"694 Beechmont Rd Lower Beechmont QLD 4211","Phone number":"(07) 5533 1256"},{"Postcode":"4285","Name":"A Duncan","Address":"34 Leopardwood Rd Cedar Grove QLD 4285","Phone number":"(07) 5543 1905"},{"Postcode":"4218","Name":"P Duncan","Address":"3 Anchor Crt Mermaid Waters QLD 4218","Phone number":"(07) 5526 6083"},{"Postcode":"4280","Name":"K A Duncan","Address":"120 Red Cedar Cres Flagstone QLD 4280","Phone number":"(07) 5540 3602"},{"Postcode":"4280","Name":"L Duncan","Address":"80 Manning St Jimboomba QLD 4280","Phone number":"(07) 5547 7613"},{"Postcode":"4272","Name":"Al And Sg Duncan","Address":"196 Alpine Tce Tamborine Mountain QLD 4272","Phone number":"(07) 5545 2470"},{"Postcode":"4211","Name":"C Duncan","Address":"12 Cobbler Pl Pacific Pines QLD 4211","Phone number":"(07) 5502 3568"},{"Postcode":"4211","Name":"Jackie Duncan","Address":"37 Nathan Valley Rd Mt Nathan QLD 4211","Phone number":"(07) 5578 2494"},{"Postcode":"4211","Name":"K Duncan","Address":"Un 25 1A Alison Rd Carrara QLD 4211","Phone number":"(07) 5594 1121"},{"Postcode":"4211","Name":"K L & J M Duncan","Address":"39 Duncan Rd Gilston QLD 4211","Phone number":"(07) 5533 2460"},{"Postcode":"4211","Name":"M G Duncan","Address":"694 Beechmont Rd Lower Beechmont QLD 4211","Phone number":"(07) 5533 1256"},{"Postcode":"4285","Name":"A Duncan","Address":"34 Leopardwood Rd Cedar Grove QLD 4285","Phone number":"(07) 5543 1905"},{"Postcode":"4211","Name":"C Duncan","Address":"12 Cobbler Pl Pacific Pines QLD 4211","Phone number":"(07) 5502 3568"},{"Postcode":"4211","Name":"Jackie Duncan","Address":"37 Nathan Valley Rd Mt Nathan QLD 4211","Phone number":"(07) 5578 2494"},{"Postcode":"4211","Name":"K Duncan","Address":"Un 25 1A Alison Rd Carrara QLD 4211","Phone number":"(07) 5594 1121"},{"Postcode":"4211","Name":"K L & J M Duncan","Address":"39 Duncan Rd Gilston QLD 4211","Phone number":"(07) 5533 2460"},{"Postcode":"4211","Name":"M G Duncan","Address":"694 Beechmont Rd Lower Beechmont QLD 4211","Phone number":"(07) 5533 1256"},{"Postcode":"4210","Name":"M Duncan","Address":"3 Streeton Pl Maudsland QLD 4210","Phone number":"(07) 5665 6546"},{"Postcode":"4210","Name":"S J Duncan","Address":"29 Studio Dr Oxenford QLD 4210","Phone number":"(04) 3370 1823"},{"Postcode":"4218","Name":"P Duncan","Address":"3 Anchor Crt Mermaid Waters QLD 4218","Phone number":"(07) 5526 6083"},{"Postcode":"4211","Name":"C Duncan","Address":"12 Cobbler Pl Pacific Pines QLD 4211","Phone number":"(07) 5502 3568"},{"Postcode":"4211","Name":"Jackie Duncan","Address":"37 Nathan Valley Rd Mt Nathan QLD 4211","Phone number":"(07) 5578 2494"},{"Postcode":"4211","Name":"K Duncan","Address":"Un 25 1A Alison Rd Carrara QLD 4211","Phone number":"(07) 5594 1121"},{"Postcode":"4211","Name":"K L & J M Duncan","Address":"39 Duncan Rd Gilston QLD 4211","Phone number":"(07) 5533 2460"},{"Postcode":"4211","Name":"M G Duncan","Address":"694 Beechmont Rd Lower Beechmont QLD 4211","Phone number":"(07) 5533 1256"},{"Postcode":"4287","Name":"L G Duncan","Address":"22 Prior St Rathdowney QLD 4287","Phone number":"(07) 5544 1184"},{"Postcode":"4221","Name":"Mr C Duncan","Address":"Un 14 8 Ottelia Dr Elanora QLD 4221","Phone number":"(07) 5533 9546"},{"Postcode":"4221","Name":"S Duncan","Address":"4 Molucca Ave Palm Beach QLD 4221","Phone number":"(07) 5598 3886"},{"Postcode":"4216","Name":"K Duncan","Address":"Un 6302 323 Bayview St Hollywell QLD 4216","Phone number":"(07) 5577 3339"},{"Postcode":"4216","Name":"M Duncan","Address":"2 Sunset Ave Paradise Point QLD 4216","Phone number":"(07) 5564 2701"},{"Postcode":"4218","Name":"P Duncan","Address":"3 Anchor Crt Mermaid Waters QLD 4218","Phone number":"(07) 5526 6083"},{"Postcode":"4287","Name":"L G Duncan","Address":"22 Prior St Rathdowney QLD 4287","Phone number":"(07) 5544 1184"},{"Postcode":"4227","Name":"K Duncan","Address":"14 Abbey Ridge Rd Reedy Creek QLD 4227","Phone number":"(07) 5593 5235"},{"Postcode":"4227","Name":"K Duncan","Address":"Un 2 2 Woollahra Ct Varsity Lakes QLD 4227","Phone number":"(07) 5593 5253"},{"Postcode":"4227","Name":"N Duncan","Address":"29 Altissimo Cl Varsity Lakes QLD 4227","Phone number":"(07) 5535 6725"},{"Postcode":"4227","Name":"R J Duncan","Address":"36 Frascott Ave Varsity Lakes QLD 4227","Phone number":"(04) 2967 1359"},{"Postcode":"4226","Name":"D Duncan","Address":"55 Paradise Springs Av Robina QLD 4226","Phone number":"(04) 0445 6428"},{"Postcode":"4226","Name":"D Duncan","Address":"55 Paradise Springs Av Robina QLD 4226","Phone number":"(04) 0445 6428"},{"Postcode":"4216","Name":"K Duncan","Address":"Un 6302 323 Bayview St Hollywell QLD 4216","Phone number":"(07) 5577 3339"},{"Postcode":"4216","Name":"M Duncan","Address":"2 Sunset Ave Paradise Point QLD 4216","Phone number":"(07) 5564 2701"},{"Postcode":"4287","Name":"L G Duncan","Address":"22 Prior St Rathdowney QLD 4287","Phone number":"(07) 5544 1184"},{"Postcode":"4280","Name":"K A Duncan","Address":"120 Red Cedar Cres Flagstone QLD 4280","Phone number":"(07) 5540 3602"},{"Postcode":"4280","Name":"L Duncan","Address":"80 Manning St Jimboomba QLD 4280","Phone number":"(07) 5547 7613"},{"Postcode":"4216","Name":"K Duncan","Address":"Un 6302 323 Bayview St Hollywell QLD 4216","Phone number":"(07) 5577 3339"},{"Postcode":"4216","Name":"M Duncan","Address":"2 Sunset Ave Paradise Point QLD 4216","Phone number":"(07) 5564 2701"},{"Postcode":"4211","Name":"C Duncan","Address":"12 Cobbler Pl Pacific Pines QLD 4211","Phone number":"(07) 5502 3568"},{"Postcode":"4211","Name":"Jackie Duncan","Address":"37 Nathan Valley Rd Mt Nathan QLD 4211","Phone number":"(07) 5578 2494"},{"Postcode":"4211","Name":"K Duncan","Address":"Un 25 1A Alison Rd Carrara QLD 4211","Phone number":"(07) 5594 1121"},{"Postcode":"4211","Name":"K L & J M Duncan","Address":"39 Duncan Rd Gilston QLD 4211","Phone number":"(07) 5533 2460"},{"Postcode":"4211","Name":"M G Duncan","Address":"694 Beechmont Rd Lower Beechmont QLD 4211","Phone number":"(07) 5533 1256"},{"Postcode":"4215","Name":"A M Duncan","Address":"3 Proud St Labrador QLD 4215","Phone number":"(07) 5571 0614"},{"Postcode":"4215","Name":"B J & M J Duncan","Address":"Un 1 75 Brighton Pde Southport QLD 4215","Phone number":"(07) 5571 2949"},{"Postcode":"4215","Name":"G Duncan","Address":"20 Huth St Labrador QLD 4215","Phone number":"(04) 3309 9756"},{"Postcode":"4215","Name":"M A Duncan","Address":"3 Morinda Way Labrador QLD 4215","Phone number":"(04) 4895 9131"},{"Postcode":"4215","Name":"R C Duncan","Address":"63 Central St Labrador QLD 4215","Phone number":"(07) 5591 5270"},{"Postcode":"4215","Name":"A M Duncan","Address":"3 Proud St Labrador QLD 4215","Phone number":"(07) 5571 0614"},{"Postcode":"4215","Name":"B J & M J Duncan","Address":"Un 1 75 Brighton Pde Southport QLD 4215","Phone number":"(07) 5571 2949"},{"Postcode":"4215","Name":"G Duncan","Address":"20 Huth St Labrador QLD 4215","Phone number":"(04) 3309 9756"},{"Postcode":"4215","Name":"M A Duncan","Address":"3 Morinda Way Labrador QLD 4215","Phone number":"(04) 4895 9131"},{"Postcode":"4215","Name":"R C Duncan","Address":"63 Central St Labrador QLD 4215","Phone number":"(07) 5591 5270"},{"Postcode":"4215","Name":"A M Duncan","Address":"3 Proud St Labrador QLD 4215","Phone number":"(07) 5571 0614"},{"Postcode":"4215","Name":"B J & M J Duncan","Address":"Un 1 75 Brighton Pde Southport QLD 4215","Phone number":"(07) 5571 2949"},{"Postcode":"4215","Name":"G Duncan","Address":"20 Huth St Labrador QLD 4215","Phone number":"(04) 3309 9756"},{"Postcode":"4215","Name":"M A Duncan","Address":"3 Morinda Way Labrador QLD 4215","Phone number":"(04) 4895 9131"},{"Postcode":"4215","Name":"R C Duncan","Address":"63 Central St Labrador QLD 4215","Phone number":"(07) 5591 5270"},{"Postcode":"4213","Name":"J M Duncan","Address":"3 Constellation Crs Mudgeeraba QLD 4213","Phone number":"(07) 5530 2829"},{"Postcode":"4213","Name":"J R & M Duncan","Address":"8 Saraji St Worongary QLD 4213","Phone number":"(07) 5596 5171"},{"Postcode":"4280","Name":"K A Duncan","Address":"120 Red Cedar Cres Flagstone QLD 4280","Phone number":"(07) 5540 3602"},{"Postcode":"4280","Name":"L Duncan","Address":"80 Manning St Jimboomba QLD 4280","Phone number":"(07) 5547 7613"},{"Postcode":"4210","Name":"M Duncan","Address":"3 Streeton Pl Maudsland QLD 4210","Phone number":"(07) 5665 6546"},{"Postcode":"4210","Name":"S J Duncan","Address":"29 Studio Dr Oxenford QLD 4210","Phone number":"(04) 3370 1823"},{"Postcode":"4217","Name":"D Duncan","Address":"8 Village High Rd Benowa QLD 4217","Phone number":"(07) 5539 2872"},{"Postcode":"4285","Name":"A Duncan","Address":"34 Leopardwood Rd Cedar Grove QLD 4285","Phone number":"(07) 5543 1905"},{"Postcode":"4285","Name":"A Duncan","Address":"34 Leopardwood Rd Cedar Grove QLD 4285","Phone number":"(07) 5543 1905"},{"Postcode":"4213","Name":"J M Duncan","Address":"3 Constellation Crs Mudgeeraba QLD 4213","Phone number":"(07) 5530 2829"},{"Postcode":"4213","Name":"J R & M Duncan","Address":"8 Saraji St Worongary QLD 4213","Phone number":"(07) 5596 5171"},{"Postcode":"4270","Name":"L Duncan","Address":"76 Martin Pl Tamborine QLD 4270","Phone number":"(07) 5543 6703"},{"Postcode":"4285","Name":"A Duncan","Address":"34 Leopardwood Rd Cedar Grove QLD 4285","Phone number":"(07) 5543 1905"},{"Postcode":"4285","Name":"A Duncan","Address":"34 Leopardwood Rd Cedar Grove QLD 4285","Phone number":"(07) 5543 1905"},{"Postcode":"4224","Name":"M Duncan","Address":"11 Admiral Crs Tugun QLD 4224","Phone number":"(07) 5598 0459"},{"Postcode":"4224","Name":"M Duncan","Address":"11 Admiral Crs Tugun QLD 4224","Phone number":"(07) 5598 0459"},{"Postcode":"4285","Name":"A Duncan","Address":"34 Leopardwood Rd Cedar Grove QLD 4285","Phone number":"(07) 5543 1905"},{"Postcode":"4227","Name":"K Duncan","Address":"14 Abbey Ridge Rd Reedy Creek QLD 4227","Phone number":"(07) 5593 5235"},{"Postcode":"4227","Name":"K Duncan","Address":"Un 2 2 Woollahra Ct Varsity Lakes QLD 4227","Phone number":"(07) 5593 5253"},{"Postcode":"4227","Name":"N Duncan","Address":"29 Altissimo Cl Varsity Lakes QLD 4227","Phone number":"(07) 5535 6725"},{"Postcode":"4227","Name":"R J Duncan","Address":"36 Frascott Ave Varsity Lakes QLD 4227","Phone number":"(04) 2967 1359"},{"Postcode":"4285","Name":"A Duncan","Address":"34 Leopardwood Rd Cedar Grove QLD 4285","Phone number":"(07) 5543 1905"},{"Postcode":"4285","Name":"A Duncan","Address":"34 Leopardwood Rd Cedar Grove QLD 4285","Phone number":"(07) 5543 1905"},{"Postcode":"4210","Name":"M Duncan","Address":"3 Streeton Pl Maudsland QLD 4210","Phone number":"(07) 5665 6546"},{"Postcode":"4210","Name":"S J Duncan","Address":"29 Studio Dr Oxenford QLD 4210","Phone number":"(04) 3370 1823"},{"Postcode":"4285","Name":"A Duncan","Address":"34 Leopardwood Rd Cedar Grove QLD 4285","Phone number":"(07) 5543 1905"},{"Postcode":"4213","Name":"J M Duncan","Address":"3 Constellation Crs Mudgeeraba QLD 4213","Phone number":"(07) 5530 2829"},{"Postcode":"4213","Name":"J R & M Duncan","Address":"8 Saraji St Worongary QLD 4213","Phone number":"(07) 5596 5171"}]