[{"Postcode":"6167","Name":"Z Wang","Address":"7 Lomond Crs Wandi WA 6167","Phone number":"(08) 9410 1808"},{"Postcode":"6153","Name":"T Y Wang","Address":"16 Bateman Rd Mt Pleasant WA 6153","Phone number":"(08) 9316 3390"},{"Postcode":"6153","Name":"T Y Wang","Address":"16 Bateman Rd Mt Pleasant WA 6153","Phone number":"(08) 9316 3390"},{"Postcode":"6112","Name":"B Wang","Address":"4 Whitehorse Drv Harrisdale WA 6112","Phone number":"(08) 9393 4453"},{"Postcode":"6112","Name":"H Wang","Address":"19 Olsen Bnd Harrisdale WA 6112","Phone number":"(08) 9397 0790"},{"Postcode":"6112","Name":"Y Wang","Address":"9 Binnia Mews Harrisdale WA 6112","Phone number":"(08) 9397 2386"},{"Postcode":"6065","Name":"H Wang","Address":"43 Rayner Drv Landsdale WA 6065","Phone number":"(08) 9303 2805"},{"Postcode":"6065","Name":"X Wang","Address":"57 James Spiers Drv Wanneroo WA 6065","Phone number":"(08) 9405 8675"},{"Postcode":"6054","Name":"Y Wang","Address":"24 Freeland Way Eden Hill WA 6054","Phone number":"(04) 1582 7830"},{"Postcode":"6164","Name":"H Wang","Address":"8 Baler Crt Hammond Park WA 6164","Phone number":"(08) 9499 3782"},{"Postcode":"6164","Name":"J W Wang","Address":"23 Mayhew Crss Atwell WA 6164","Phone number":"(08) 9498 6198"},{"Postcode":"6164","Name":"R Wang","Address":"14 Imandra Cct Success WA 6164","Phone number":"(08) 6498 0332"},{"Postcode":"6164","Name":"S Wang","Address":"9 Minyon Cct Atwell WA 6164","Phone number":"(08) 9499 3301"},{"Postcode":"6164","Name":"W Wang","Address":"11 O'Farrell Cl Atwell WA 6164","Phone number":"(08) 8649 0488"},{"Postcode":"6164","Name":"W Wang","Address":"14 Galveston Bnd Success WA 6164","Phone number":"(08) 9498 7464"},{"Postcode":"6164","Name":"Y Wang","Address":"20 Cape Range Cres Aubin Grove WA 6164","Phone number":"(08) 9414 6097"},{"Postcode":"6164","Name":"Mrs Y Wang","Address":"22 Cape Range Cres Aubin Grove WA 6164","Phone number":"(08) 9414 5727"},{"Postcode":"6164","Name":"Mr Y Wang","Address":"15 Beroona Way South Lake WA 6164","Phone number":"(08) 9417 7095"},{"Postcode":"6164","Name":"Y Wang","Address":"16 Jacksonia Prm Success WA 6164","Phone number":"(08) 9414 6459"},{"Postcode":"6164","Name":"Y Wang","Address":"7 Sunflower Rd Success WA 6164","Phone number":"(08) 6595 3180"},{"Postcode":"6164","Name":"H Wang","Address":"8 Baler Crt Hammond Park WA 6164","Phone number":"(08) 9499 3782"},{"Postcode":"6164","Name":"J W Wang","Address":"23 Mayhew Crss Atwell WA 6164","Phone number":"(08) 9498 6198"},{"Postcode":"6164","Name":"R Wang","Address":"14 Imandra Cct Success WA 6164","Phone number":"(08) 6498 0332"},{"Postcode":"6164","Name":"S Wang","Address":"9 Minyon Cct Atwell WA 6164","Phone number":"(08) 9499 3301"},{"Postcode":"6164","Name":"W Wang","Address":"11 O'Farrell Cl Atwell WA 6164","Phone number":"(08) 8649 0488"},{"Postcode":"6164","Name":"W Wang","Address":"14 Galveston Bnd Success WA 6164","Phone number":"(08) 9498 7464"},{"Postcode":"6164","Name":"Y Wang","Address":"20 Cape Range Cres Aubin Grove WA 6164","Phone number":"(08) 9414 6097"},{"Postcode":"6164","Name":"Mrs Y Wang","Address":"22 Cape Range Cres Aubin Grove WA 6164","Phone number":"(08) 9414 5727"},{"Postcode":"6164","Name":"Mr Y Wang","Address":"15 Beroona Way South Lake WA 6164","Phone number":"(08) 9417 7095"},{"Postcode":"6164","Name":"Y Wang","Address":"16 Jacksonia Prm Success WA 6164","Phone number":"(08) 9414 6459"},{"Postcode":"6164","Name":"Y Wang","Address":"7 Sunflower Rd Success WA 6164","Phone number":"(08) 6595 3180"},{"Postcode":"6233","Name":"Mr C Wang.","Address":"4 Belinda Pl Australind WA 6233","Phone number":"(08) 9725 9236"},{"Postcode":"6233","Name":"G Wang","Address":"28 Kelston Way Australind WA 6233","Phone number":"(08) 9725 9036"},{"Postcode":"6061","Name":"J Wang","Address":"51a Currong Way Nollamara WA 6061","Phone number":"(08) 9349 8186"},{"Postcode":"6061","Name":"X Wang","Address":"36 Arkana Rd Westminster WA 6061","Phone number":"(08) 6150 1942"},{"Postcode":"6061","Name":"Z Wang","Address":"Un 5 19 Paltarra Rd Nollamara WA 6061","Phone number":"(08) 9349 8920"},{"Postcode":"6164","Name":"H Wang","Address":"8 Baler Crt Hammond Park WA 6164","Phone number":"(08) 9499 3782"},{"Postcode":"6164","Name":"J W Wang","Address":"23 Mayhew Crss Atwell WA 6164","Phone number":"(08) 9498 6198"},{"Postcode":"6164","Name":"R Wang","Address":"14 Imandra Cct Success WA 6164","Phone number":"(08) 6498 0332"},{"Postcode":"6164","Name":"S Wang","Address":"9 Minyon Cct Atwell WA 6164","Phone number":"(08) 9499 3301"},{"Postcode":"6164","Name":"W Wang","Address":"11 O'Farrell Cl Atwell WA 6164","Phone number":"(08) 8649 0488"},{"Postcode":"6164","Name":"W Wang","Address":"14 Galveston Bnd Success WA 6164","Phone number":"(08) 9498 7464"},{"Postcode":"6164","Name":"Y Wang","Address":"20 Cape Range Cres Aubin Grove WA 6164","Phone number":"(08) 9414 6097"},{"Postcode":"6164","Name":"Mrs Y Wang","Address":"22 Cape Range Cres Aubin Grove WA 6164","Phone number":"(08) 9414 5727"},{"Postcode":"6164","Name":"Mr Y Wang","Address":"15 Beroona Way South Lake WA 6164","Phone number":"(08) 9417 7095"},{"Postcode":"6164","Name":"Y Wang","Address":"16 Jacksonia Prm Success WA 6164","Phone number":"(08) 9414 6459"},{"Postcode":"6164","Name":"Y Wang","Address":"7 Sunflower Rd Success WA 6164","Phone number":"(08) 6595 3180"},{"Postcode":"6210","Name":"S Wang","Address":"1 Arcot Crt Meadow Springs WA 6210","Phone number":"(08) 9584 2878"},{"Postcode":"6054","Name":"Y Wang","Address":"24 Freeland Way Eden Hill WA 6054","Phone number":"(04) 1582 7830"},{"Postcode":"6150","Name":"D Wang","Address":"53 Jackson Ave Winthrop WA 6150","Phone number":"(08) 9310 4540"},{"Postcode":"6150","Name":"J Wang","Address":"4 Hawke Pass Bateman WA 6150","Phone number":"(08) 9313 7286"},{"Postcode":"6150","Name":"W Wang","Address":"95 Johanson Prm Murdoch WA 6150","Phone number":"(08) 9332 3457"},{"Postcode":"6150","Name":"W Wang","Address":"11 Mapstone Gdns Murdoch WA 6150","Phone number":"(08) 9312 3247"},{"Postcode":"6107","Name":"C Wang","Address":"U 10 45 Rochester Ave Beckenham WA 6107","Phone number":"(08) 9356 8075"},{"Postcode":"6107","Name":"D Wang","Address":"5 Kelly Pl Beckenham WA 6107","Phone number":"(08) 9451 6127"},{"Postcode":"6107","Name":"D Wang","Address":"U 2 26 Bickley Rd Cannington WA 6107","Phone number":"(08) 6261 2661"},{"Postcode":"6107","Name":"Q Wang","Address":"32 Dealy Cl Cannington WA 6107","Phone number":"(08) 9258 6596"},{"Postcode":"6107","Name":"R Wang","Address":"175 Crawford St East Cannington WA 6107","Phone number":"(08) 9451 6090"},{"Postcode":"6107","Name":"Z Wang","Address":"51 Stephen St East Cannington WA 6107","Phone number":"(08) 6150 1009"},{"Postcode":"6107","Name":"Z Wang","Address":"15 A Fleming Ave Wilson WA 6107","Phone number":"(08) 9258 9372"},{"Postcode":"6052","Name":"Y Wang","Address":"Un 8 38 Carrington St Inglewood WA 6052","Phone number":"(08) 9272 2260"},{"Postcode":"6112","Name":"B Wang","Address":"4 Whitehorse Drv Harrisdale WA 6112","Phone number":"(08) 9393 4453"},{"Postcode":"6112","Name":"H Wang","Address":"19 Olsen Bnd Harrisdale WA 6112","Phone number":"(08) 9397 0790"},{"Postcode":"6112","Name":"Y Wang","Address":"9 Binnia Mews Harrisdale WA 6112","Phone number":"(08) 9397 2386"},{"Postcode":"6164","Name":"H Wang","Address":"8 Baler Crt Hammond Park WA 6164","Phone number":"(08) 9499 3782"},{"Postcode":"6164","Name":"J W Wang","Address":"23 Mayhew Crss Atwell WA 6164","Phone number":"(08) 9498 6198"},{"Postcode":"6164","Name":"R Wang","Address":"14 Imandra Cct Success WA 6164","Phone number":"(08) 6498 0332"},{"Postcode":"6164","Name":"S Wang","Address":"9 Minyon Cct Atwell WA 6164","Phone number":"(08) 9499 3301"},{"Postcode":"6164","Name":"W Wang","Address":"11 O'Farrell Cl Atwell WA 6164","Phone number":"(08) 8649 0488"},{"Postcode":"6164","Name":"W Wang","Address":"14 Galveston Bnd Success WA 6164","Phone number":"(08) 9498 7464"},{"Postcode":"6164","Name":"Y Wang","Address":"20 Cape Range Cres Aubin Grove WA 6164","Phone number":"(08) 9414 6097"},{"Postcode":"6164","Name":"Mrs Y Wang","Address":"22 Cape Range Cres Aubin Grove WA 6164","Phone number":"(08) 9414 5727"},{"Postcode":"6164","Name":"Mr Y Wang","Address":"15 Beroona Way South Lake WA 6164","Phone number":"(08) 9417 7095"},{"Postcode":"6164","Name":"Y Wang","Address":"16 Jacksonia Prm Success WA 6164","Phone number":"(08) 9414 6459"},{"Postcode":"6164","Name":"Y Wang","Address":"7 Sunflower Rd Success WA 6164","Phone number":"(08) 6595 3180"},{"Postcode":"6102","Name":"X Wang","Address":"7 Acton Ave Bentley WA 6102","Phone number":"(08) 9451 8572"},{"Postcode":"6167","Name":"Z Wang","Address":"7 Lomond Crs Wandi WA 6167","Phone number":"(08) 9410 1808"},{"Postcode":"6163","Name":"Y Wang","Address":"4 Bowman Crt Kardinya WA 6163","Phone number":"(08) 9332 9178"},{"Postcode":"6157","Name":"Z Wang","Address":"42 Foss St Bicton WA 6157","Phone number":"(08) 9339 4390"},{"Postcode":"6233","Name":"Mr C Wang.","Address":"4 Belinda Pl Australind WA 6233","Phone number":"(08) 9725 9236"},{"Postcode":"6233","Name":"G Wang","Address":"28 Kelston Way Australind WA 6233","Phone number":"(08) 9725 9036"},{"Postcode":"6210","Name":"S Wang","Address":"1 Arcot Crt Meadow Springs WA 6210","Phone number":"(08) 9584 2878"},{"Postcode":"6153","Name":"T Y Wang","Address":"16 Bateman Rd Mt Pleasant WA 6153","Phone number":"(08) 9316 3390"},{"Postcode":"6009","Name":"E Wang","Address":"Un 6 7 Taylor Rd Nedlands WA 6009","Phone number":"(08) 9389 5748"},{"Postcode":"6009","Name":"L Wang","Address":"9 Sutcliffe St Dalkeith WA 6009","Phone number":"(08) 6389 2704"},{"Postcode":"6009","Name":"S Wang","Address":"158 Victoria Ave Dalkeith WA 6009","Phone number":"(08) 9389 5542"},{"Postcode":"6112","Name":"B Wang","Address":"4 Whitehorse Drv Harrisdale WA 6112","Phone number":"(08) 9393 4453"},{"Postcode":"6112","Name":"H Wang","Address":"19 Olsen Bnd Harrisdale WA 6112","Phone number":"(08) 9397 0790"},{"Postcode":"6112","Name":"Y Wang","Address":"9 Binnia Mews Harrisdale WA 6112","Phone number":"(08) 9397 2386"},{"Postcode":"6149","Name":"F Wang","Address":"11 Merrifield Crcle Leeming WA 6149","Phone number":"(08) 9310 1241"},{"Postcode":"6028","Name":"W Wang","Address":"8 Balliol Elb Kinross WA 6028","Phone number":"(08) 9305 6568"},{"Postcode":"6100","Name":"H Wang","Address":"14 Leonard St Victoria Park WA 6100","Phone number":"(08) 9470 2728"},{"Postcode":"6100","Name":"L Wang","Address":"6 Mcmaster St Victoria Park WA 6100","Phone number":"(08) 6150 2398"},{"Postcode":"6100","Name":"X Wang","Address":"53 Leonard St Victoria Park WA 6100","Phone number":"(08) 6150 1599"},{"Postcode":"6122","Name":"S Wang","Address":"14 Doley Rd Byford WA 6122","Phone number":"(08) 9526 8525"},{"Postcode":"6167","Name":"Z Wang","Address":"7 Lomond Crs Wandi WA 6167","Phone number":"(08) 9410 1808"},{"Postcode":"6153","Name":"T Y Wang","Address":"16 Bateman Rd Mt Pleasant WA 6153","Phone number":"(08) 9316 3390"},{"Postcode":"6155","Name":"Mr C Wang","Address":"14 Warrilow Loop Canning Vale WA 6155","Phone number":"(08) 9456 1887"},{"Postcode":"6155","Name":"S Wang","Address":"3 Rudd Cove Canning Vale WA 6155","Phone number":"(08) 9455 1847"},{"Postcode":"6155","Name":"Mr S Wang","Address":"11 Fairlie Rd Canning Vale WA 6155","Phone number":"(08) 6258 5708"},{"Postcode":"6155","Name":"X Wang","Address":"80 Comrie Rd Canning Vale WA 6155","Phone number":"(08) 9456 3209"},{"Postcode":"6155","Name":"X Wang","Address":"2 Epping Mews Willetton WA 6155","Phone number":"(08) 9457 0465"},{"Postcode":"6155","Name":"Y Wang","Address":"8 Blarney Pl Canning Vale WA 6155","Phone number":"(08) 9455 5185"},{"Postcode":"6155","Name":"Y Wang","Address":"10 Granada Loop Canning Vale WA 6155","Phone number":"(08) 9456 2281"},{"Postcode":"6155","Name":"Y Wang","Address":"80 Sandringham Prm Canning Vale WA 6155","Phone number":"(08) 9455 7214"},{"Postcode":"6155","Name":"Y Wang","Address":"2 Avoca Cl Willetton WA 6155","Phone number":"(08) 9354 3129"},{"Postcode":"6155","Name":"Y Wang","Address":"Shp 4 113 Collins Rd Willetton WA 6155","Phone number":"(08) 9457 0988"},{"Postcode":"6155","Name":"Y Wang","Address":"40 Kielman Rd Willetton WA 6155","Phone number":"(08) 9259 5835"},{"Postcode":"6155","Name":"Z Wang","Address":"3 Delos La Canning Vale WA 6155","Phone number":"(08) 9455 5598"},{"Postcode":"6155","Name":"Mr C Wang","Address":"14 Warrilow Loop Canning Vale WA 6155","Phone number":"(08) 9456 1887"},{"Postcode":"6155","Name":"S Wang","Address":"3 Rudd Cove Canning Vale WA 6155","Phone number":"(08) 9455 1847"},{"Postcode":"6155","Name":"Mr S Wang","Address":"11 Fairlie Rd Canning Vale WA 6155","Phone number":"(08) 6258 5708"},{"Postcode":"6155","Name":"X Wang","Address":"80 Comrie Rd Canning Vale WA 6155","Phone number":"(08) 9456 3209"},{"Postcode":"6155","Name":"X Wang","Address":"2 Epping Mews Willetton WA 6155","Phone number":"(08) 9457 0465"},{"Postcode":"6155","Name":"Y Wang","Address":"8 Blarney Pl Canning Vale WA 6155","Phone number":"(08) 9455 5185"},{"Postcode":"6155","Name":"Y Wang","Address":"10 Granada Loop Canning Vale WA 6155","Phone number":"(08) 9456 2281"},{"Postcode":"6155","Name":"Y Wang","Address":"80 Sandringham Prm Canning Vale WA 6155","Phone number":"(08) 9455 7214"},{"Postcode":"6155","Name":"Y Wang","Address":"2 Avoca Cl Willetton WA 6155","Phone number":"(08) 9354 3129"},{"Postcode":"6155","Name":"Y Wang","Address":"Shp 4 113 Collins Rd Willetton WA 6155","Phone number":"(08) 9457 0988"},{"Postcode":"6155","Name":"Y Wang","Address":"40 Kielman Rd Willetton WA 6155","Phone number":"(08) 9259 5835"},{"Postcode":"6155","Name":"Z Wang","Address":"3 Delos La Canning Vale WA 6155","Phone number":"(08) 9455 5598"},{"Postcode":"6107","Name":"C Wang","Address":"U 10 45 Rochester Ave Beckenham WA 6107","Phone number":"(08) 9356 8075"},{"Postcode":"6107","Name":"D Wang","Address":"5 Kelly Pl Beckenham WA 6107","Phone number":"(08) 9451 6127"},{"Postcode":"6107","Name":"D Wang","Address":"U 2 26 Bickley Rd Cannington WA 6107","Phone number":"(08) 6261 2661"},{"Postcode":"6107","Name":"Q Wang","Address":"32 Dealy Cl Cannington WA 6107","Phone number":"(08) 9258 6596"},{"Postcode":"6107","Name":"R Wang","Address":"175 Crawford St East Cannington WA 6107","Phone number":"(08) 9451 6090"},{"Postcode":"6107","Name":"Z Wang","Address":"51 Stephen St East Cannington WA 6107","Phone number":"(08) 6150 1009"},{"Postcode":"6107","Name":"Z Wang","Address":"15 A Fleming Ave Wilson WA 6107","Phone number":"(08) 9258 9372"},{"Postcode":"6122","Name":"S Wang","Address":"14 Doley Rd Byford WA 6122","Phone number":"(08) 9526 8525"},{"Postcode":"6101","Name":"W Wang","Address":"Un 64 189 Swansea St East East Victoria Park WA 6101","Phone number":"(08) 9472 6115"},{"Postcode":"6101","Name":"X Wang","Address":"U 1 139 Raleigh St Carlisle WA 6101","Phone number":"(08) 9470 3565"},{"Postcode":"6167","Name":"Z Wang","Address":"7 Lomond Crs Wandi WA 6167","Phone number":"(08) 9410 1808"},{"Postcode":"6018","Name":"A Wang","Address":"23 Thornbill Way Churchlands WA 6018","Phone number":"(08) 9387 7676"},{"Postcode":"6018","Name":"J Wang","Address":"120 Birchwood Ave Woodlands WA 6018","Phone number":"(08) 9242 7422"},{"Postcode":"6018","Name":"K Wang","Address":"310 Huntriss Rd Woodlands WA 6018","Phone number":"(08) 9242 8454"},{"Postcode":"6018","Name":"S Wang","Address":"14 Taunton Way Karrinyup WA 6018","Phone number":"(08) 9244 2454"},{"Postcode":"6018","Name":"W Wang","Address":"58D Norman St Innaloo WA 6018","Phone number":"(08) 9204 3375"},{"Postcode":"6018","Name":"X Wang","Address":"46 Cromarty Rd Churchlands WA 6018","Phone number":"(08) 9284 1941"},{"Postcode":"6210","Name":"S Wang","Address":"1 Arcot Crt Meadow Springs WA 6210","Phone number":"(08) 9584 2878"},{"Postcode":"6105","Name":"R Wang","Address":"Un 3 28 Homewood St Cloverdale WA 6105","Phone number":"(08) 9477 5369"},{"Postcode":"6152","Name":"T Wang","Address":"191 Coode St Como WA 6152","Phone number":"(08) 9474 4349"},{"Postcode":"6152","Name":"X Wang","Address":"38 Anthus Cnr Waterford WA 6152","Phone number":"(08) 9351 9102"},{"Postcode":"6152","Name":"Z Wang","Address":"51 Hobbs Ave Como WA 6152","Phone number":"(08) 9367 4157"},{"Postcode":"6210","Name":"S Wang","Address":"1 Arcot Crt Meadow Springs WA 6210","Phone number":"(08) 9584 2878"},{"Postcode":"6166","Name":"Y Wang","Address":"10 Kapula Way Lake Coogee WA 6166","Phone number":"(08) 9437 4525"},{"Postcode":"6163","Name":"Y Wang","Address":"4 Bowman Crt Kardinya WA 6163","Phone number":"(08) 9332 9178"},{"Postcode":"6050","Name":"H Wang","Address":"Un 2 55 First Ave Mt Lawley WA 6050","Phone number":"(08) 9272 1338"},{"Postcode":"6009","Name":"E Wang","Address":"Un 6 7 Taylor Rd Nedlands WA 6009","Phone number":"(08) 9389 5748"},{"Postcode":"6009","Name":"L Wang","Address":"9 Sutcliffe St Dalkeith WA 6009","Phone number":"(08) 6389 2704"},{"Postcode":"6009","Name":"S Wang","Address":"158 Victoria Ave Dalkeith WA 6009","Phone number":"(08) 9389 5542"},{"Postcode":"6028","Name":"W Wang","Address":"8 Balliol Elb Kinross WA 6028","Phone number":"(08) 9305 6568"},{"Postcode":"6009","Name":"E Wang","Address":"Un 6 7 Taylor Rd Nedlands WA 6009","Phone number":"(08) 9389 5748"},{"Postcode":"6009","Name":"L Wang","Address":"9 Sutcliffe St Dalkeith WA 6009","Phone number":"(08) 6389 2704"},{"Postcode":"6009","Name":"S Wang","Address":"158 Victoria Ave Dalkeith WA 6009","Phone number":"(08) 9389 5542"},{"Postcode":"6065","Name":"H Wang","Address":"43 Rayner Drv Landsdale WA 6065","Phone number":"(08) 9303 2805"},{"Postcode":"6065","Name":"X Wang","Address":"57 James Spiers Drv Wanneroo WA 6065","Phone number":"(08) 9405 8675"},{"Postcode":"6122","Name":"S Wang","Address":"14 Doley Rd Byford WA 6122","Phone number":"(08) 9526 8525"},{"Postcode":"6210","Name":"S Wang","Address":"1 Arcot Crt Meadow Springs WA 6210","Phone number":"(08) 9584 2878"},{"Postcode":"6059","Name":"H Wang","Address":"45A Pola St Dianella WA 6059","Phone number":"(08) 9375 7327"},{"Postcode":"6059","Name":"Q H & Y H Wang","Address":"10 Morotai Gr Dianella WA 6059","Phone number":"(08) 9375 8088"},{"Postcode":"6060","Name":"C Wang","Address":"Un 2 217 Cape St Tuart Hill WA 6060","Phone number":"(08) 9349 9242"},{"Postcode":"6060","Name":"Y Wang","Address":"Un 4 409 Hector St Yokine WA 6060","Phone number":"(08) 9444 0697"},{"Postcode":"6018","Name":"A Wang","Address":"23 Thornbill Way Churchlands WA 6018","Phone number":"(08) 9387 7676"},{"Postcode":"6018","Name":"J Wang","Address":"120 Birchwood Ave Woodlands WA 6018","Phone number":"(08) 9242 7422"},{"Postcode":"6018","Name":"K Wang","Address":"310 Huntriss Rd Woodlands WA 6018","Phone number":"(08) 9242 8454"},{"Postcode":"6018","Name":"S Wang","Address":"14 Taunton Way Karrinyup WA 6018","Phone number":"(08) 9244 2454"},{"Postcode":"6018","Name":"W Wang","Address":"58D Norman St Innaloo WA 6018","Phone number":"(08) 9204 3375"},{"Postcode":"6018","Name":"X Wang","Address":"46 Cromarty Rd Churchlands WA 6018","Phone number":"(08) 9284 1941"},{"Postcode":"6210","Name":"S Wang","Address":"1 Arcot Crt Meadow Springs WA 6210","Phone number":"(08) 9584 2878"},{"Postcode":"6004","Name":"Mr H Wang","Address":"Un 28 22 Nile St East Perth WA 6004","Phone number":"(08) 9221 5680"},{"Postcode":"6004","Name":"M Wang","Address":"33 Bronte St East Perth WA 6004","Phone number":"(08) 9221 5057"},{"Postcode":"6004","Name":"S Wang","Address":"128 Adelaide Tce East Perth WA 6004","Phone number":"(08) 9325 7497"},{"Postcode":"6004","Name":"Y Wang","Address":"90 Terrace Rd East Perth WA 6004","Phone number":"(08) 9221 0972"},{"Postcode":"6101","Name":"W Wang","Address":"Un 64 189 Swansea St East East Victoria Park WA 6101","Phone number":"(08) 9472 6115"},{"Postcode":"6101","Name":"X Wang","Address":"U 1 139 Raleigh St Carlisle WA 6101","Phone number":"(08) 9470 3565"},{"Postcode":"6054","Name":"Y Wang","Address":"24 Freeland Way Eden Hill WA 6054","Phone number":"(04) 1582 7830"},{"Postcode":"6062","Name":"H Wang","Address":"6a Parsons St Embleton WA 6062","Phone number":"(04) 3092 7826"},{"Postcode":"6062","Name":"Mrs H Wang","Address":"43   A Robinson Rd Morley WA 6062","Phone number":"(08) 9275 2500"},{"Postcode":"6062","Name":"S Wang","Address":"28 Illingbridge St Morley WA 6062","Phone number":"(08) 9375 9388"},{"Postcode":"6062","Name":"Y Wang","Address":"8 Charlwood Way Morley WA 6062","Phone number":"(08) 6150 2260"},{"Postcode":"6210","Name":"S Wang","Address":"1 Arcot Crt Meadow Springs WA 6210","Phone number":"(08) 9584 2878"},{"Postcode":"6210","Name":"S Wang","Address":"1 Arcot Crt Meadow Springs WA 6210","Phone number":"(08) 9584 2878"},{"Postcode":"6148","Name":"Q Wang","Address":"69 Central Rd Rossmoyne WA 6148","Phone number":"(08) 9457 3887"},{"Postcode":"6148","Name":"R Wang","Address":"87 Modillion Ave South Shelley WA 6148","Phone number":"(08) 9457 4369"},{"Postcode":"6112","Name":"B Wang","Address":"4 Whitehorse Drv Harrisdale WA 6112","Phone number":"(08) 9393 4453"},{"Postcode":"6112","Name":"H Wang","Address":"19 Olsen Bnd Harrisdale WA 6112","Phone number":"(08) 9397 0790"},{"Postcode":"6112","Name":"Y Wang","Address":"9 Binnia Mews Harrisdale WA 6112","Phone number":"(08) 9397 2386"},{"Postcode":"6210","Name":"S Wang","Address":"1 Arcot Crt Meadow Springs WA 6210","Phone number":"(08) 9584 2878"},{"Postcode":"6065","Name":"H Wang","Address":"43 Rayner Drv Landsdale WA 6065","Phone number":"(08) 9303 2805"},{"Postcode":"6065","Name":"X Wang","Address":"57 James Spiers Drv Wanneroo WA 6065","Phone number":"(08) 9405 8675"},{"Postcode":"6110","Name":"J Wang","Address":"24 A Barrett St Southern River WA 6110","Phone number":"(08) 9398 3295"},{"Postcode":"6110","Name":"P Wang","Address":"123 Furley Rd Southern River WA 6110","Phone number":"(08) 9394 1221"},{"Postcode":"6110","Name":"S Wang","Address":"44 Gay St Huntingdale WA 6110","Phone number":"(08) 9490 7955"},{"Postcode":"6110","Name":"X Wang","Address":"35 Daleford Way Southern River WA 6110","Phone number":"(08) 9398 5751"},{"Postcode":"6210","Name":"S Wang","Address":"1 Arcot Crt Meadow Springs WA 6210","Phone number":"(08) 9584 2878"},{"Postcode":"6018","Name":"A Wang","Address":"23 Thornbill Way Churchlands WA 6018","Phone number":"(08) 9387 7676"},{"Postcode":"6018","Name":"J Wang","Address":"120 Birchwood Ave Woodlands WA 6018","Phone number":"(08) 9242 7422"},{"Postcode":"6018","Name":"K Wang","Address":"310 Huntriss Rd Woodlands WA 6018","Phone number":"(08) 9242 8454"},{"Postcode":"6018","Name":"S Wang","Address":"14 Taunton Way Karrinyup WA 6018","Phone number":"(08) 9244 2454"},{"Postcode":"6018","Name":"W Wang","Address":"58D Norman St Innaloo WA 6018","Phone number":"(08) 9204 3375"},{"Postcode":"6018","Name":"X Wang","Address":"46 Cromarty Rd Churchlands WA 6018","Phone number":"(08) 9284 1941"},{"Postcode":"6210","Name":"S Wang","Address":"1 Arcot Crt Meadow Springs WA 6210","Phone number":"(08) 9584 2878"},{"Postcode":"6163","Name":"Y Wang","Address":"4 Bowman Crt Kardinya WA 6163","Phone number":"(08) 9332 9178"},{"Postcode":"6164","Name":"H Wang","Address":"8 Baler Crt Hammond Park WA 6164","Phone number":"(08) 9499 3782"},{"Postcode":"6164","Name":"J W Wang","Address":"23 Mayhew Crss Atwell WA 6164","Phone number":"(08) 9498 6198"},{"Postcode":"6164","Name":"R Wang","Address":"14 Imandra Cct Success WA 6164","Phone number":"(08) 6498 0332"},{"Postcode":"6164","Name":"S Wang","Address":"9 Minyon Cct Atwell WA 6164","Phone number":"(08) 9499 3301"},{"Postcode":"6164","Name":"W Wang","Address":"11 O'Farrell Cl Atwell WA 6164","Phone number":"(08) 8649 0488"},{"Postcode":"6164","Name":"W Wang","Address":"14 Galveston Bnd Success WA 6164","Phone number":"(08) 9498 7464"},{"Postcode":"6164","Name":"Y Wang","Address":"20 Cape Range Cres Aubin Grove WA 6164","Phone number":"(08) 9414 6097"},{"Postcode":"6164","Name":"Mrs Y Wang","Address":"22 Cape Range Cres Aubin Grove WA 6164","Phone number":"(08) 9414 5727"},{"Postcode":"6164","Name":"Mr Y Wang","Address":"15 Beroona Way South Lake WA 6164","Phone number":"(08) 9417 7095"},{"Postcode":"6164","Name":"Y Wang","Address":"16 Jacksonia Prm Success WA 6164","Phone number":"(08) 9414 6459"},{"Postcode":"6164","Name":"Y Wang","Address":"7 Sunflower Rd Success WA 6164","Phone number":"(08) 6595 3180"},{"Postcode":"6166","Name":"Y Wang","Address":"10 Kapula Way Lake Coogee WA 6166","Phone number":"(08) 9437 4525"},{"Postcode":"6210","Name":"S Wang","Address":"1 Arcot Crt Meadow Springs WA 6210","Phone number":"(08) 9584 2878"},{"Postcode":"6163","Name":"Y Wang","Address":"4 Bowman Crt Kardinya WA 6163","Phone number":"(08) 9332 9178"},{"Postcode":"6065","Name":"H Wang","Address":"43 Rayner Drv Landsdale WA 6065","Phone number":"(08) 9303 2805"},{"Postcode":"6065","Name":"X Wang","Address":"57 James Spiers Drv Wanneroo WA 6065","Phone number":"(08) 9405 8675"},{"Postcode":"6110","Name":"J Wang","Address":"24 A Barrett St Southern River WA 6110","Phone number":"(08) 9398 3295"},{"Postcode":"6110","Name":"P Wang","Address":"123 Furley Rd Southern River WA 6110","Phone number":"(08) 9394 1221"},{"Postcode":"6110","Name":"S Wang","Address":"44 Gay St Huntingdale WA 6110","Phone number":"(08) 9490 7955"},{"Postcode":"6110","Name":"X Wang","Address":"35 Daleford Way Southern River WA 6110","Phone number":"(08) 9398 5751"},{"Postcode":"6028","Name":"W Wang","Address":"8 Balliol Elb Kinross WA 6028","Phone number":"(08) 9305 6568"},{"Postcode":"6052","Name":"Y Wang","Address":"Un 8 38 Carrington St Inglewood WA 6052","Phone number":"(08) 9272 2260"},{"Postcode":"6018","Name":"A Wang","Address":"23 Thornbill Way Churchlands WA 6018","Phone number":"(08) 9387 7676"},{"Postcode":"6018","Name":"J Wang","Address":"120 Birchwood Ave Woodlands WA 6018","Phone number":"(08) 9242 7422"},{"Postcode":"6018","Name":"K Wang","Address":"310 Huntriss Rd Woodlands WA 6018","Phone number":"(08) 9242 8454"},{"Postcode":"6018","Name":"S Wang","Address":"14 Taunton Way Karrinyup WA 6018","Phone number":"(08) 9244 2454"},{"Postcode":"6018","Name":"W Wang","Address":"58D Norman St Innaloo WA 6018","Phone number":"(08) 9204 3375"},{"Postcode":"6018","Name":"X Wang","Address":"46 Cromarty Rd Churchlands WA 6018","Phone number":"(08) 9284 1941"},{"Postcode":"6065","Name":"H Wang","Address":"43 Rayner Drv Landsdale WA 6065","Phone number":"(08) 9303 2805"},{"Postcode":"6065","Name":"X Wang","Address":"57 James Spiers Drv Wanneroo WA 6065","Phone number":"(08) 9405 8675"},{"Postcode":"6164","Name":"H Wang","Address":"8 Baler Crt Hammond Park WA 6164","Phone number":"(08) 9499 3782"},{"Postcode":"6164","Name":"J W Wang","Address":"23 Mayhew Crss Atwell WA 6164","Phone number":"(08) 9498 6198"},{"Postcode":"6164","Name":"R Wang","Address":"14 Imandra Cct Success WA 6164","Phone number":"(08) 6498 0332"},{"Postcode":"6164","Name":"S Wang","Address":"9 Minyon Cct Atwell WA 6164","Phone number":"(08) 9499 3301"},{"Postcode":"6164","Name":"W Wang","Address":"11 O'Farrell Cl Atwell WA 6164","Phone number":"(08) 8649 0488"},{"Postcode":"6164","Name":"W Wang","Address":"14 Galveston Bnd Success WA 6164","Phone number":"(08) 9498 7464"},{"Postcode":"6164","Name":"Y Wang","Address":"20 Cape Range Cres Aubin Grove WA 6164","Phone number":"(08) 9414 6097"},{"Postcode":"6164","Name":"Mrs Y Wang","Address":"22 Cape Range Cres Aubin Grove WA 6164","Phone number":"(08) 9414 5727"},{"Postcode":"6164","Name":"Mr Y Wang","Address":"15 Beroona Way South Lake WA 6164","Phone number":"(08) 9417 7095"},{"Postcode":"6164","Name":"Y Wang","Address":"16 Jacksonia Prm Success WA 6164","Phone number":"(08) 9414 6459"},{"Postcode":"6164","Name":"Y Wang","Address":"7 Sunflower Rd Success WA 6164","Phone number":"(08) 6595 3180"},{"Postcode":"6060","Name":"C Wang","Address":"Un 2 217 Cape St Tuart Hill WA 6060","Phone number":"(08) 9349 9242"},{"Postcode":"6060","Name":"Y Wang","Address":"Un 4 409 Hector St Yokine WA 6060","Phone number":"(08) 9444 0697"},{"Postcode":"6152","Name":"T Wang","Address":"191 Coode St Como WA 6152","Phone number":"(08) 9474 4349"},{"Postcode":"6152","Name":"X Wang","Address":"38 Anthus Cnr Waterford WA 6152","Phone number":"(08) 9351 9102"},{"Postcode":"6152","Name":"Z Wang","Address":"51 Hobbs Ave Como WA 6152","Phone number":"(08) 9367 4157"},{"Postcode":"6163","Name":"Y Wang","Address":"4 Bowman Crt Kardinya WA 6163","Phone number":"(08) 9332 9178"},{"Postcode":"6122","Name":"S Wang","Address":"14 Doley Rd Byford WA 6122","Phone number":"(08) 9526 8525"},{"Postcode":"6018","Name":"A Wang","Address":"23 Thornbill Way Churchlands WA 6018","Phone number":"(08) 9387 7676"},{"Postcode":"6018","Name":"J Wang","Address":"120 Birchwood Ave Woodlands WA 6018","Phone number":"(08) 9242 7422"},{"Postcode":"6018","Name":"K Wang","Address":"310 Huntriss Rd Woodlands WA 6018","Phone number":"(08) 9242 8454"},{"Postcode":"6018","Name":"S Wang","Address":"14 Taunton Way Karrinyup WA 6018","Phone number":"(08) 9244 2454"},{"Postcode":"6018","Name":"W Wang","Address":"58D Norman St Innaloo WA 6018","Phone number":"(08) 9204 3375"},{"Postcode":"6018","Name":"X Wang","Address":"46 Cromarty Rd Churchlands WA 6018","Phone number":"(08) 9284 1941"},{"Postcode":"6107","Name":"C Wang","Address":"U 10 45 Rochester Ave Beckenham WA 6107","Phone number":"(08) 9356 8075"},{"Postcode":"6107","Name":"D Wang","Address":"5 Kelly Pl Beckenham WA 6107","Phone number":"(08) 9451 6127"},{"Postcode":"6107","Name":"D Wang","Address":"U 2 26 Bickley Rd Cannington WA 6107","Phone number":"(08) 6261 2661"},{"Postcode":"6107","Name":"Q Wang","Address":"32 Dealy Cl Cannington WA 6107","Phone number":"(08) 9258 6596"},{"Postcode":"6107","Name":"R Wang","Address":"175 Crawford St East Cannington WA 6107","Phone number":"(08) 9451 6090"},{"Postcode":"6107","Name":"Z Wang","Address":"51 Stephen St East Cannington WA 6107","Phone number":"(08) 6150 1009"},{"Postcode":"6107","Name":"Z Wang","Address":"15 A Fleming Ave Wilson WA 6107","Phone number":"(08) 9258 9372"},{"Postcode":"6105","Name":"R Wang","Address":"Un 3 28 Homewood St Cloverdale WA 6105","Phone number":"(08) 9477 5369"},{"Postcode":"6054","Name":"Y Wang","Address":"24 Freeland Way Eden Hill WA 6054","Phone number":"(04) 1582 7830"},{"Postcode":"6005","Name":"Siyu Wang","Address":"Un 42 34 Kings Park Rd West Perth WA 6005","Phone number":"(08) 9226 4410"},{"Postcode":"6065","Name":"H Wang","Address":"43 Rayner Drv Landsdale WA 6065","Phone number":"(08) 9303 2805"},{"Postcode":"6065","Name":"X Wang","Address":"57 James Spiers Drv Wanneroo WA 6065","Phone number":"(08) 9405 8675"},{"Postcode":"6028","Name":"W Wang","Address":"8 Balliol Elb Kinross WA 6028","Phone number":"(08) 9305 6568"},{"Postcode":"6167","Name":"Z Wang","Address":"7 Lomond Crs Wandi WA 6167","Phone number":"(08) 9410 1808"},{"Postcode":"6167","Name":"Z Wang","Address":"7 Lomond Crs Wandi WA 6167","Phone number":"(08) 9410 1808"},{"Postcode":"6210","Name":"S Wang","Address":"1 Arcot Crt Meadow Springs WA 6210","Phone number":"(08) 9584 2878"},{"Postcode":"6065","Name":"H Wang","Address":"43 Rayner Drv Landsdale WA 6065","Phone number":"(08) 9303 2805"},{"Postcode":"6065","Name":"X Wang","Address":"57 James Spiers Drv Wanneroo WA 6065","Phone number":"(08) 9405 8675"},{"Postcode":"6147","Name":"H W Wang","Address":"163 Nicholson Rd Lynwood WA 6147","Phone number":"(08) 9350 5751"},{"Postcode":"6147","Name":"J Wang","Address":"8 Kapok Ct Parkwood WA 6147","Phone number":"(08) 9259 0069"},{"Postcode":"6147","Name":"W Wang","Address":"6 Griffin Cl Langford WA 6147","Phone number":"(08) 9358 6227"},{"Postcode":"6100","Name":"H Wang","Address":"14 Leonard St Victoria Park WA 6100","Phone number":"(08) 9470 2728"},{"Postcode":"6100","Name":"L Wang","Address":"6 Mcmaster St Victoria Park WA 6100","Phone number":"(08) 6150 2398"},{"Postcode":"6100","Name":"X Wang","Address":"53 Leonard St Victoria Park WA 6100","Phone number":"(08) 6150 1599"},{"Postcode":"6149","Name":"F Wang","Address":"11 Merrifield Crcle Leeming WA 6149","Phone number":"(08) 9310 1241"},{"Postcode":"6233","Name":"Mr C Wang.","Address":"4 Belinda Pl Australind WA 6233","Phone number":"(08) 9725 9236"},{"Postcode":"6233","Name":"G Wang","Address":"28 Kelston Way Australind WA 6233","Phone number":"(08) 9725 9036"},{"Postcode":"6065","Name":"H Wang","Address":"43 Rayner Drv Landsdale WA 6065","Phone number":"(08) 9303 2805"},{"Postcode":"6065","Name":"X Wang","Address":"57 James Spiers Drv Wanneroo WA 6065","Phone number":"(08) 9405 8675"},{"Postcode":"6054","Name":"Y Wang","Address":"24 Freeland Way Eden Hill WA 6054","Phone number":"(04) 1582 7830"},{"Postcode":"6147","Name":"H W Wang","Address":"163 Nicholson Rd Lynwood WA 6147","Phone number":"(08) 9350 5751"},{"Postcode":"6147","Name":"J Wang","Address":"8 Kapok Ct Parkwood WA 6147","Phone number":"(08) 9259 0069"},{"Postcode":"6147","Name":"W Wang","Address":"6 Griffin Cl Langford WA 6147","Phone number":"(08) 9358 6227"},{"Postcode":"6065","Name":"H Wang","Address":"43 Rayner Drv Landsdale WA 6065","Phone number":"(08) 9303 2805"},{"Postcode":"6065","Name":"X Wang","Address":"57 James Spiers Drv Wanneroo WA 6065","Phone number":"(08) 9405 8675"},{"Postcode":"6210","Name":"S Wang","Address":"1 Arcot Crt Meadow Springs WA 6210","Phone number":"(08) 9584 2878"},{"Postcode":"6167","Name":"Z Wang","Address":"7 Lomond Crs Wandi WA 6167","Phone number":"(08) 9410 1808"},{"Postcode":"6210","Name":"S Wang","Address":"1 Arcot Crt Meadow Springs WA 6210","Phone number":"(08) 9584 2878"},{"Postcode":"6210","Name":"S Wang","Address":"1 Arcot Crt Meadow Springs WA 6210","Phone number":"(08) 9584 2878"},{"Postcode":"6210","Name":"S Wang","Address":"1 Arcot Crt Meadow Springs WA 6210","Phone number":"(08) 9584 2878"},{"Postcode":"6152","Name":"T Wang","Address":"191 Coode St Como WA 6152","Phone number":"(08) 9474 4349"},{"Postcode":"6152","Name":"X Wang","Address":"38 Anthus Cnr Waterford WA 6152","Phone number":"(08) 9351 9102"},{"Postcode":"6152","Name":"Z Wang","Address":"51 Hobbs Ave Como WA 6152","Phone number":"(08) 9367 4157"},{"Postcode":"6065","Name":"H Wang","Address":"43 Rayner Drv Landsdale WA 6065","Phone number":"(08) 9303 2805"},{"Postcode":"6065","Name":"X Wang","Address":"57 James Spiers Drv Wanneroo WA 6065","Phone number":"(08) 9405 8675"},{"Postcode":"6110","Name":"J Wang","Address":"24 A Barrett St Southern River WA 6110","Phone number":"(08) 9398 3295"},{"Postcode":"6110","Name":"P Wang","Address":"123 Furley Rd Southern River WA 6110","Phone number":"(08) 9394 1221"},{"Postcode":"6110","Name":"S Wang","Address":"44 Gay St Huntingdale WA 6110","Phone number":"(08) 9490 7955"},{"Postcode":"6110","Name":"X Wang","Address":"35 Daleford Way Southern River WA 6110","Phone number":"(08) 9398 5751"},{"Postcode":"6051","Name":"Mr C Wang","Address":"Un 2 41 Hillside Crs Maylands WA 6051","Phone number":"(08) 9271 0316"},{"Postcode":"6051","Name":"C Wang","Address":"Un 7 41 Hillside Crs Maylands WA 6051","Phone number":"(08) 9271 9883"},{"Postcode":"6051","Name":"C Wang","Address":"Un 6 41 Hillside Crs Maylands WA 6051","Phone number":"(08) 9371 7952"},{"Postcode":"6051","Name":"C Wang","Address":"Un 6 41 Hillside Crs Maylands WA 6051","Phone number":"(08) 9473 0680"},{"Postcode":"6051","Name":"F Wang","Address":"70 Coode St Maylands WA 6051","Phone number":"(08) 9371 5741"},{"Postcode":"6210","Name":"S Wang","Address":"1 Arcot Crt Meadow Springs WA 6210","Phone number":"(08) 9584 2878"},{"Postcode":"6167","Name":"Z Wang","Address":"7 Lomond Crs Wandi WA 6167","Phone number":"(08) 9410 1808"},{"Postcode":"6065","Name":"H Wang","Address":"43 Rayner Drv Landsdale WA 6065","Phone number":"(08) 9303 2805"},{"Postcode":"6065","Name":"X Wang","Address":"57 James Spiers Drv Wanneroo WA 6065","Phone number":"(08) 9405 8675"},{"Postcode":"6050","Name":"H Wang","Address":"Un 2 55 First Ave Mt Lawley WA 6050","Phone number":"(08) 9272 1338"},{"Postcode":"6061","Name":"J Wang","Address":"51a Currong Way Nollamara WA 6061","Phone number":"(08) 9349 8186"},{"Postcode":"6061","Name":"X Wang","Address":"36 Arkana Rd Westminster WA 6061","Phone number":"(08) 6150 1942"},{"Postcode":"6061","Name":"Z Wang","Address":"Un 5 19 Paltarra Rd Nollamara WA 6061","Phone number":"(08) 9349 8920"},{"Postcode":"6062","Name":"H Wang","Address":"6a Parsons St Embleton WA 6062","Phone number":"(04) 3092 7826"},{"Postcode":"6062","Name":"Mrs H Wang","Address":"43   A Robinson Rd Morley WA 6062","Phone number":"(08) 9275 2500"},{"Postcode":"6062","Name":"S Wang","Address":"28 Illingbridge St Morley WA 6062","Phone number":"(08) 9375 9388"},{"Postcode":"6062","Name":"Y Wang","Address":"8 Charlwood Way Morley WA 6062","Phone number":"(08) 6150 2260"},{"Postcode":"6012","Name":"Y Wang","Address":"10 Colonial Gdns Mosman Park WA 6012","Phone number":"(08) 9385 4517"},{"Postcode":"6050","Name":"H Wang","Address":"Un 2 55 First Ave Mt Lawley WA 6050","Phone number":"(08) 9272 1338"},{"Postcode":"6112","Name":"B Wang","Address":"4 Whitehorse Drv Harrisdale WA 6112","Phone number":"(08) 9393 4453"},{"Postcode":"6112","Name":"H Wang","Address":"19 Olsen Bnd Harrisdale WA 6112","Phone number":"(08) 9397 0790"},{"Postcode":"6112","Name":"Y Wang","Address":"9 Binnia Mews Harrisdale WA 6112","Phone number":"(08) 9397 2386"},{"Postcode":"6153","Name":"T Y Wang","Address":"16 Bateman Rd Mt Pleasant WA 6153","Phone number":"(08) 9316 3390"},{"Postcode":"6112","Name":"B Wang","Address":"4 Whitehorse Drv Harrisdale WA 6112","Phone number":"(08) 9393 4453"},{"Postcode":"6112","Name":"H Wang","Address":"19 Olsen Bnd Harrisdale WA 6112","Phone number":"(08) 9397 0790"},{"Postcode":"6112","Name":"Y Wang","Address":"9 Binnia Mews Harrisdale WA 6112","Phone number":"(08) 9397 2386"},{"Postcode":"6166","Name":"Y Wang","Address":"10 Kapula Way Lake Coogee WA 6166","Phone number":"(08) 9437 4525"},{"Postcode":"6150","Name":"D Wang","Address":"53 Jackson Ave Winthrop WA 6150","Phone number":"(08) 9310 4540"},{"Postcode":"6150","Name":"J Wang","Address":"4 Hawke Pass Bateman WA 6150","Phone number":"(08) 9313 7286"},{"Postcode":"6150","Name":"W Wang","Address":"95 Johanson Prm Murdoch WA 6150","Phone number":"(08) 9332 3457"},{"Postcode":"6150","Name":"W Wang","Address":"11 Mapstone Gdns Murdoch WA 6150","Phone number":"(08) 9312 3247"},{"Postcode":"6009","Name":"E Wang","Address":"Un 6 7 Taylor Rd Nedlands WA 6009","Phone number":"(08) 9389 5748"},{"Postcode":"6009","Name":"L Wang","Address":"9 Sutcliffe St Dalkeith WA 6009","Phone number":"(08) 6389 2704"},{"Postcode":"6009","Name":"S Wang","Address":"158 Victoria Ave Dalkeith WA 6009","Phone number":"(08) 9389 5542"},{"Postcode":"6061","Name":"J Wang","Address":"51a Currong Way Nollamara WA 6061","Phone number":"(08) 9349 8186"},{"Postcode":"6061","Name":"X Wang","Address":"36 Arkana Rd Westminster WA 6061","Phone number":"(08) 6150 1942"},{"Postcode":"6061","Name":"Z Wang","Address":"Un 5 19 Paltarra Rd Nollamara WA 6061","Phone number":"(08) 9349 8920"},{"Postcode":"6062","Name":"H Wang","Address":"6a Parsons St Embleton WA 6062","Phone number":"(04) 3092 7826"},{"Postcode":"6062","Name":"Mrs H Wang","Address":"43   A Robinson Rd Morley WA 6062","Phone number":"(08) 9275 2500"},{"Postcode":"6062","Name":"S Wang","Address":"28 Illingbridge St Morley WA 6062","Phone number":"(08) 9375 9388"},{"Postcode":"6062","Name":"Y Wang","Address":"8 Charlwood Way Morley WA 6062","Phone number":"(08) 6150 2260"},{"Postcode":"6163","Name":"Y Wang","Address":"4 Bowman Crt Kardinya WA 6163","Phone number":"(08) 9332 9178"},{"Postcode":"6163","Name":"Y Wang","Address":"4 Bowman Crt Kardinya WA 6163","Phone number":"(08) 9332 9178"},{"Postcode":"6167","Name":"Z Wang","Address":"7 Lomond Crs Wandi WA 6167","Phone number":"(08) 9410 1808"},{"Postcode":"6157","Name":"Z Wang","Address":"42 Foss St Bicton WA 6157","Phone number":"(08) 9339 4390"},{"Postcode":"6233","Name":"Mr C Wang.","Address":"4 Belinda Pl Australind WA 6233","Phone number":"(08) 9725 9236"},{"Postcode":"6233","Name":"G Wang","Address":"28 Kelston Way Australind WA 6233","Phone number":"(08) 9725 9036"},{"Postcode":"6210","Name":"S Wang","Address":"1 Arcot Crt Meadow Springs WA 6210","Phone number":"(08) 9584 2878"},{"Postcode":"6147","Name":"H W Wang","Address":"163 Nicholson Rd Lynwood WA 6147","Phone number":"(08) 9350 5751"},{"Postcode":"6147","Name":"J Wang","Address":"8 Kapok Ct Parkwood WA 6147","Phone number":"(08) 9259 0069"},{"Postcode":"6147","Name":"W Wang","Address":"6 Griffin Cl Langford WA 6147","Phone number":"(08) 9358 6227"},{"Postcode":"6167","Name":"Z Wang","Address":"7 Lomond Crs Wandi WA 6167","Phone number":"(08) 9410 1808"},{"Postcode":"6065","Name":"H Wang","Address":"43 Rayner Drv Landsdale WA 6065","Phone number":"(08) 9303 2805"},{"Postcode":"6065","Name":"X Wang","Address":"57 James Spiers Drv Wanneroo WA 6065","Phone number":"(08) 9405 8675"},{"Postcode":"6000","Name":"B Wang","Address":"Un 31 101 Murray St Perth WA 6000","Phone number":"(08) 9325 1089"},{"Postcode":"6000","Name":"G W Wang","Address":"116 Mounts Bay Rd Perth WA 6000","Phone number":"(08) 9324 3196"},{"Postcode":"6000","Name":"R Wang","Address":"Unit 1009 305 Murray St Perth WA 6000","Phone number":"(08) 9226 3107"},{"Postcode":"6000","Name":"T Wang","Address":"Un 32 280 Lord St Perth WA 6000","Phone number":"(08) 9228 8264"},{"Postcode":"6000","Name":"X Wang","Address":"118 Mounts Bay Rd Perth WA 6000","Phone number":"(08) 9324 2929"},{"Postcode":"6000","Name":"Y Wang","Address":"213 Lake St Perth WA 6000","Phone number":"(04) 3078 2731"},{"Postcode":"6105","Name":"R Wang","Address":"Un 3 28 Homewood St Cloverdale WA 6105","Phone number":"(08) 9477 5369"},{"Postcode":"6065","Name":"H Wang","Address":"43 Rayner Drv Landsdale WA 6065","Phone number":"(08) 9303 2805"},{"Postcode":"6065","Name":"X Wang","Address":"57 James Spiers Drv Wanneroo WA 6065","Phone number":"(08) 9405 8675"},{"Postcode":"6167","Name":"Z Wang","Address":"7 Lomond Crs Wandi WA 6167","Phone number":"(08) 9410 1808"},{"Postcode":"6107","Name":"C Wang","Address":"U 10 45 Rochester Ave Beckenham WA 6107","Phone number":"(08) 9356 8075"},{"Postcode":"6107","Name":"D Wang","Address":"5 Kelly Pl Beckenham WA 6107","Phone number":"(08) 9451 6127"},{"Postcode":"6107","Name":"D Wang","Address":"U 2 26 Bickley Rd Cannington WA 6107","Phone number":"(08) 6261 2661"},{"Postcode":"6107","Name":"Q Wang","Address":"32 Dealy Cl Cannington WA 6107","Phone number":"(08) 9258 6596"},{"Postcode":"6107","Name":"R Wang","Address":"175 Crawford St East Cannington WA 6107","Phone number":"(08) 9451 6090"},{"Postcode":"6107","Name":"Z Wang","Address":"51 Stephen St East Cannington WA 6107","Phone number":"(08) 6150 1009"},{"Postcode":"6107","Name":"Z Wang","Address":"15 A Fleming Ave Wilson WA 6107","Phone number":"(08) 9258 9372"},{"Postcode":"6148","Name":"Q Wang","Address":"69 Central Rd Rossmoyne WA 6148","Phone number":"(08) 9457 3887"},{"Postcode":"6148","Name":"R Wang","Address":"87 Modillion Ave South Shelley WA 6148","Phone number":"(08) 9457 4369"},{"Postcode":"6103","Name":"S Wang","Address":"U 2 113 Gladstone Rd Rivervale WA 6103","Phone number":"(08) 9355 3198"},{"Postcode":"6148","Name":"Q Wang","Address":"69 Central Rd Rossmoyne WA 6148","Phone number":"(08) 9457 3887"},{"Postcode":"6148","Name":"R Wang","Address":"87 Modillion Ave South Shelley WA 6148","Phone number":"(08) 9457 4369"},{"Postcode":"6169","Name":"H F W Helen Faye Wang","Address":"9 Montego Cl Safety Bay WA 6169","Phone number":"(08) 9527 6361"},{"Postcode":"6152","Name":"T Wang","Address":"191 Coode St Como WA 6152","Phone number":"(08) 9474 4349"},{"Postcode":"6152","Name":"X Wang","Address":"38 Anthus Cnr Waterford WA 6152","Phone number":"(08) 9351 9102"},{"Postcode":"6152","Name":"Z Wang","Address":"51 Hobbs Ave Como WA 6152","Phone number":"(08) 9367 4157"},{"Postcode":"6163","Name":"Y Wang","Address":"4 Bowman Crt Kardinya WA 6163","Phone number":"(08) 9332 9178"},{"Postcode":"6210","Name":"S Wang","Address":"1 Arcot Crt Meadow Springs WA 6210","Phone number":"(08) 9584 2878"},{"Postcode":"6019","Name":"R Wang","Address":"68   B Abbett St Scarborough WA 6019","Phone number":"(08) 9383 7691"},{"Postcode":"6112","Name":"B Wang","Address":"4 Whitehorse Drv Harrisdale WA 6112","Phone number":"(08) 9393 4453"},{"Postcode":"6112","Name":"H Wang","Address":"19 Olsen Bnd Harrisdale WA 6112","Phone number":"(08) 9397 0790"},{"Postcode":"6112","Name":"Y Wang","Address":"9 Binnia Mews Harrisdale WA 6112","Phone number":"(08) 9397 2386"},{"Postcode":"6148","Name":"Q Wang","Address":"69 Central Rd Rossmoyne WA 6148","Phone number":"(08) 9457 3887"},{"Postcode":"6148","Name":"R Wang","Address":"87 Modillion Ave South Shelley WA 6148","Phone number":"(08) 9457 4369"},{"Postcode":"6169","Name":"H F W Helen Faye Wang","Address":"9 Montego Cl Safety Bay WA 6169","Phone number":"(08) 9527 6361"},{"Postcode":"6210","Name":"S Wang","Address":"1 Arcot Crt Meadow Springs WA 6210","Phone number":"(08) 9584 2878"},{"Postcode":"6065","Name":"H Wang","Address":"43 Rayner Drv Landsdale WA 6065","Phone number":"(08) 9303 2805"},{"Postcode":"6065","Name":"X Wang","Address":"57 James Spiers Drv Wanneroo WA 6065","Phone number":"(08) 9405 8675"},{"Postcode":"6164","Name":"H Wang","Address":"8 Baler Crt Hammond Park WA 6164","Phone number":"(08) 9499 3782"},{"Postcode":"6164","Name":"J W Wang","Address":"23 Mayhew Crss Atwell WA 6164","Phone number":"(08) 9498 6198"},{"Postcode":"6164","Name":"R Wang","Address":"14 Imandra Cct Success WA 6164","Phone number":"(08) 6498 0332"},{"Postcode":"6164","Name":"S Wang","Address":"9 Minyon Cct Atwell WA 6164","Phone number":"(08) 9499 3301"},{"Postcode":"6164","Name":"W Wang","Address":"11 O'Farrell Cl Atwell WA 6164","Phone number":"(08) 8649 0488"},{"Postcode":"6164","Name":"W Wang","Address":"14 Galveston Bnd Success WA 6164","Phone number":"(08) 9498 7464"},{"Postcode":"6164","Name":"Y Wang","Address":"20 Cape Range Cres Aubin Grove WA 6164","Phone number":"(08) 9414 6097"},{"Postcode":"6164","Name":"Mrs Y Wang","Address":"22 Cape Range Cres Aubin Grove WA 6164","Phone number":"(08) 9414 5727"},{"Postcode":"6164","Name":"Mr Y Wang","Address":"15 Beroona Way South Lake WA 6164","Phone number":"(08) 9417 7095"},{"Postcode":"6164","Name":"Y Wang","Address":"16 Jacksonia Prm Success WA 6164","Phone number":"(08) 9414 6459"},{"Postcode":"6164","Name":"Y Wang","Address":"7 Sunflower Rd Success WA 6164","Phone number":"(08) 6595 3180"},{"Postcode":"6110","Name":"J Wang","Address":"24 A Barrett St Southern River WA 6110","Phone number":"(08) 9398 3295"},{"Postcode":"6110","Name":"P Wang","Address":"123 Furley Rd Southern River WA 6110","Phone number":"(08) 9394 1221"},{"Postcode":"6110","Name":"S Wang","Address":"44 Gay St Huntingdale WA 6110","Phone number":"(08) 9490 7955"},{"Postcode":"6110","Name":"X Wang","Address":"35 Daleford Way Southern River WA 6110","Phone number":"(08) 9398 5751"},{"Postcode":"6163","Name":"Y Wang","Address":"4 Bowman Crt Kardinya WA 6163","Phone number":"(08) 9332 9178"},{"Postcode":"6102","Name":"X Wang","Address":"7 Acton Ave Bentley WA 6102","Phone number":"(08) 9451 8572"},{"Postcode":"6210","Name":"S Wang","Address":"1 Arcot Crt Meadow Springs WA 6210","Phone number":"(08) 9584 2878"},{"Postcode":"6164","Name":"H Wang","Address":"8 Baler Crt Hammond Park WA 6164","Phone number":"(08) 9499 3782"},{"Postcode":"6164","Name":"J W Wang","Address":"23 Mayhew Crss Atwell WA 6164","Phone number":"(08) 9498 6198"},{"Postcode":"6164","Name":"R Wang","Address":"14 Imandra Cct Success WA 6164","Phone number":"(08) 6498 0332"},{"Postcode":"6164","Name":"S Wang","Address":"9 Minyon Cct Atwell WA 6164","Phone number":"(08) 9499 3301"},{"Postcode":"6164","Name":"W Wang","Address":"11 O'Farrell Cl Atwell WA 6164","Phone number":"(08) 8649 0488"},{"Postcode":"6164","Name":"W Wang","Address":"14 Galveston Bnd Success WA 6164","Phone number":"(08) 9498 7464"},{"Postcode":"6164","Name":"Y Wang","Address":"20 Cape Range Cres Aubin Grove WA 6164","Phone number":"(08) 9414 6097"},{"Postcode":"6164","Name":"Mrs Y Wang","Address":"22 Cape Range Cres Aubin Grove WA 6164","Phone number":"(08) 9414 5727"},{"Postcode":"6164","Name":"Mr Y Wang","Address":"15 Beroona Way South Lake WA 6164","Phone number":"(08) 9417 7095"},{"Postcode":"6164","Name":"Y Wang","Address":"16 Jacksonia Prm Success WA 6164","Phone number":"(08) 9414 6459"},{"Postcode":"6164","Name":"Y Wang","Address":"7 Sunflower Rd Success WA 6164","Phone number":"(08) 6595 3180"},{"Postcode":"6065","Name":"H Wang","Address":"43 Rayner Drv Landsdale WA 6065","Phone number":"(08) 9303 2805"},{"Postcode":"6065","Name":"X Wang","Address":"57 James Spiers Drv Wanneroo WA 6065","Phone number":"(08) 9405 8675"},{"Postcode":"6167","Name":"Z Wang","Address":"7 Lomond Crs Wandi WA 6167","Phone number":"(08) 9410 1808"},{"Postcode":"6108","Name":"L Wang","Address":"38 Nyandi Crt Thornlie WA 6108","Phone number":"(08) 9455 7676"},{"Postcode":"6108","Name":"X Wang","Address":"14 Nyandi Crt Thornlie WA 6108","Phone number":"(08) 9456 1903"},{"Postcode":"6060","Name":"C Wang","Address":"Un 2 217 Cape St Tuart Hill WA 6060","Phone number":"(08) 9349 9242"},{"Postcode":"6060","Name":"Y Wang","Address":"Un 4 409 Hector St Yokine WA 6060","Phone number":"(08) 9444 0697"},{"Postcode":"6100","Name":"H Wang","Address":"14 Leonard St Victoria Park WA 6100","Phone number":"(08) 9470 2728"},{"Postcode":"6100","Name":"L Wang","Address":"6 Mcmaster St Victoria Park WA 6100","Phone number":"(08) 6150 2398"},{"Postcode":"6100","Name":"X Wang","Address":"53 Leonard St Victoria Park WA 6100","Phone number":"(08) 6150 1599"},{"Postcode":"6169","Name":"H F W Helen Faye Wang","Address":"9 Montego Cl Safety Bay WA 6169","Phone number":"(08) 9527 6361"},{"Postcode":"6167","Name":"Z Wang","Address":"7 Lomond Crs Wandi WA 6167","Phone number":"(08) 9410 1808"},{"Postcode":"6065","Name":"H Wang","Address":"43 Rayner Drv Landsdale WA 6065","Phone number":"(08) 9303 2805"},{"Postcode":"6065","Name":"X Wang","Address":"57 James Spiers Drv Wanneroo WA 6065","Phone number":"(08) 9405 8675"},{"Postcode":"6210","Name":"S Wang","Address":"1 Arcot Crt Meadow Springs WA 6210","Phone number":"(08) 9584 2878"},{"Postcode":"6065","Name":"H Wang","Address":"43 Rayner Drv Landsdale WA 6065","Phone number":"(08) 9303 2805"},{"Postcode":"6065","Name":"X Wang","Address":"57 James Spiers Drv Wanneroo WA 6065","Phone number":"(08) 9405 8675"},{"Postcode":"6169","Name":"H F W Helen Faye Wang","Address":"9 Montego Cl Safety Bay WA 6169","Phone number":"(08) 9527 6361"},{"Postcode":"6152","Name":"T Wang","Address":"191 Coode St Como WA 6152","Phone number":"(08) 9474 4349"},{"Postcode":"6152","Name":"X Wang","Address":"38 Anthus Cnr Waterford WA 6152","Phone number":"(08) 9351 9102"},{"Postcode":"6152","Name":"Z Wang","Address":"51 Hobbs Ave Como WA 6152","Phone number":"(08) 9367 4157"},{"Postcode":"6107","Name":"C Wang","Address":"U 10 45 Rochester Ave Beckenham WA 6107","Phone number":"(08) 9356 8075"},{"Postcode":"6107","Name":"D Wang","Address":"5 Kelly Pl Beckenham WA 6107","Phone number":"(08) 9451 6127"},{"Postcode":"6107","Name":"D Wang","Address":"U 2 26 Bickley Rd Cannington WA 6107","Phone number":"(08) 6261 2661"},{"Postcode":"6107","Name":"Q Wang","Address":"32 Dealy Cl Cannington WA 6107","Phone number":"(08) 9258 6596"},{"Postcode":"6107","Name":"R Wang","Address":"175 Crawford St East Cannington WA 6107","Phone number":"(08) 9451 6090"},{"Postcode":"6107","Name":"Z Wang","Address":"51 Stephen St East Cannington WA 6107","Phone number":"(08) 6150 1009"},{"Postcode":"6107","Name":"Z Wang","Address":"15 A Fleming Ave Wilson WA 6107","Phone number":"(08) 9258 9372"},{"Postcode":"6166","Name":"Y Wang","Address":"10 Kapula Way Lake Coogee WA 6166","Phone number":"(08) 9437 4525"},{"Postcode":"6233","Name":"Mr C Wang.","Address":"4 Belinda Pl Australind WA 6233","Phone number":"(08) 9725 9236"},{"Postcode":"6233","Name":"G Wang","Address":"28 Kelston Way Australind WA 6233","Phone number":"(08) 9725 9036"},{"Postcode":"6019","Name":"R Wang","Address":"68   B Abbett St Scarborough WA 6019","Phone number":"(08) 9383 7691"},{"Postcode":"6005","Name":"Siyu Wang","Address":"Un 42 34 Kings Park Rd West Perth WA 6005","Phone number":"(08) 9226 4410"},{"Postcode":"6061","Name":"J Wang","Address":"51a Currong Way Nollamara WA 6061","Phone number":"(08) 9349 8186"},{"Postcode":"6061","Name":"X Wang","Address":"36 Arkana Rd Westminster WA 6061","Phone number":"(08) 6150 1942"},{"Postcode":"6061","Name":"Z Wang","Address":"Un 5 19 Paltarra Rd Nollamara WA 6061","Phone number":"(08) 9349 8920"},{"Postcode":"6155","Name":"Mr C Wang","Address":"14 Warrilow Loop Canning Vale WA 6155","Phone number":"(08) 9456 1887"},{"Postcode":"6155","Name":"S Wang","Address":"3 Rudd Cove Canning Vale WA 6155","Phone number":"(08) 9455 1847"},{"Postcode":"6155","Name":"Mr S Wang","Address":"11 Fairlie Rd Canning Vale WA 6155","Phone number":"(08) 6258 5708"},{"Postcode":"6155","Name":"X Wang","Address":"80 Comrie Rd Canning Vale WA 6155","Phone number":"(08) 9456 3209"},{"Postcode":"6155","Name":"X Wang","Address":"2 Epping Mews Willetton WA 6155","Phone number":"(08) 9457 0465"},{"Postcode":"6155","Name":"Y Wang","Address":"8 Blarney Pl Canning Vale WA 6155","Phone number":"(08) 9455 5185"},{"Postcode":"6155","Name":"Y Wang","Address":"10 Granada Loop Canning Vale WA 6155","Phone number":"(08) 9456 2281"},{"Postcode":"6155","Name":"Y Wang","Address":"80 Sandringham Prm Canning Vale WA 6155","Phone number":"(08) 9455 7214"},{"Postcode":"6155","Name":"Y Wang","Address":"2 Avoca Cl Willetton WA 6155","Phone number":"(08) 9354 3129"},{"Postcode":"6155","Name":"Y Wang","Address":"Shp 4 113 Collins Rd Willetton WA 6155","Phone number":"(08) 9457 0988"},{"Postcode":"6155","Name":"Y Wang","Address":"40 Kielman Rd Willetton WA 6155","Phone number":"(08) 9259 5835"},{"Postcode":"6155","Name":"Z Wang","Address":"3 Delos La Canning Vale WA 6155","Phone number":"(08) 9455 5598"},{"Postcode":"6107","Name":"C Wang","Address":"U 10 45 Rochester Ave Beckenham WA 6107","Phone number":"(08) 9356 8075"},{"Postcode":"6107","Name":"D Wang","Address":"5 Kelly Pl Beckenham WA 6107","Phone number":"(08) 9451 6127"},{"Postcode":"6107","Name":"D Wang","Address":"U 2 26 Bickley Rd Cannington WA 6107","Phone number":"(08) 6261 2661"},{"Postcode":"6107","Name":"Q Wang","Address":"32 Dealy Cl Cannington WA 6107","Phone number":"(08) 9258 6596"},{"Postcode":"6107","Name":"R Wang","Address":"175 Crawford St East Cannington WA 6107","Phone number":"(08) 9451 6090"},{"Postcode":"6107","Name":"Z Wang","Address":"51 Stephen St East Cannington WA 6107","Phone number":"(08) 6150 1009"},{"Postcode":"6107","Name":"Z Wang","Address":"15 A Fleming Ave Wilson WA 6107","Phone number":"(08) 9258 9372"},{"Postcode":"6150","Name":"D Wang","Address":"53 Jackson Ave Winthrop WA 6150","Phone number":"(08) 9310 4540"},{"Postcode":"6150","Name":"J Wang","Address":"4 Hawke Pass Bateman WA 6150","Phone number":"(08) 9313 7286"},{"Postcode":"6150","Name":"W Wang","Address":"95 Johanson Prm Murdoch WA 6150","Phone number":"(08) 9332 3457"},{"Postcode":"6150","Name":"W Wang","Address":"11 Mapstone Gdns Murdoch WA 6150","Phone number":"(08) 9312 3247"},{"Postcode":"6018","Name":"A Wang","Address":"23 Thornbill Way Churchlands WA 6018","Phone number":"(08) 9387 7676"},{"Postcode":"6018","Name":"J Wang","Address":"120 Birchwood Ave Woodlands WA 6018","Phone number":"(08) 9242 7422"},{"Postcode":"6018","Name":"K Wang","Address":"310 Huntriss Rd Woodlands WA 6018","Phone number":"(08) 9242 8454"},{"Postcode":"6018","Name":"S Wang","Address":"14 Taunton Way Karrinyup WA 6018","Phone number":"(08) 9244 2454"},{"Postcode":"6018","Name":"W Wang","Address":"58D Norman St Innaloo WA 6018","Phone number":"(08) 9204 3375"},{"Postcode":"6018","Name":"X Wang","Address":"46 Cromarty Rd Churchlands WA 6018","Phone number":"(08) 9284 1941"},{"Postcode":"6112","Name":"B Wang","Address":"4 Whitehorse Drv Harrisdale WA 6112","Phone number":"(08) 9393 4453"},{"Postcode":"6112","Name":"H Wang","Address":"19 Olsen Bnd Harrisdale WA 6112","Phone number":"(08) 9397 0790"},{"Postcode":"6112","Name":"Y Wang","Address":"9 Binnia Mews Harrisdale WA 6112","Phone number":"(08) 9397 2386"},{"Postcode":"6164","Name":"H Wang","Address":"8 Baler Crt Hammond Park WA 6164","Phone number":"(08) 9499 3782"},{"Postcode":"6164","Name":"J W Wang","Address":"23 Mayhew Crss Atwell WA 6164","Phone number":"(08) 9498 6198"},{"Postcode":"6164","Name":"R Wang","Address":"14 Imandra Cct Success WA 6164","Phone number":"(08) 6498 0332"},{"Postcode":"6164","Name":"S Wang","Address":"9 Minyon Cct Atwell WA 6164","Phone number":"(08) 9499 3301"},{"Postcode":"6164","Name":"W Wang","Address":"11 O'Farrell Cl Atwell WA 6164","Phone number":"(08) 8649 0488"},{"Postcode":"6164","Name":"W Wang","Address":"14 Galveston Bnd Success WA 6164","Phone number":"(08) 9498 7464"},{"Postcode":"6164","Name":"Y Wang","Address":"20 Cape Range Cres Aubin Grove WA 6164","Phone number":"(08) 9414 6097"},{"Postcode":"6164","Name":"Mrs Y Wang","Address":"22 Cape Range Cres Aubin Grove WA 6164","Phone number":"(08) 9414 5727"},{"Postcode":"6164","Name":"Mr Y Wang","Address":"15 Beroona Way South Lake WA 6164","Phone number":"(08) 9417 7095"},{"Postcode":"6164","Name":"Y Wang","Address":"16 Jacksonia Prm Success WA 6164","Phone number":"(08) 9414 6459"},{"Postcode":"6164","Name":"Y Wang","Address":"7 Sunflower Rd Success WA 6164","Phone number":"(08) 6595 3180"},{"Postcode":"6060","Name":"C Wang","Address":"Un 2 217 Cape St Tuart Hill WA 6060","Phone number":"(08) 9349 9242"},{"Postcode":"6060","Name":"Y Wang","Address":"Un 4 409 Hector St Yokine WA 6060","Phone number":"(08) 9444 0697"},{"Postcode":"4211","Name":"C Wang","Address":"10 Sandow St Pacific Pines QLD 4211","Phone number":"(07) 5529 8018"},{"Postcode":"4211","Name":"Mr F Wang","Address":"19 Chesterton St Pacific Pines QLD 4211","Phone number":"(07) 5665 7586"},{"Postcode":"4211","Name":"Mr J T Wang","Address":"Unit 64 1 Norris St Pacific Pines QLD 4211","Phone number":"(07) 5573 1367"},{"Postcode":"4211","Name":"L Wang","Address":"Un 2024 3029 The Boulevard Carrara QLD 4211","Phone number":"(07) 5579 9632"},{"Postcode":"4211","Name":"L Wang","Address":"17 Palm St Pacific Pines QLD 4211","Phone number":"(07) 5502 6423"},{"Postcode":"4211","Name":"P Wang","Address":"2 Galleria Crt Highland Park QLD 4211","Phone number":"(07) 5574 7073"},{"Postcode":"4214","Name":"B Wang","Address":"113 Crestwood Drv Molendinar QLD 4214","Phone number":"(07) 5597 5208"},{"Postcode":"4214","Name":"D Wang","Address":"8 Watergum Pde Molendinar QLD 4214","Phone number":"(07) 5564 6166"},{"Postcode":"4214","Name":"K Wang","Address":"130 Parasol St Ashmore QLD 4214","Phone number":"(07) 5539 5193"},{"Postcode":"4214","Name":"L Wang","Address":"9 Oxford Pl Arundel QLD 4214","Phone number":"(07) 5563 3920"},{"Postcode":"4214","Name":"L Wang","Address":"Un 1 4 Pilar Ct Molendinar QLD 4214","Phone number":"(07) 5564 8367"},{"Postcode":"4214","Name":"L Wang","Address":"36 Arnold Palmer Drv Parkwood QLD 4214","Phone number":"(07) 5511 0668"},{"Postcode":"4214","Name":"S Wang","Address":"5 Harrow Pl Arundel QLD 4214","Phone number":"(07) 5571 6928"},{"Postcode":"4214","Name":"W Wang","Address":"13 Castle Rock St Parkwood QLD 4214","Phone number":"(07) 5511 0345"},{"Postcode":"4214","Name":"Z Wang","Address":"60 Golden Bear Drv Arundel QLD 4214","Phone number":"(07) 5574 4757"},{"Postcode":"4214","Name":"B Wang","Address":"113 Crestwood Drv Molendinar QLD 4214","Phone number":"(07) 5597 5208"},{"Postcode":"4214","Name":"D Wang","Address":"8 Watergum Pde Molendinar QLD 4214","Phone number":"(07) 5564 6166"},{"Postcode":"4214","Name":"K Wang","Address":"130 Parasol St Ashmore QLD 4214","Phone number":"(07) 5539 5193"},{"Postcode":"4214","Name":"L Wang","Address":"9 Oxford Pl Arundel QLD 4214","Phone number":"(07) 5563 3920"},{"Postcode":"4214","Name":"L Wang","Address":"Un 1 4 Pilar Ct Molendinar QLD 4214","Phone number":"(07) 5564 8367"},{"Postcode":"4214","Name":"L Wang","Address":"36 Arnold Palmer Drv Parkwood QLD 4214","Phone number":"(07) 5511 0668"},{"Postcode":"4214","Name":"S Wang","Address":"5 Harrow Pl Arundel QLD 4214","Phone number":"(07) 5571 6928"},{"Postcode":"4214","Name":"W Wang","Address":"13 Castle Rock St Parkwood QLD 4214","Phone number":"(07) 5511 0345"},{"Postcode":"4214","Name":"Z Wang","Address":"60 Golden Bear Drv Arundel QLD 4214","Phone number":"(07) 5574 4757"},{"Postcode":"4214","Name":"B Wang","Address":"113 Crestwood Drv Molendinar QLD 4214","Phone number":"(07) 5597 5208"},{"Postcode":"4214","Name":"D Wang","Address":"8 Watergum Pde Molendinar QLD 4214","Phone number":"(07) 5564 6166"},{"Postcode":"4214","Name":"K Wang","Address":"130 Parasol St Ashmore QLD 4214","Phone number":"(07) 5539 5193"},{"Postcode":"4214","Name":"L Wang","Address":"9 Oxford Pl Arundel QLD 4214","Phone number":"(07) 5563 3920"},{"Postcode":"4214","Name":"L Wang","Address":"Un 1 4 Pilar Ct Molendinar QLD 4214","Phone number":"(07) 5564 8367"},{"Postcode":"4214","Name":"L Wang","Address":"36 Arnold Palmer Drv Parkwood QLD 4214","Phone number":"(07) 5511 0668"},{"Postcode":"4214","Name":"S Wang","Address":"5 Harrow Pl Arundel QLD 4214","Phone number":"(07) 5571 6928"},{"Postcode":"4214","Name":"W Wang","Address":"13 Castle Rock St Parkwood QLD 4214","Phone number":"(07) 5511 0345"},{"Postcode":"4214","Name":"Z Wang","Address":"60 Golden Bear Drv Arundel QLD 4214","Phone number":"(07) 5574 4757"},{"Postcode":"4214","Name":"B Wang","Address":"113 Crestwood Drv Molendinar QLD 4214","Phone number":"(07) 5597 5208"},{"Postcode":"4214","Name":"D Wang","Address":"8 Watergum Pde Molendinar QLD 4214","Phone number":"(07) 5564 6166"},{"Postcode":"4214","Name":"K Wang","Address":"130 Parasol St Ashmore QLD 4214","Phone number":"(07) 5539 5193"},{"Postcode":"4214","Name":"L Wang","Address":"9 Oxford Pl Arundel QLD 4214","Phone number":"(07) 5563 3920"},{"Postcode":"4214","Name":"L Wang","Address":"Un 1 4 Pilar Ct Molendinar QLD 4214","Phone number":"(07) 5564 8367"},{"Postcode":"4214","Name":"L Wang","Address":"36 Arnold Palmer Drv Parkwood QLD 4214","Phone number":"(07) 5511 0668"},{"Postcode":"4214","Name":"S Wang","Address":"5 Harrow Pl Arundel QLD 4214","Phone number":"(07) 5571 6928"},{"Postcode":"4214","Name":"W Wang","Address":"13 Castle Rock St Parkwood QLD 4214","Phone number":"(07) 5511 0345"},{"Postcode":"4214","Name":"Z Wang","Address":"60 Golden Bear Drv Arundel QLD 4214","Phone number":"(07) 5574 4757"},{"Postcode":"4214","Name":"B Wang","Address":"113 Crestwood Drv Molendinar QLD 4214","Phone number":"(07) 5597 5208"},{"Postcode":"4214","Name":"D Wang","Address":"8 Watergum Pde Molendinar QLD 4214","Phone number":"(07) 5564 6166"},{"Postcode":"4214","Name":"K Wang","Address":"130 Parasol St Ashmore QLD 4214","Phone number":"(07) 5539 5193"},{"Postcode":"4214","Name":"L Wang","Address":"9 Oxford Pl Arundel QLD 4214","Phone number":"(07) 5563 3920"},{"Postcode":"4214","Name":"L Wang","Address":"Un 1 4 Pilar Ct Molendinar QLD 4214","Phone number":"(07) 5564 8367"},{"Postcode":"4214","Name":"L Wang","Address":"36 Arnold Palmer Drv Parkwood QLD 4214","Phone number":"(07) 5511 0668"},{"Postcode":"4214","Name":"S Wang","Address":"5 Harrow Pl Arundel QLD 4214","Phone number":"(07) 5571 6928"},{"Postcode":"4214","Name":"W Wang","Address":"13 Castle Rock St Parkwood QLD 4214","Phone number":"(07) 5511 0345"},{"Postcode":"4214","Name":"Z Wang","Address":"60 Golden Bear Drv Arundel QLD 4214","Phone number":"(07) 5574 4757"},{"Postcode":"4215","Name":"A W Y Wang","Address":"9 Lawson St Southport QLD 4215","Phone number":"(07) 5511 0738"},{"Postcode":"4215","Name":"J Wang","Address":"7 Lather St Southport QLD 4215","Phone number":"(07) 5511 9308"},{"Postcode":"4215","Name":"K P Wang","Address":"30 Queen St Southport QLD 4215","Phone number":"(07) 5668 5486"},{"Postcode":"4215","Name":"L Wang","Address":"16 138 High St Southport QLD 4215","Phone number":"(07) 5679 3815"},{"Postcode":"4215","Name":"Mr P Wang","Address":"43 Egerton St Southport QLD 4215","Phone number":"(07) 5503 0114"},{"Postcode":"4215","Name":"P Wang","Address":"U 264 105 Scarborough St Southport QLD 4215","Phone number":"(07) 5532 2820"},{"Postcode":"4215","Name":"W Wang","Address":"210 Scarborough St Southport QLD 4215","Phone number":"(07) 5511 0640"},{"Postcode":"4215","Name":"Y Wang","Address":"45 Pohlman St Southport QLD 4215","Phone number":"(07) 5511 0621"},{"Postcode":"4215","Name":"Y Wang","Address":"16 Sykes Crt Southport QLD 4215","Phone number":"(07) 5511 1671"},{"Postcode":"4215","Name":"Y Wang","Address":"Un 616 3 Como Crs Southport QLD 4215","Phone number":"(07) 5564 0039"},{"Postcode":"4211","Name":"C Wang","Address":"10 Sandow St Pacific Pines QLD 4211","Phone number":"(07) 5529 8018"},{"Postcode":"4211","Name":"Mr F Wang","Address":"19 Chesterton St Pacific Pines QLD 4211","Phone number":"(07) 5665 7586"},{"Postcode":"4211","Name":"Mr J T Wang","Address":"Unit 64 1 Norris St Pacific Pines QLD 4211","Phone number":"(07) 5573 1367"},{"Postcode":"4211","Name":"L Wang","Address":"Un 2024 3029 The Boulevard Carrara QLD 4211","Phone number":"(07) 5579 9632"},{"Postcode":"4211","Name":"L Wang","Address":"17 Palm St Pacific Pines QLD 4211","Phone number":"(07) 5502 6423"},{"Postcode":"4211","Name":"P Wang","Address":"2 Galleria Crt Highland Park QLD 4211","Phone number":"(07) 5574 7073"},{"Postcode":"4217","Name":"L Wang","Address":"Un 49 30 St Kevins Ave Benowa QLD 4217","Phone number":"(07) 5597 3974"},{"Postcode":"4217","Name":"L Wang","Address":"50 Edinburgh Rd Benowa QLD 4217","Phone number":"(07) 5564 5682"},{"Postcode":"4217","Name":"M Wang","Address":"400 Benowa Rd Benowa QLD 4217","Phone number":"(07) 5597 3585"},{"Postcode":"4217","Name":"S Wang","Address":"47 Theatre Drv Benowa QLD 4217","Phone number":"(07) 5597 2997"},{"Postcode":"4217","Name":"Y Wang","Address":"35 50 St Kevins Av Benowa QLD 4217","Phone number":"(07) 5679 2963"},{"Postcode":"4216","Name":"J Wang","Address":"5 Parklane Tce Paradise Point QLD 4216","Phone number":"(07) 5577 2442"},{"Postcode":"4216","Name":"L Wang","Address":"22 A Ray St Runaway Bay QLD 4216","Phone number":"(07) 5563 8737"},{"Postcode":"4216","Name":"X Wang","Address":"U 410/ 15 Compass Drv Biggera Waters QLD 4216","Phone number":"(07) 5529 3528"},{"Postcode":"4211","Name":"C Wang","Address":"10 Sandow St Pacific Pines QLD 4211","Phone number":"(07) 5529 8018"},{"Postcode":"4211","Name":"Mr F Wang","Address":"19 Chesterton St Pacific Pines QLD 4211","Phone number":"(07) 5665 7586"},{"Postcode":"4211","Name":"Mr J T Wang","Address":"Unit 64 1 Norris St Pacific Pines QLD 4211","Phone number":"(07) 5573 1367"},{"Postcode":"4211","Name":"L Wang","Address":"Un 2024 3029 The Boulevard Carrara QLD 4211","Phone number":"(07) 5579 9632"},{"Postcode":"4211","Name":"L Wang","Address":"17 Palm St Pacific Pines QLD 4211","Phone number":"(07) 5502 6423"},{"Postcode":"4211","Name":"P Wang","Address":"2 Galleria Crt Highland Park QLD 4211","Phone number":"(07) 5574 7073"},{"Postcode":"4218","Name":"T Wang","Address":"7 Mcilwain Drv Mermaid Waters QLD 4218","Phone number":"(07) 5572 5411"},{"Postcode":"4218","Name":"T Wang","Address":"7 Mcilwain Drv Mermaid Waters QLD 4218","Phone number":"(07) 5572 5411"},{"Postcode":"4217","Name":"L Wang","Address":"Un 49 30 St Kevins Ave Benowa QLD 4217","Phone number":"(07) 5597 3974"},{"Postcode":"4217","Name":"L Wang","Address":"50 Edinburgh Rd Benowa QLD 4217","Phone number":"(07) 5564 5682"},{"Postcode":"4217","Name":"M Wang","Address":"400 Benowa Rd Benowa QLD 4217","Phone number":"(07) 5597 3585"},{"Postcode":"4217","Name":"S Wang","Address":"47 Theatre Drv Benowa QLD 4217","Phone number":"(07) 5597 2997"},{"Postcode":"4217","Name":"Y Wang","Address":"35 50 St Kevins Av Benowa QLD 4217","Phone number":"(07) 5679 2963"},{"Postcode":"4217","Name":"L Wang","Address":"Un 49 30 St Kevins Ave Benowa QLD 4217","Phone number":"(07) 5597 3974"},{"Postcode":"4217","Name":"L Wang","Address":"50 Edinburgh Rd Benowa QLD 4217","Phone number":"(07) 5564 5682"},{"Postcode":"4217","Name":"M Wang","Address":"400 Benowa Rd Benowa QLD 4217","Phone number":"(07) 5597 3585"},{"Postcode":"4217","Name":"S Wang","Address":"47 Theatre Drv Benowa QLD 4217","Phone number":"(07) 5597 2997"},{"Postcode":"4217","Name":"Y Wang","Address":"35 50 St Kevins Av Benowa QLD 4217","Phone number":"(07) 5679 2963"},{"Postcode":"4217","Name":"L Wang","Address":"Un 49 30 St Kevins Ave Benowa QLD 4217","Phone number":"(07) 5597 3974"},{"Postcode":"4217","Name":"L Wang","Address":"50 Edinburgh Rd Benowa QLD 4217","Phone number":"(07) 5564 5682"},{"Postcode":"4217","Name":"M Wang","Address":"400 Benowa Rd Benowa QLD 4217","Phone number":"(07) 5597 3585"},{"Postcode":"4217","Name":"S Wang","Address":"47 Theatre Drv Benowa QLD 4217","Phone number":"(07) 5597 2997"},{"Postcode":"4217","Name":"Y Wang","Address":"35 50 St Kevins Av Benowa QLD 4217","Phone number":"(07) 5679 2963"},{"Postcode":"4211","Name":"C Wang","Address":"10 Sandow St Pacific Pines QLD 4211","Phone number":"(07) 5529 8018"},{"Postcode":"4211","Name":"Mr F Wang","Address":"19 Chesterton St Pacific Pines QLD 4211","Phone number":"(07) 5665 7586"},{"Postcode":"4211","Name":"Mr J T Wang","Address":"Unit 64 1 Norris St Pacific Pines QLD 4211","Phone number":"(07) 5573 1367"},{"Postcode":"4211","Name":"L Wang","Address":"Un 2024 3029 The Boulevard Carrara QLD 4211","Phone number":"(07) 5579 9632"},{"Postcode":"4211","Name":"L Wang","Address":"17 Palm St Pacific Pines QLD 4211","Phone number":"(07) 5502 6423"},{"Postcode":"4211","Name":"P Wang","Address":"2 Galleria Crt Highland Park QLD 4211","Phone number":"(07) 5574 7073"},{"Postcode":"4217","Name":"L Wang","Address":"Un 49 30 St Kevins Ave Benowa QLD 4217","Phone number":"(07) 5597 3974"},{"Postcode":"4217","Name":"L Wang","Address":"50 Edinburgh Rd Benowa QLD 4217","Phone number":"(07) 5564 5682"},{"Postcode":"4217","Name":"M Wang","Address":"400 Benowa Rd Benowa QLD 4217","Phone number":"(07) 5597 3585"},{"Postcode":"4217","Name":"S Wang","Address":"47 Theatre Drv Benowa QLD 4217","Phone number":"(07) 5597 2997"},{"Postcode":"4217","Name":"Y Wang","Address":"35 50 St Kevins Av Benowa QLD 4217","Phone number":"(07) 5679 2963"},{"Postcode":"4215","Name":"A W Y Wang","Address":"9 Lawson St Southport QLD 4215","Phone number":"(07) 5511 0738"},{"Postcode":"4215","Name":"J Wang","Address":"7 Lather St Southport QLD 4215","Phone number":"(07) 5511 9308"},{"Postcode":"4215","Name":"K P Wang","Address":"30 Queen St Southport QLD 4215","Phone number":"(07) 5668 5486"},{"Postcode":"4215","Name":"L Wang","Address":"16 138 High St Southport QLD 4215","Phone number":"(07) 5679 3815"},{"Postcode":"4215","Name":"Mr P Wang","Address":"43 Egerton St Southport QLD 4215","Phone number":"(07) 5503 0114"},{"Postcode":"4215","Name":"P Wang","Address":"U 264 105 Scarborough St Southport QLD 4215","Phone number":"(07) 5532 2820"},{"Postcode":"4215","Name":"W Wang","Address":"210 Scarborough St Southport QLD 4215","Phone number":"(07) 5511 0640"},{"Postcode":"4215","Name":"Y Wang","Address":"45 Pohlman St Southport QLD 4215","Phone number":"(07) 5511 0621"},{"Postcode":"4215","Name":"Y Wang","Address":"16 Sykes Crt Southport QLD 4215","Phone number":"(07) 5511 1671"},{"Postcode":"4215","Name":"Y Wang","Address":"Un 616 3 Como Crs Southport QLD 4215","Phone number":"(07) 5564 0039"},{"Postcode":"4211","Name":"C Wang","Address":"10 Sandow St Pacific Pines QLD 4211","Phone number":"(07) 5529 8018"},{"Postcode":"4211","Name":"Mr F Wang","Address":"19 Chesterton St Pacific Pines QLD 4211","Phone number":"(07) 5665 7586"},{"Postcode":"4211","Name":"Mr J T Wang","Address":"Unit 64 1 Norris St Pacific Pines QLD 4211","Phone number":"(07) 5573 1367"},{"Postcode":"4211","Name":"L Wang","Address":"Un 2024 3029 The Boulevard Carrara QLD 4211","Phone number":"(07) 5579 9632"},{"Postcode":"4211","Name":"L Wang","Address":"17 Palm St Pacific Pines QLD 4211","Phone number":"(07) 5502 6423"},{"Postcode":"4211","Name":"P Wang","Address":"2 Galleria Crt Highland Park QLD 4211","Phone number":"(07) 5574 7073"},{"Postcode":"4226","Name":"A & R Wang","Address":"18 St Ives Drv Robina QLD 4226","Phone number":"(07) 5593 1393"},{"Postcode":"4226","Name":"C Wang","Address":"39 Martinique Way Clear Island Waters QLD 4226","Phone number":"(07) 5575 5888"},{"Postcode":"4226","Name":"W Wang","Address":"106 Florabella Drv Robina QLD 4226","Phone number":"(07) 5562 5485"},{"Postcode":"4226","Name":"W Wang","Address":"205 Ron Penhaligon Way Robina QLD 4226","Phone number":"(07) 5575 7111"},{"Postcode":"4226","Name":"Mr Z Wang","Address":"4 Kiawah Crt Robina QLD 4226","Phone number":"(07) 5562 1326"},{"Postcode":"4216","Name":"J Wang","Address":"5 Parklane Tce Paradise Point QLD 4216","Phone number":"(07) 5577 2442"},{"Postcode":"4216","Name":"L Wang","Address":"22 A Ray St Runaway Bay QLD 4216","Phone number":"(07) 5563 8737"},{"Postcode":"4216","Name":"X Wang","Address":"U 410/ 15 Compass Drv Biggera Waters QLD 4216","Phone number":"(07) 5529 3528"},{"Postcode":"4209","Name":"H Wang","Address":"6 Silver Gull St Coomera QLD 4209","Phone number":"(07) 5556 0546"},{"Postcode":"4209","Name":"Ms N Wang","Address":"2 Hackney Crt Upper Coomera QLD 4209","Phone number":"(07) 5573 6458"},{"Postcode":"4209","Name":"Xiang Zhong Wang","Address":"37 Scenic Crs Coomera QLD 4209","Phone number":"(07) 5665 9427"},{"Postcode":"4211","Name":"C Wang","Address":"10 Sandow St Pacific Pines QLD 4211","Phone number":"(07) 5529 8018"},{"Postcode":"4211","Name":"Mr F Wang","Address":"19 Chesterton St Pacific Pines QLD 4211","Phone number":"(07) 5665 7586"},{"Postcode":"4211","Name":"Mr J T Wang","Address":"Unit 64 1 Norris St Pacific Pines QLD 4211","Phone number":"(07) 5573 1367"},{"Postcode":"4211","Name":"L Wang","Address":"Un 2024 3029 The Boulevard Carrara QLD 4211","Phone number":"(07) 5579 9632"},{"Postcode":"4211","Name":"L Wang","Address":"17 Palm St Pacific Pines QLD 4211","Phone number":"(07) 5502 6423"},{"Postcode":"4211","Name":"P Wang","Address":"2 Galleria Crt Highland Park QLD 4211","Phone number":"(07) 5574 7073"},{"Postcode":"4217","Name":"L Wang","Address":"Un 49 30 St Kevins Ave Benowa QLD 4217","Phone number":"(07) 5597 3974"},{"Postcode":"4217","Name":"L Wang","Address":"50 Edinburgh Rd Benowa QLD 4217","Phone number":"(07) 5564 5682"},{"Postcode":"4217","Name":"M Wang","Address":"400 Benowa Rd Benowa QLD 4217","Phone number":"(07) 5597 3585"},{"Postcode":"4217","Name":"S Wang","Address":"47 Theatre Drv Benowa QLD 4217","Phone number":"(07) 5597 2997"},{"Postcode":"4217","Name":"Y Wang","Address":"35 50 St Kevins Av Benowa QLD 4217","Phone number":"(07) 5679 2963"},{"Postcode":"4210","Name":"W Wang","Address":"Un 2 18 Carmen Ct Oxenford QLD 4210","Phone number":"(07) 5561 7026"},{"Postcode":"4212","Name":"F Wang","Address":"4 Northwater Drv Hope Island QLD 4212","Phone number":"(07) 5514 0550"},{"Postcode":"4212","Name":"G Wang","Address":"6 Ferrymans Crt Helensvale QLD 4212","Phone number":"(07) 5665 9053"},{"Postcode":"4212","Name":"K Wang","Address":"Tnhs 15 28 Careel Cl Helensvale QLD 4212","Phone number":"(07) 5573 6713"},{"Postcode":"4212","Name":"L & S Wang","Address":"7009 Marine Drv East Hope Island QLD 4212","Phone number":"(07) 5577 8009"},{"Postcode":"4212","Name":"Q Wang","Address":"24 North Bank Crt Helensvale QLD 4212","Phone number":"(07) 5561 7895"},{"Postcode":"4212","Name":"X Wang","Address":"1 Millaroo Drv Helensvale QLD 4212","Phone number":"(07) 5580 3448"},{"Postcode":"4212","Name":"F Wang","Address":"4 Northwater Drv Hope Island QLD 4212","Phone number":"(07) 5514 0550"},{"Postcode":"4212","Name":"G Wang","Address":"6 Ferrymans Crt Helensvale QLD 4212","Phone number":"(07) 5665 9053"},{"Postcode":"4212","Name":"K Wang","Address":"Tnhs 15 28 Careel Cl Helensvale QLD 4212","Phone number":"(07) 5573 6713"},{"Postcode":"4212","Name":"L & S Wang","Address":"7009 Marine Drv East Hope Island QLD 4212","Phone number":"(07) 5577 8009"},{"Postcode":"4212","Name":"Q Wang","Address":"24 North Bank Crt Helensvale QLD 4212","Phone number":"(07) 5561 7895"},{"Postcode":"4212","Name":"X Wang","Address":"1 Millaroo Drv Helensvale QLD 4212","Phone number":"(07) 5580 3448"},{"Postcode":"4216","Name":"J Wang","Address":"5 Parklane Tce Paradise Point QLD 4216","Phone number":"(07) 5577 2442"},{"Postcode":"4216","Name":"L Wang","Address":"22 A Ray St Runaway Bay QLD 4216","Phone number":"(07) 5563 8737"},{"Postcode":"4216","Name":"X Wang","Address":"U 410/ 15 Compass Drv Biggera Waters QLD 4216","Phone number":"(07) 5529 3528"},{"Postcode":"4212","Name":"F Wang","Address":"4 Northwater Drv Hope Island QLD 4212","Phone number":"(07) 5514 0550"},{"Postcode":"4212","Name":"G Wang","Address":"6 Ferrymans Crt Helensvale QLD 4212","Phone number":"(07) 5665 9053"},{"Postcode":"4212","Name":"K Wang","Address":"Tnhs 15 28 Careel Cl Helensvale QLD 4212","Phone number":"(07) 5573 6713"},{"Postcode":"4212","Name":"L & S Wang","Address":"7009 Marine Drv East Hope Island QLD 4212","Phone number":"(07) 5577 8009"},{"Postcode":"4212","Name":"Q Wang","Address":"24 North Bank Crt Helensvale QLD 4212","Phone number":"(07) 5561 7895"},{"Postcode":"4212","Name":"X Wang","Address":"1 Millaroo Drv Helensvale QLD 4212","Phone number":"(07) 5580 3448"},{"Postcode":"4217","Name":"L Wang","Address":"Un 49 30 St Kevins Ave Benowa QLD 4217","Phone number":"(07) 5597 3974"},{"Postcode":"4217","Name":"L Wang","Address":"50 Edinburgh Rd Benowa QLD 4217","Phone number":"(07) 5564 5682"},{"Postcode":"4217","Name":"M Wang","Address":"400 Benowa Rd Benowa QLD 4217","Phone number":"(07) 5597 3585"},{"Postcode":"4217","Name":"S Wang","Address":"47 Theatre Drv Benowa QLD 4217","Phone number":"(07) 5597 2997"},{"Postcode":"4217","Name":"Y Wang","Address":"35 50 St Kevins Av Benowa QLD 4217","Phone number":"(07) 5679 2963"},{"Postcode":"4215","Name":"A W Y Wang","Address":"9 Lawson St Southport QLD 4215","Phone number":"(07) 5511 0738"},{"Postcode":"4215","Name":"J Wang","Address":"7 Lather St Southport QLD 4215","Phone number":"(07) 5511 9308"},{"Postcode":"4215","Name":"K P Wang","Address":"30 Queen St Southport QLD 4215","Phone number":"(07) 5668 5486"},{"Postcode":"4215","Name":"L Wang","Address":"16 138 High St Southport QLD 4215","Phone number":"(07) 5679 3815"},{"Postcode":"4215","Name":"Mr P Wang","Address":"43 Egerton St Southport QLD 4215","Phone number":"(07) 5503 0114"},{"Postcode":"4215","Name":"P Wang","Address":"U 264 105 Scarborough St Southport QLD 4215","Phone number":"(07) 5532 2820"},{"Postcode":"4215","Name":"W Wang","Address":"210 Scarborough St Southport QLD 4215","Phone number":"(07) 5511 0640"},{"Postcode":"4215","Name":"Y Wang","Address":"45 Pohlman St Southport QLD 4215","Phone number":"(07) 5511 0621"},{"Postcode":"4215","Name":"Y Wang","Address":"16 Sykes Crt Southport QLD 4215","Phone number":"(07) 5511 1671"},{"Postcode":"4215","Name":"Y Wang","Address":"Un 616 3 Como Crs Southport QLD 4215","Phone number":"(07) 5564 0039"},{"Postcode":"4211","Name":"C Wang","Address":"10 Sandow St Pacific Pines QLD 4211","Phone number":"(07) 5529 8018"},{"Postcode":"4211","Name":"Mr F Wang","Address":"19 Chesterton St Pacific Pines QLD 4211","Phone number":"(07) 5665 7586"},{"Postcode":"4211","Name":"Mr J T Wang","Address":"Unit 64 1 Norris St Pacific Pines QLD 4211","Phone number":"(07) 5573 1367"},{"Postcode":"4211","Name":"L Wang","Address":"Un 2024 3029 The Boulevard Carrara QLD 4211","Phone number":"(07) 5579 9632"},{"Postcode":"4211","Name":"L Wang","Address":"17 Palm St Pacific Pines QLD 4211","Phone number":"(07) 5502 6423"},{"Postcode":"4211","Name":"P Wang","Address":"2 Galleria Crt Highland Park QLD 4211","Phone number":"(07) 5574 7073"},{"Postcode":"4217","Name":"L Wang","Address":"Un 49 30 St Kevins Ave Benowa QLD 4217","Phone number":"(07) 5597 3974"},{"Postcode":"4217","Name":"L Wang","Address":"50 Edinburgh Rd Benowa QLD 4217","Phone number":"(07) 5564 5682"},{"Postcode":"4217","Name":"M Wang","Address":"400 Benowa Rd Benowa QLD 4217","Phone number":"(07) 5597 3585"},{"Postcode":"4217","Name":"S Wang","Address":"47 Theatre Drv Benowa QLD 4217","Phone number":"(07) 5597 2997"},{"Postcode":"4217","Name":"Y Wang","Address":"35 50 St Kevins Av Benowa QLD 4217","Phone number":"(07) 5679 2963"},{"Postcode":"4210","Name":"W Wang","Address":"Un 2 18 Carmen Ct Oxenford QLD 4210","Phone number":"(07) 5561 7026"},{"Postcode":"4218","Name":"T Wang","Address":"7 Mcilwain Drv Mermaid Waters QLD 4218","Phone number":"(07) 5572 5411"},{"Postcode":"4218","Name":"T Wang","Address":"7 Mcilwain Drv Mermaid Waters QLD 4218","Phone number":"(07) 5572 5411"},{"Postcode":"4226","Name":"A & R Wang","Address":"18 St Ives Drv Robina QLD 4226","Phone number":"(07) 5593 1393"},{"Postcode":"4226","Name":"C Wang","Address":"39 Martinique Way Clear Island Waters QLD 4226","Phone number":"(07) 5575 5888"},{"Postcode":"4226","Name":"W Wang","Address":"106 Florabella Drv Robina QLD 4226","Phone number":"(07) 5562 5485"},{"Postcode":"4226","Name":"W Wang","Address":"205 Ron Penhaligon Way Robina QLD 4226","Phone number":"(07) 5575 7111"},{"Postcode":"4226","Name":"Mr Z Wang","Address":"4 Kiawah Crt Robina QLD 4226","Phone number":"(07) 5562 1326"},{"Postcode":"4214","Name":"B Wang","Address":"113 Crestwood Drv Molendinar QLD 4214","Phone number":"(07) 5597 5208"},{"Postcode":"4214","Name":"D Wang","Address":"8 Watergum Pde Molendinar QLD 4214","Phone number":"(07) 5564 6166"},{"Postcode":"4214","Name":"K Wang","Address":"130 Parasol St Ashmore QLD 4214","Phone number":"(07) 5539 5193"},{"Postcode":"4214","Name":"L Wang","Address":"9 Oxford Pl Arundel QLD 4214","Phone number":"(07) 5563 3920"},{"Postcode":"4214","Name":"L Wang","Address":"Un 1 4 Pilar Ct Molendinar QLD 4214","Phone number":"(07) 5564 8367"},{"Postcode":"4214","Name":"L Wang","Address":"36 Arnold Palmer Drv Parkwood QLD 4214","Phone number":"(07) 5511 0668"},{"Postcode":"4214","Name":"S Wang","Address":"5 Harrow Pl Arundel QLD 4214","Phone number":"(07) 5571 6928"},{"Postcode":"4214","Name":"W Wang","Address":"13 Castle Rock St Parkwood QLD 4214","Phone number":"(07) 5511 0345"},{"Postcode":"4214","Name":"Z Wang","Address":"60 Golden Bear Drv Arundel QLD 4214","Phone number":"(07) 5574 4757"},{"Postcode":"4211","Name":"C Wang","Address":"10 Sandow St Pacific Pines QLD 4211","Phone number":"(07) 5529 8018"},{"Postcode":"4211","Name":"Mr F Wang","Address":"19 Chesterton St Pacific Pines QLD 4211","Phone number":"(07) 5665 7586"},{"Postcode":"4211","Name":"Mr J T Wang","Address":"Unit 64 1 Norris St Pacific Pines QLD 4211","Phone number":"(07) 5573 1367"},{"Postcode":"4211","Name":"L Wang","Address":"Un 2024 3029 The Boulevard Carrara QLD 4211","Phone number":"(07) 5579 9632"},{"Postcode":"4211","Name":"L Wang","Address":"17 Palm St Pacific Pines QLD 4211","Phone number":"(07) 5502 6423"},{"Postcode":"4211","Name":"P Wang","Address":"2 Galleria Crt Highland Park QLD 4211","Phone number":"(07) 5574 7073"},{"Postcode":"4211","Name":"C Wang","Address":"10 Sandow St Pacific Pines QLD 4211","Phone number":"(07) 5529 8018"},{"Postcode":"4211","Name":"Mr F Wang","Address":"19 Chesterton St Pacific Pines QLD 4211","Phone number":"(07) 5665 7586"},{"Postcode":"4211","Name":"Mr J T Wang","Address":"Unit 64 1 Norris St Pacific Pines QLD 4211","Phone number":"(07) 5573 1367"},{"Postcode":"4211","Name":"L Wang","Address":"Un 2024 3029 The Boulevard Carrara QLD 4211","Phone number":"(07) 5579 9632"},{"Postcode":"4211","Name":"L Wang","Address":"17 Palm St Pacific Pines QLD 4211","Phone number":"(07) 5502 6423"},{"Postcode":"4211","Name":"P Wang","Address":"2 Galleria Crt Highland Park QLD 4211","Phone number":"(07) 5574 7073"},{"Postcode":"4211","Name":"C Wang","Address":"10 Sandow St Pacific Pines QLD 4211","Phone number":"(07) 5529 8018"},{"Postcode":"4211","Name":"Mr F Wang","Address":"19 Chesterton St Pacific Pines QLD 4211","Phone number":"(07) 5665 7586"},{"Postcode":"4211","Name":"Mr J T Wang","Address":"Unit 64 1 Norris St Pacific Pines QLD 4211","Phone number":"(07) 5573 1367"},{"Postcode":"4211","Name":"L Wang","Address":"Un 2024 3029 The Boulevard Carrara QLD 4211","Phone number":"(07) 5579 9632"},{"Postcode":"4211","Name":"L Wang","Address":"17 Palm St Pacific Pines QLD 4211","Phone number":"(07) 5502 6423"},{"Postcode":"4211","Name":"P Wang","Address":"2 Galleria Crt Highland Park QLD 4211","Phone number":"(07) 5574 7073"},{"Postcode":"4211","Name":"C Wang","Address":"10 Sandow St Pacific Pines QLD 4211","Phone number":"(07) 5529 8018"},{"Postcode":"4211","Name":"Mr F Wang","Address":"19 Chesterton St Pacific Pines QLD 4211","Phone number":"(07) 5665 7586"},{"Postcode":"4211","Name":"Mr J T Wang","Address":"Unit 64 1 Norris St Pacific Pines QLD 4211","Phone number":"(07) 5573 1367"},{"Postcode":"4211","Name":"L Wang","Address":"Un 2024 3029 The Boulevard Carrara QLD 4211","Phone number":"(07) 5579 9632"},{"Postcode":"4211","Name":"L Wang","Address":"17 Palm St Pacific Pines QLD 4211","Phone number":"(07) 5502 6423"},{"Postcode":"4211","Name":"P Wang","Address":"2 Galleria Crt Highland Park QLD 4211","Phone number":"(07) 5574 7073"},{"Postcode":"4211","Name":"C Wang","Address":"10 Sandow St Pacific Pines QLD 4211","Phone number":"(07) 5529 8018"},{"Postcode":"4211","Name":"Mr F Wang","Address":"19 Chesterton St Pacific Pines QLD 4211","Phone number":"(07) 5665 7586"},{"Postcode":"4211","Name":"Mr J T Wang","Address":"Unit 64 1 Norris St Pacific Pines QLD 4211","Phone number":"(07) 5573 1367"},{"Postcode":"4211","Name":"L Wang","Address":"Un 2024 3029 The Boulevard Carrara QLD 4211","Phone number":"(07) 5579 9632"},{"Postcode":"4211","Name":"L Wang","Address":"17 Palm St Pacific Pines QLD 4211","Phone number":"(07) 5502 6423"},{"Postcode":"4211","Name":"P Wang","Address":"2 Galleria Crt Highland Park QLD 4211","Phone number":"(07) 5574 7073"},{"Postcode":"4218","Name":"T Wang","Address":"7 Mcilwain Drv Mermaid Waters QLD 4218","Phone number":"(07) 5572 5411"},{"Postcode":"4211","Name":"C Wang","Address":"10 Sandow St Pacific Pines QLD 4211","Phone number":"(07) 5529 8018"},{"Postcode":"4211","Name":"Mr F Wang","Address":"19 Chesterton St Pacific Pines QLD 4211","Phone number":"(07) 5665 7586"},{"Postcode":"4211","Name":"Mr J T Wang","Address":"Unit 64 1 Norris St Pacific Pines QLD 4211","Phone number":"(07) 5573 1367"},{"Postcode":"4211","Name":"L Wang","Address":"Un 2024 3029 The Boulevard Carrara QLD 4211","Phone number":"(07) 5579 9632"},{"Postcode":"4211","Name":"L Wang","Address":"17 Palm St Pacific Pines QLD 4211","Phone number":"(07) 5502 6423"},{"Postcode":"4211","Name":"P Wang","Address":"2 Galleria Crt Highland Park QLD 4211","Phone number":"(07) 5574 7073"},{"Postcode":"4211","Name":"C Wang","Address":"10 Sandow St Pacific Pines QLD 4211","Phone number":"(07) 5529 8018"},{"Postcode":"4211","Name":"Mr F Wang","Address":"19 Chesterton St Pacific Pines QLD 4211","Phone number":"(07) 5665 7586"},{"Postcode":"4211","Name":"Mr J T Wang","Address":"Unit 64 1 Norris St Pacific Pines QLD 4211","Phone number":"(07) 5573 1367"},{"Postcode":"4211","Name":"L Wang","Address":"Un 2024 3029 The Boulevard Carrara QLD 4211","Phone number":"(07) 5579 9632"},{"Postcode":"4211","Name":"L Wang","Address":"17 Palm St Pacific Pines QLD 4211","Phone number":"(07) 5502 6423"},{"Postcode":"4211","Name":"P Wang","Address":"2 Galleria Crt Highland Park QLD 4211","Phone number":"(07) 5574 7073"},{"Postcode":"4218","Name":"T Wang","Address":"7 Mcilwain Drv Mermaid Waters QLD 4218","Phone number":"(07) 5572 5411"},{"Postcode":"4211","Name":"C Wang","Address":"10 Sandow St Pacific Pines QLD 4211","Phone number":"(07) 5529 8018"},{"Postcode":"4211","Name":"Mr F Wang","Address":"19 Chesterton St Pacific Pines QLD 4211","Phone number":"(07) 5665 7586"},{"Postcode":"4211","Name":"Mr J T Wang","Address":"Unit 64 1 Norris St Pacific Pines QLD 4211","Phone number":"(07) 5573 1367"},{"Postcode":"4211","Name":"L Wang","Address":"Un 2024 3029 The Boulevard Carrara QLD 4211","Phone number":"(07) 5579 9632"},{"Postcode":"4211","Name":"L Wang","Address":"17 Palm St Pacific Pines QLD 4211","Phone number":"(07) 5502 6423"},{"Postcode":"4211","Name":"P Wang","Address":"2 Galleria Crt Highland Park QLD 4211","Phone number":"(07) 5574 7073"},{"Postcode":"4216","Name":"J Wang","Address":"5 Parklane Tce Paradise Point QLD 4216","Phone number":"(07) 5577 2442"},{"Postcode":"4216","Name":"L Wang","Address":"22 A Ray St Runaway Bay QLD 4216","Phone number":"(07) 5563 8737"},{"Postcode":"4216","Name":"X Wang","Address":"U 410/ 15 Compass Drv Biggera Waters QLD 4216","Phone number":"(07) 5529 3528"},{"Postcode":"4214","Name":"B Wang","Address":"113 Crestwood Drv Molendinar QLD 4214","Phone number":"(07) 5597 5208"},{"Postcode":"4214","Name":"D Wang","Address":"8 Watergum Pde Molendinar QLD 4214","Phone number":"(07) 5564 6166"},{"Postcode":"4214","Name":"K Wang","Address":"130 Parasol St Ashmore QLD 4214","Phone number":"(07) 5539 5193"},{"Postcode":"4214","Name":"L Wang","Address":"9 Oxford Pl Arundel QLD 4214","Phone number":"(07) 5563 3920"},{"Postcode":"4214","Name":"L Wang","Address":"Un 1 4 Pilar Ct Molendinar QLD 4214","Phone number":"(07) 5564 8367"},{"Postcode":"4214","Name":"L Wang","Address":"36 Arnold Palmer Drv Parkwood QLD 4214","Phone number":"(07) 5511 0668"},{"Postcode":"4214","Name":"S Wang","Address":"5 Harrow Pl Arundel QLD 4214","Phone number":"(07) 5571 6928"},{"Postcode":"4214","Name":"W Wang","Address":"13 Castle Rock St Parkwood QLD 4214","Phone number":"(07) 5511 0345"},{"Postcode":"4214","Name":"Z Wang","Address":"60 Golden Bear Drv Arundel QLD 4214","Phone number":"(07) 5574 4757"},{"Postcode":"4209","Name":"H Wang","Address":"6 Silver Gull St Coomera QLD 4209","Phone number":"(07) 5556 0546"},{"Postcode":"4209","Name":"Ms N Wang","Address":"2 Hackney Crt Upper Coomera QLD 4209","Phone number":"(07) 5573 6458"},{"Postcode":"4209","Name":"Xiang Zhong Wang","Address":"37 Scenic Crs Coomera QLD 4209","Phone number":"(07) 5665 9427"},{"Postcode":"4218","Name":"T Wang","Address":"7 Mcilwain Drv Mermaid Waters QLD 4218","Phone number":"(07) 5572 5411"},{"Postcode":"4227","Name":"S Wang","Address":"Un 2 27 Lantau Crs Varsity Lakes QLD 4227","Phone number":"(07) 5535 7946"},{"Postcode":"4227","Name":"S Wang","Address":"5 Wingate Crt Varsity Lakes QLD 4227","Phone number":"(07) 5689 1325"},{"Postcode":"4227","Name":"T Wang","Address":"12 Aquarius St Reedy Creek QLD 4227","Phone number":"(07) 5568 0905"},{"Postcode":"4226","Name":"A & R Wang","Address":"18 St Ives Drv Robina QLD 4226","Phone number":"(07) 5593 1393"},{"Postcode":"4226","Name":"C Wang","Address":"39 Martinique Way Clear Island Waters QLD 4226","Phone number":"(07) 5575 5888"},{"Postcode":"4226","Name":"W Wang","Address":"106 Florabella Drv Robina QLD 4226","Phone number":"(07) 5562 5485"},{"Postcode":"4226","Name":"W Wang","Address":"205 Ron Penhaligon Way Robina QLD 4226","Phone number":"(07) 5575 7111"},{"Postcode":"4226","Name":"Mr Z Wang","Address":"4 Kiawah Crt Robina QLD 4226","Phone number":"(07) 5562 1326"},{"Postcode":"4226","Name":"A & R Wang","Address":"18 St Ives Drv Robina QLD 4226","Phone number":"(07) 5593 1393"},{"Postcode":"4226","Name":"C Wang","Address":"39 Martinique Way Clear Island Waters QLD 4226","Phone number":"(07) 5575 5888"},{"Postcode":"4226","Name":"W Wang","Address":"106 Florabella Drv Robina QLD 4226","Phone number":"(07) 5562 5485"},{"Postcode":"4226","Name":"W Wang","Address":"205 Ron Penhaligon Way Robina QLD 4226","Phone number":"(07) 5575 7111"},{"Postcode":"4226","Name":"Mr Z Wang","Address":"4 Kiawah Crt Robina QLD 4226","Phone number":"(07) 5562 1326"},{"Postcode":"4216","Name":"J Wang","Address":"5 Parklane Tce Paradise Point QLD 4216","Phone number":"(07) 5577 2442"},{"Postcode":"4216","Name":"L Wang","Address":"22 A Ray St Runaway Bay QLD 4216","Phone number":"(07) 5563 8737"},{"Postcode":"4216","Name":"X Wang","Address":"U 410/ 15 Compass Drv Biggera Waters QLD 4216","Phone number":"(07) 5529 3528"},{"Postcode":"4212","Name":"F Wang","Address":"4 Northwater Drv Hope Island QLD 4212","Phone number":"(07) 5514 0550"},{"Postcode":"4212","Name":"G Wang","Address":"6 Ferrymans Crt Helensvale QLD 4212","Phone number":"(07) 5665 9053"},{"Postcode":"4212","Name":"K Wang","Address":"Tnhs 15 28 Careel Cl Helensvale QLD 4212","Phone number":"(07) 5573 6713"},{"Postcode":"4212","Name":"L & S Wang","Address":"7009 Marine Drv East Hope Island QLD 4212","Phone number":"(07) 5577 8009"},{"Postcode":"4212","Name":"Q Wang","Address":"24 North Bank Crt Helensvale QLD 4212","Phone number":"(07) 5561 7895"},{"Postcode":"4212","Name":"X Wang","Address":"1 Millaroo Drv Helensvale QLD 4212","Phone number":"(07) 5580 3448"},{"Postcode":"4216","Name":"J Wang","Address":"5 Parklane Tce Paradise Point QLD 4216","Phone number":"(07) 5577 2442"},{"Postcode":"4216","Name":"L Wang","Address":"22 A Ray St Runaway Bay QLD 4216","Phone number":"(07) 5563 8737"},{"Postcode":"4216","Name":"X Wang","Address":"U 410/ 15 Compass Drv Biggera Waters QLD 4216","Phone number":"(07) 5529 3528"},{"Postcode":"4211","Name":"C Wang","Address":"10 Sandow St Pacific Pines QLD 4211","Phone number":"(07) 5529 8018"},{"Postcode":"4211","Name":"Mr F Wang","Address":"19 Chesterton St Pacific Pines QLD 4211","Phone number":"(07) 5665 7586"},{"Postcode":"4211","Name":"Mr J T Wang","Address":"Unit 64 1 Norris St Pacific Pines QLD 4211","Phone number":"(07) 5573 1367"},{"Postcode":"4211","Name":"L Wang","Address":"Un 2024 3029 The Boulevard Carrara QLD 4211","Phone number":"(07) 5579 9632"},{"Postcode":"4211","Name":"L Wang","Address":"17 Palm St Pacific Pines QLD 4211","Phone number":"(07) 5502 6423"},{"Postcode":"4211","Name":"P Wang","Address":"2 Galleria Crt Highland Park QLD 4211","Phone number":"(07) 5574 7073"},{"Postcode":"4215","Name":"A W Y Wang","Address":"9 Lawson St Southport QLD 4215","Phone number":"(07) 5511 0738"},{"Postcode":"4215","Name":"J Wang","Address":"7 Lather St Southport QLD 4215","Phone number":"(07) 5511 9308"},{"Postcode":"4215","Name":"K P Wang","Address":"30 Queen St Southport QLD 4215","Phone number":"(07) 5668 5486"},{"Postcode":"4215","Name":"L Wang","Address":"16 138 High St Southport QLD 4215","Phone number":"(07) 5679 3815"},{"Postcode":"4215","Name":"Mr P Wang","Address":"43 Egerton St Southport QLD 4215","Phone number":"(07) 5503 0114"},{"Postcode":"4215","Name":"P Wang","Address":"U 264 105 Scarborough St Southport QLD 4215","Phone number":"(07) 5532 2820"},{"Postcode":"4215","Name":"W Wang","Address":"210 Scarborough St Southport QLD 4215","Phone number":"(07) 5511 0640"},{"Postcode":"4215","Name":"Y Wang","Address":"45 Pohlman St Southport QLD 4215","Phone number":"(07) 5511 0621"},{"Postcode":"4215","Name":"Y Wang","Address":"16 Sykes Crt Southport QLD 4215","Phone number":"(07) 5511 1671"},{"Postcode":"4215","Name":"Y Wang","Address":"Un 616 3 Como Crs Southport QLD 4215","Phone number":"(07) 5564 0039"},{"Postcode":"4215","Name":"A W Y Wang","Address":"9 Lawson St Southport QLD 4215","Phone number":"(07) 5511 0738"},{"Postcode":"4215","Name":"J Wang","Address":"7 Lather St Southport QLD 4215","Phone number":"(07) 5511 9308"},{"Postcode":"4215","Name":"K P Wang","Address":"30 Queen St Southport QLD 4215","Phone number":"(07) 5668 5486"},{"Postcode":"4215","Name":"L Wang","Address":"16 138 High St Southport QLD 4215","Phone number":"(07) 5679 3815"},{"Postcode":"4215","Name":"Mr P Wang","Address":"43 Egerton St Southport QLD 4215","Phone number":"(07) 5503 0114"},{"Postcode":"4215","Name":"P Wang","Address":"U 264 105 Scarborough St Southport QLD 4215","Phone number":"(07) 5532 2820"},{"Postcode":"4215","Name":"W Wang","Address":"210 Scarborough St Southport QLD 4215","Phone number":"(07) 5511 0640"},{"Postcode":"4215","Name":"Y Wang","Address":"45 Pohlman St Southport QLD 4215","Phone number":"(07) 5511 0621"},{"Postcode":"4215","Name":"Y Wang","Address":"16 Sykes Crt Southport QLD 4215","Phone number":"(07) 5511 1671"},{"Postcode":"4215","Name":"Y Wang","Address":"Un 616 3 Como Crs Southport QLD 4215","Phone number":"(07) 5564 0039"},{"Postcode":"4215","Name":"A W Y Wang","Address":"9 Lawson St Southport QLD 4215","Phone number":"(07) 5511 0738"},{"Postcode":"4215","Name":"J Wang","Address":"7 Lather St Southport QLD 4215","Phone number":"(07) 5511 9308"},{"Postcode":"4215","Name":"K P Wang","Address":"30 Queen St Southport QLD 4215","Phone number":"(07) 5668 5486"},{"Postcode":"4215","Name":"L Wang","Address":"16 138 High St Southport QLD 4215","Phone number":"(07) 5679 3815"},{"Postcode":"4215","Name":"Mr P Wang","Address":"43 Egerton St Southport QLD 4215","Phone number":"(07) 5503 0114"},{"Postcode":"4215","Name":"P Wang","Address":"U 264 105 Scarborough St Southport QLD 4215","Phone number":"(07) 5532 2820"},{"Postcode":"4215","Name":"W Wang","Address":"210 Scarborough St Southport QLD 4215","Phone number":"(07) 5511 0640"},{"Postcode":"4215","Name":"Y Wang","Address":"45 Pohlman St Southport QLD 4215","Phone number":"(07) 5511 0621"},{"Postcode":"4215","Name":"Y Wang","Address":"16 Sykes Crt Southport QLD 4215","Phone number":"(07) 5511 1671"},{"Postcode":"4215","Name":"Y Wang","Address":"Un 616 3 Como Crs Southport QLD 4215","Phone number":"(07) 5564 0039"},{"Postcode":"4210","Name":"W Wang","Address":"Un 2 18 Carmen Ct Oxenford QLD 4210","Phone number":"(07) 5561 7026"},{"Postcode":"4217","Name":"L Wang","Address":"Un 49 30 St Kevins Ave Benowa QLD 4217","Phone number":"(07) 5597 3974"},{"Postcode":"4217","Name":"L Wang","Address":"50 Edinburgh Rd Benowa QLD 4217","Phone number":"(07) 5564 5682"},{"Postcode":"4217","Name":"M Wang","Address":"400 Benowa Rd Benowa QLD 4217","Phone number":"(07) 5597 3585"},{"Postcode":"4217","Name":"S Wang","Address":"47 Theatre Drv Benowa QLD 4217","Phone number":"(07) 5597 2997"},{"Postcode":"4217","Name":"Y Wang","Address":"35 50 St Kevins Av Benowa QLD 4217","Phone number":"(07) 5679 2963"},{"Postcode":"4209","Name":"H Wang","Address":"6 Silver Gull St Coomera QLD 4209","Phone number":"(07) 5556 0546"},{"Postcode":"4209","Name":"Ms N Wang","Address":"2 Hackney Crt Upper Coomera QLD 4209","Phone number":"(07) 5573 6458"},{"Postcode":"4209","Name":"Xiang Zhong Wang","Address":"37 Scenic Crs Coomera QLD 4209","Phone number":"(07) 5665 9427"},{"Postcode":"4227","Name":"S Wang","Address":"Un 2 27 Lantau Crs Varsity Lakes QLD 4227","Phone number":"(07) 5535 7946"},{"Postcode":"4227","Name":"S Wang","Address":"5 Wingate Crt Varsity Lakes QLD 4227","Phone number":"(07) 5689 1325"},{"Postcode":"4227","Name":"T Wang","Address":"12 Aquarius St Reedy Creek QLD 4227","Phone number":"(07) 5568 0905"},{"Postcode":"4209","Name":"H Wang","Address":"6 Silver Gull St Coomera QLD 4209","Phone number":"(07) 5556 0546"},{"Postcode":"4209","Name":"Ms N Wang","Address":"2 Hackney Crt Upper Coomera QLD 4209","Phone number":"(07) 5573 6458"},{"Postcode":"4209","Name":"Xiang Zhong Wang","Address":"37 Scenic Crs Coomera QLD 4209","Phone number":"(07) 5665 9427"},{"Postcode":"4210","Name":"W Wang","Address":"Un 2 18 Carmen Ct Oxenford QLD 4210","Phone number":"(07) 5561 7026"}]