[{"Postcode":"6064","Name":"B Chen","Address":"59 Picton Tce Alexander Heights WA 6064","Phone number":"(08) 9343 0338"},{"Postcode":"6167","Name":"X Chen","Address":"16 Koomba Rse Bertram WA 6167","Phone number":"(08) 9419 4246"},{"Postcode":"6167","Name":"Y C Chen","Address":"10 Lomond Crs Wandi WA 6167","Phone number":"(08) 9410 2982"},{"Postcode":"6153","Name":"H Chen","Address":"44 Drew Rd Ardross WA 6153","Phone number":"(04) 2190 7962"},{"Postcode":"6153","Name":"X Chen","Address":"1 Cantray Ave Applecross WA 6153","Phone number":"(04) 2542 1013"},{"Postcode":"6153","Name":"H Chen","Address":"44 Drew Rd Ardross WA 6153","Phone number":"(04) 2190 7962"},{"Postcode":"6153","Name":"X Chen","Address":"1 Cantray Ave Applecross WA 6153","Phone number":"(04) 2542 1013"},{"Postcode":"6112","Name":"A Chen","Address":"7 William St Armadale WA 6112","Phone number":"(08) 9498 3866"},{"Postcode":"6112","Name":"X Chen","Address":"15 Foundry Turn Harrisdale WA 6112","Phone number":"(08) 9397 2341"},{"Postcode":"6104","Name":"C W Chen","Address":"44 Williamson Ave Belmont WA 6104","Phone number":"(08) 9477 5819"},{"Postcode":"6065","Name":"M Chen","Address":"5 Hida La Madeley WA 6065","Phone number":"(08) 9409 6705"},{"Postcode":"6054","Name":"S Chen","Address":"47 Roseheath Bvd Kiara WA 6054","Phone number":"(08) 6161 6642"},{"Postcode":"6054","Name":"S Chen","Address":"20 Diana Crs Lockridge WA 6054","Phone number":"(08) 9279 2150"},{"Postcode":"6156","Name":"T Chen","Address":"80 Swan Rd Attadale WA 6156","Phone number":"(08) 9317 6234"},{"Postcode":"6164","Name":"J Chen","Address":"47 Daviesia Turn Success WA 6164","Phone number":"(08) 9498 6216"},{"Postcode":"6164","Name":"J W Chen","Address":"212 Lyon Rd Aubin Grove WA 6164","Phone number":"(08) 6595 3858"},{"Postcode":"6164","Name":"J Chen","Address":"47 Daviesia Turn Success WA 6164","Phone number":"(08) 9498 6216"},{"Postcode":"6164","Name":"J W Chen","Address":"212 Lyon Rd Aubin Grove WA 6164","Phone number":"(08) 6595 3858"},{"Postcode":"6061","Name":"D Chen","Address":"15A Montrose Way Nollamara WA 6061","Phone number":"(08) 9349 4043"},{"Postcode":"6061","Name":"K Chen","Address":"35 A Almurta Way Nollamara WA 6061","Phone number":"(08) 9440 3510"},{"Postcode":"6066","Name":"R J Chen","Address":"31 The Broadwater Rd Ballajura WA 6066","Phone number":"(08) 9248 1369"},{"Postcode":"6066","Name":"X Chen","Address":"21A Shoreview Tce Ballajura WA 6066","Phone number":"(08) 9249 2313"},{"Postcode":"6164","Name":"J Chen","Address":"47 Daviesia Turn Success WA 6164","Phone number":"(08) 9498 6216"},{"Postcode":"6164","Name":"J W Chen","Address":"212 Lyon Rd Aubin Grove WA 6164","Phone number":"(08) 6595 3858"},{"Postcode":"6210","Name":"X Chen","Address":"5 Cassowary Crs Coodanup WA 6210","Phone number":"(08) 9535 9362"},{"Postcode":"6056","Name":"Jingzhi Chen","Address":"14 Woodbridge Cl Swan View WA 6056","Phone number":"(08) 9294 4924"},{"Postcode":"6054","Name":"S Chen","Address":"47 Roseheath Bvd Kiara WA 6054","Phone number":"(08) 6161 6642"},{"Postcode":"6054","Name":"S Chen","Address":"20 Diana Crs Lockridge WA 6054","Phone number":"(08) 9279 2150"},{"Postcode":"6150","Name":"C Chen","Address":"3 Saint Pass Winthrop WA 6150","Phone number":"(08) 9310 5799"},{"Postcode":"6150","Name":"D Chen","Address":"34 Blakers Rdg Winthrop WA 6150","Phone number":"(08) 9332 2831"},{"Postcode":"6150","Name":"J Chen","Address":"22 Nicholson Loop Bateman WA 6150","Phone number":"(08) 9313 5572"},{"Postcode":"6150","Name":"K Chen","Address":"10 Raffaele Pl Murdoch WA 6150","Phone number":"(08) 9310 5547"},{"Postcode":"6107","Name":"C Chen","Address":"24 Gianatti Rmbl East Cannington WA 6107","Phone number":"(08) 9351 9421"},{"Postcode":"6107","Name":"C Chen","Address":"Un 14 18 Whitlock Rd Queens Park WA 6107","Phone number":"(08) 9258 9729"},{"Postcode":"6107","Name":"F Chen","Address":"11 Marriot St Cannington WA 6107","Phone number":"(08) 6150 1911"},{"Postcode":"6107","Name":"H Chen","Address":"39 Serisier Pkwy Queens Park WA 6107","Phone number":"(08) 9356 3904"},{"Postcode":"6107","Name":"K Chen","Address":"24 Magnesia Rd Wattle Grove WA 6107","Phone number":"(08) 6245 3754"},{"Postcode":"6107","Name":"S Chen","Address":"230 A George St Queens Park WA 6107","Phone number":"(08) 9358 0203"},{"Postcode":"6107","Name":"T Chen","Address":"Un 7 27 Camberwell St Beckenham WA 6107","Phone number":"(08) 9258 8021"},{"Postcode":"6112","Name":"A Chen","Address":"7 William St Armadale WA 6112","Phone number":"(08) 9498 3866"},{"Postcode":"6112","Name":"X Chen","Address":"15 Foundry Turn Harrisdale WA 6112","Phone number":"(08) 9397 2341"},{"Postcode":"6063","Name":"G Chen","Address":"4 Driftwood Way Beechboro WA 6063","Phone number":"(08) 9378 7403"},{"Postcode":"6063","Name":"J Chen","Address":"22 Rainbow Crs Bennett Springs WA 6063","Phone number":"(08) 9378 6986"},{"Postcode":"6063","Name":"Wei Chen","Address":"53 Rainbow Crs Bennett Springs WA 6063","Phone number":"(08) 9377 7829"},{"Postcode":"6164","Name":"J Chen","Address":"47 Daviesia Turn Success WA 6164","Phone number":"(08) 9498 6216"},{"Postcode":"6164","Name":"J W Chen","Address":"212 Lyon Rd Aubin Grove WA 6164","Phone number":"(08) 6595 3858"},{"Postcode":"6027","Name":"L C Chen","Address":"1 Jasper Way Edgewater WA 6027","Phone number":"(08) 9405 8569"},{"Postcode":"6027","Name":"Mr M Chen","Address":"22 Opal Drv Edgewater WA 6027","Phone number":"(08) 9206 3113"},{"Postcode":"6069","Name":"T Chen","Address":"24 Mundego Turn Ellenbrook WA 6069","Phone number":"(08) 9297 3201"},{"Postcode":"6056","Name":"Jingzhi Chen","Address":"14 Woodbridge Cl Swan View WA 6056","Phone number":"(08) 9294 4924"},{"Postcode":"6104","Name":"C W Chen","Address":"44 Williamson Ave Belmont WA 6104","Phone number":"(08) 9477 5819"},{"Postcode":"6102","Name":"Sheng Chen","Address":"9 E Earl St Bentley WA 6102","Phone number":"(08) 9358 2217"},{"Postcode":"6102","Name":"Y Chen","Address":"75 Upton St St James WA 6102","Phone number":"(08) 9361 0665"},{"Postcode":"6167","Name":"X Chen","Address":"16 Koomba Rse Bertram WA 6167","Phone number":"(08) 9419 4246"},{"Postcode":"6167","Name":"Y C Chen","Address":"10 Lomond Crs Wandi WA 6167","Phone number":"(08) 9410 2982"},{"Postcode":"6163","Name":"Q Chen","Address":"21 Paddington Crt Bibra Lake WA 6163","Phone number":"(08) 9418 1147"},{"Postcode":"6210","Name":"X Chen","Address":"5 Cassowary Crs Coodanup WA 6210","Phone number":"(08) 9535 9362"},{"Postcode":"6056","Name":"Jingzhi Chen","Address":"14 Woodbridge Cl Swan View WA 6056","Phone number":"(08) 9294 4924"},{"Postcode":"6153","Name":"H Chen","Address":"44 Drew Rd Ardross WA 6153","Phone number":"(04) 2190 7962"},{"Postcode":"6153","Name":"X Chen","Address":"1 Cantray Ave Applecross WA 6153","Phone number":"(04) 2542 1013"},{"Postcode":"6069","Name":"T Chen","Address":"24 Mundego Turn Ellenbrook WA 6069","Phone number":"(08) 9297 3201"},{"Postcode":"6009","Name":"Q Chen","Address":"67 Hobbs Ave Dalkeith WA 6009","Phone number":"(08) 9386 1228"},{"Postcode":"6009","Name":"S H Chen","Address":"73 Tyrell St Nedlands WA 6009","Phone number":"(08) 9389 1889"},{"Postcode":"6009","Name":"Y H Chen","Address":"65 Esplanade Nedlands WA 6009","Phone number":"(08) 9389 7272"},{"Postcode":"6112","Name":"A Chen","Address":"7 William St Armadale WA 6112","Phone number":"(08) 9498 3866"},{"Postcode":"6112","Name":"X Chen","Address":"15 Foundry Turn Harrisdale WA 6112","Phone number":"(08) 9397 2341"},{"Postcode":"6149","Name":"H Chen","Address":"4 Beresford Pl Leeming WA 6149","Phone number":"(08) 6162 9658"},{"Postcode":"6149","Name":"S Chen","Address":"19 Pearson Crs Bull Creek WA 6149","Phone number":"(08) 6150 1868"},{"Postcode":"6167","Name":"X Chen","Address":"16 Koomba Rse Bertram WA 6167","Phone number":"(08) 9419 4246"},{"Postcode":"6167","Name":"Y C Chen","Address":"10 Lomond Crs Wandi WA 6167","Phone number":"(08) 9410 2982"},{"Postcode":"6153","Name":"H Chen","Address":"44 Drew Rd Ardross WA 6153","Phone number":"(04) 2190 7962"},{"Postcode":"6153","Name":"X Chen","Address":"1 Cantray Ave Applecross WA 6153","Phone number":"(04) 2542 1013"},{"Postcode":"6111","Name":"Shenghui Chen","Address":"10 Hazewinkel Gardns Champion Lakes WA 6111","Phone number":"(08) 9390 7592"},{"Postcode":"6155","Name":"F S Chen","Address":"4 Heritage Crt Willetton WA 6155","Phone number":"(08) 9354 8729"},{"Postcode":"6155","Name":"H Chen","Address":"12 Cluster Way Canning Vale WA 6155","Phone number":"(08) 9455 4727"},{"Postcode":"6155","Name":"L Chen","Address":"9 Kyle Way Canning Vale WA 6155","Phone number":"(08) 6253 8893"},{"Postcode":"6155","Name":"M Chen","Address":"24 Macmillan Blv Canning Vale WA 6155","Phone number":"(08) 9455 5716"},{"Postcode":"6155","Name":"Q Chen","Address":"126 Amherst Rd Canning Vale WA 6155","Phone number":"(08) 9256 1010"},{"Postcode":"6155","Name":"Q Chen","Address":"21 Becher Ave Canning Vale WA 6155","Phone number":"(08) 6253 8756"},{"Postcode":"6155","Name":"Mr Q Chen","Address":"142 Apsley Rd Willetton WA 6155","Phone number":"(08) 9354 7119"},{"Postcode":"6155","Name":"S Chen","Address":"25 Draycott Lp Canning Vale WA 6155","Phone number":"(08) 6162 2486"},{"Postcode":"6155","Name":"S K Chen","Address":"2 Sharba Cl Willetton WA 6155","Phone number":"(08) 9259 5175"},{"Postcode":"6155","Name":"Y Chen","Address":"29 Gamenya St Canning Vale WA 6155","Phone number":"(08) 9456 3932"},{"Postcode":"6155","Name":"Y Chen","Address":"78 Coulthard Crs Canning Vale WA 6155","Phone number":"(08) 6254 2886"},{"Postcode":"6155","Name":"Y Chen","Address":"6 Philadelphia Pde Canning Vale WA 6155","Phone number":"(08) 9455 5343"},{"Postcode":"6155","Name":"Y Chen","Address":"5 Flamingo Way Willetton WA 6155","Phone number":"(08) 9457 1049"},{"Postcode":"6155","Name":"Y Chen","Address":"18 Rampart Way Willetton WA 6155","Phone number":"(08) 9457 8108"},{"Postcode":"6155","Name":"Zhigang Chen","Address":"96 Dumbarton Rd Canning Vale WA 6155","Phone number":"(08) 9256 2852"},{"Postcode":"6155","Name":"F S Chen","Address":"4 Heritage Crt Willetton WA 6155","Phone number":"(08) 9354 8729"},{"Postcode":"6155","Name":"H Chen","Address":"12 Cluster Way Canning Vale WA 6155","Phone number":"(08) 9455 4727"},{"Postcode":"6155","Name":"L Chen","Address":"9 Kyle Way Canning Vale WA 6155","Phone number":"(08) 6253 8893"},{"Postcode":"6155","Name":"M Chen","Address":"24 Macmillan Blv Canning Vale WA 6155","Phone number":"(08) 9455 5716"},{"Postcode":"6155","Name":"Q Chen","Address":"126 Amherst Rd Canning Vale WA 6155","Phone number":"(08) 9256 1010"},{"Postcode":"6155","Name":"Q Chen","Address":"21 Becher Ave Canning Vale WA 6155","Phone number":"(08) 6253 8756"},{"Postcode":"6155","Name":"Mr Q Chen","Address":"142 Apsley Rd Willetton WA 6155","Phone number":"(08) 9354 7119"},{"Postcode":"6155","Name":"S Chen","Address":"25 Draycott Lp Canning Vale WA 6155","Phone number":"(08) 6162 2486"},{"Postcode":"6155","Name":"S K Chen","Address":"2 Sharba Cl Willetton WA 6155","Phone number":"(08) 9259 5175"},{"Postcode":"6155","Name":"Y Chen","Address":"29 Gamenya St Canning Vale WA 6155","Phone number":"(08) 9456 3932"},{"Postcode":"6155","Name":"Y Chen","Address":"78 Coulthard Crs Canning Vale WA 6155","Phone number":"(08) 6254 2886"},{"Postcode":"6155","Name":"Y Chen","Address":"6 Philadelphia Pde Canning Vale WA 6155","Phone number":"(08) 9455 5343"},{"Postcode":"6155","Name":"Y Chen","Address":"5 Flamingo Way Willetton WA 6155","Phone number":"(08) 9457 1049"},{"Postcode":"6155","Name":"Y Chen","Address":"18 Rampart Way Willetton WA 6155","Phone number":"(08) 9457 8108"},{"Postcode":"6155","Name":"Zhigang Chen","Address":"96 Dumbarton Rd Canning Vale WA 6155","Phone number":"(08) 9256 2852"},{"Postcode":"6107","Name":"C Chen","Address":"24 Gianatti Rmbl East Cannington WA 6107","Phone number":"(08) 9351 9421"},{"Postcode":"6107","Name":"C Chen","Address":"Un 14 18 Whitlock Rd Queens Park WA 6107","Phone number":"(08) 9258 9729"},{"Postcode":"6107","Name":"F Chen","Address":"11 Marriot St Cannington WA 6107","Phone number":"(08) 6150 1911"},{"Postcode":"6107","Name":"H Chen","Address":"39 Serisier Pkwy Queens Park WA 6107","Phone number":"(08) 9356 3904"},{"Postcode":"6107","Name":"K Chen","Address":"24 Magnesia Rd Wattle Grove WA 6107","Phone number":"(08) 6245 3754"},{"Postcode":"6107","Name":"S Chen","Address":"230 A George St Queens Park WA 6107","Phone number":"(08) 9358 0203"},{"Postcode":"6107","Name":"T Chen","Address":"Un 7 27 Camberwell St Beckenham WA 6107","Phone number":"(08) 9258 8021"},{"Postcode":"6101","Name":"C Chen","Address":"65 C Jupiter St Carlisle WA 6101","Phone number":"(08) 9355 5775"},{"Postcode":"6101","Name":"Junxian Chen","Address":"123 Mars St Carlisle WA 6101","Phone number":"(08) 9361 3943"},{"Postcode":"6101","Name":"X Chen","Address":"72B Mars St Carlisle WA 6101","Phone number":"(08) 9472 4250"},{"Postcode":"6167","Name":"X Chen","Address":"16 Koomba Rse Bertram WA 6167","Phone number":"(08) 9419 4246"},{"Postcode":"6167","Name":"Y C Chen","Address":"10 Lomond Crs Wandi WA 6167","Phone number":"(08) 9410 2982"},{"Postcode":"6055","Name":"Y Chen","Address":"8 Warnt Crt South Guildford WA 6055","Phone number":"(08) 9279 7924"},{"Postcode":"6111","Name":"Shenghui Chen","Address":"10 Hazewinkel Gardns Champion Lakes WA 6111","Phone number":"(08) 9390 7592"},{"Postcode":"6018","Name":"C Chen","Address":"24B Kyarra St Innaloo WA 6018","Phone number":"(08) 9204 3232"},{"Postcode":"6210","Name":"X Chen","Address":"5 Cassowary Crs Coodanup WA 6210","Phone number":"(08) 9535 9362"},{"Postcode":"6105","Name":"W Chen","Address":"35 Jeffrey St Kewdale WA 6105","Phone number":"(08) 9355 5313"},{"Postcode":"6027","Name":"L C Chen","Address":"1 Jasper Way Edgewater WA 6027","Phone number":"(08) 9405 8569"},{"Postcode":"6027","Name":"Mr M Chen","Address":"22 Opal Drv Edgewater WA 6027","Phone number":"(08) 9206 3113"},{"Postcode":"6166","Name":"Chunlin Chen","Address":"29 Cardamom Loop Coogee WA 6166","Phone number":"(08) 9418 4676"},{"Postcode":"6163","Name":"Q Chen","Address":"21 Paddington Crt Bibra Lake WA 6163","Phone number":"(08) 9418 1147"},{"Postcode":"6009","Name":"Q Chen","Address":"67 Hobbs Ave Dalkeith WA 6009","Phone number":"(08) 9386 1228"},{"Postcode":"6009","Name":"S H Chen","Address":"73 Tyrell St Nedlands WA 6009","Phone number":"(08) 9389 1889"},{"Postcode":"6009","Name":"Y H Chen","Address":"65 Esplanade Nedlands WA 6009","Phone number":"(08) 9389 7272"},{"Postcode":"6008","Name":"I Chen","Address":"45A Troy Tce Daglish WA 6008","Phone number":"(08) 9388 9287"},{"Postcode":"6009","Name":"Q Chen","Address":"67 Hobbs Ave Dalkeith WA 6009","Phone number":"(08) 9386 1228"},{"Postcode":"6009","Name":"S H Chen","Address":"73 Tyrell St Nedlands WA 6009","Phone number":"(08) 9389 1889"},{"Postcode":"6009","Name":"Y H Chen","Address":"65 Esplanade Nedlands WA 6009","Phone number":"(08) 9389 7272"},{"Postcode":"6065","Name":"M Chen","Address":"5 Hida La Madeley WA 6065","Phone number":"(08) 9409 6705"},{"Postcode":"6210","Name":"X Chen","Address":"5 Cassowary Crs Coodanup WA 6210","Phone number":"(08) 9535 9362"},{"Postcode":"6059","Name":"Fjs Chen","Address":"11 Kirup La Dianella WA 6059","Phone number":"(08) 9349 4871"},{"Postcode":"6059","Name":"L Chen","Address":"64 A Canada St Dianella WA 6059","Phone number":"(08) 9276 5096"},{"Postcode":"6018","Name":"C Chen","Address":"24B Kyarra St Innaloo WA 6018","Phone number":"(08) 9204 3232"},{"Postcode":"6210","Name":"X Chen","Address":"5 Cassowary Crs Coodanup WA 6210","Phone number":"(08) 9535 9362"},{"Postcode":"6023","Name":"X Chen","Address":"53 Granadilla St Duncraig WA 6023","Phone number":"(08) 9447 5349"},{"Postcode":"6004","Name":"C Chen","Address":"108 Terrace Rd East Perth WA 6004","Phone number":"(08) 9325 3461"},{"Postcode":"6004","Name":"M Chen","Address":"Un 94 128 Adelaide Tce East Perth WA 6004","Phone number":"(08) 9325 6447"},{"Postcode":"6004","Name":"Y Chen","Address":"45 Adelaide Tce East Perth WA 6004","Phone number":"(08) 6150 0127"},{"Postcode":"6004","Name":"Z Chen","Address":"273 Hay St East Perth WA 6004","Phone number":"(08) 6150 1107"},{"Postcode":"6101","Name":"C Chen","Address":"65 C Jupiter St Carlisle WA 6101","Phone number":"(08) 9355 5775"},{"Postcode":"6101","Name":"Junxian Chen","Address":"123 Mars St Carlisle WA 6101","Phone number":"(08) 9361 3943"},{"Postcode":"6101","Name":"X Chen","Address":"72B Mars St Carlisle WA 6101","Phone number":"(08) 9472 4250"},{"Postcode":"6054","Name":"S Chen","Address":"47 Roseheath Bvd Kiara WA 6054","Phone number":"(08) 6161 6642"},{"Postcode":"6054","Name":"S Chen","Address":"20 Diana Crs Lockridge WA 6054","Phone number":"(08) 9279 2150"},{"Postcode":"6027","Name":"L C Chen","Address":"1 Jasper Way Edgewater WA 6027","Phone number":"(08) 9405 8569"},{"Postcode":"6027","Name":"Mr M Chen","Address":"22 Opal Drv Edgewater WA 6027","Phone number":"(08) 9206 3113"},{"Postcode":"6069","Name":"T Chen","Address":"24 Mundego Turn Ellenbrook WA 6069","Phone number":"(08) 9297 3201"},{"Postcode":"6069","Name":"T Chen","Address":"24 Mundego Turn Ellenbrook WA 6069","Phone number":"(08) 9297 3201"},{"Postcode":"6062","Name":"B Chen","Address":"1 Pan Cl Morley WA 6062","Phone number":"(08) 6117 0566"},{"Postcode":"6062","Name":"D Chen","Address":"40B Westlake Rd Morley WA 6062","Phone number":"(08) 9275 2008"},{"Postcode":"6062","Name":"J Chen","Address":"16 Hutt Rd Morley WA 6062","Phone number":"(08) 6150 0042"},{"Postcode":"6210","Name":"X Chen","Address":"5 Cassowary Crs Coodanup WA 6210","Phone number":"(08) 9535 9362"},{"Postcode":"6210","Name":"X Chen","Address":"5 Cassowary Crs Coodanup WA 6210","Phone number":"(08) 9535 9362"},{"Postcode":"6014","Name":"G M Chen","Address":"35 Clanmel Rd Floreat WA 6014","Phone number":"(08) 9383 7313"},{"Postcode":"6112","Name":"A Chen","Address":"7 William St Armadale WA 6112","Phone number":"(08) 9498 3866"},{"Postcode":"6112","Name":"X Chen","Address":"15 Foundry Turn Harrisdale WA 6112","Phone number":"(08) 9397 2341"},{"Postcode":"6058","Name":"Y Chen","Address":"35 Morris Dr Forrestfield WA 6058","Phone number":"(04) 3362 4321"},{"Postcode":"6210","Name":"X Chen","Address":"5 Cassowary Crs Coodanup WA 6210","Phone number":"(08) 9535 9362"},{"Postcode":"6064","Name":"B Chen","Address":"59 Picton Tce Alexander Heights WA 6064","Phone number":"(08) 9343 0338"},{"Postcode":"6023","Name":"X Chen","Address":"53 Granadilla St Duncraig WA 6023","Phone number":"(08) 9447 5349"},{"Postcode":"6065","Name":"M Chen","Address":"5 Hida La Madeley WA 6065","Phone number":"(08) 9409 6705"},{"Postcode":"6110","Name":"T Chen","Address":"21 Blakemore Ret Huntingdale WA 6110","Phone number":"(08) 9398 9801"},{"Postcode":"6110","Name":"X Chen","Address":"57 Eileen St Gosnells WA 6110","Phone number":"(08) 6196 0464"},{"Postcode":"6210","Name":"X Chen","Address":"5 Cassowary Crs Coodanup WA 6210","Phone number":"(08) 9535 9362"},{"Postcode":"6056","Name":"Jingzhi Chen","Address":"14 Woodbridge Cl Swan View WA 6056","Phone number":"(08) 9294 4924"},{"Postcode":"6024","Name":"R Chen","Address":"5 Fernlea St Warwick WA 6024","Phone number":"(08) 6150 1524"},{"Postcode":"6024","Name":"R Chen","Address":"67 Hawker Ave Warwick WA 6024","Phone number":"(08) 6150 1612"},{"Postcode":"6024","Name":"S Chen","Address":"27 Hillwood Ave Warwick WA 6024","Phone number":"(08) 9203 6483"},{"Postcode":"6055","Name":"Y Chen","Address":"8 Warnt Crt South Guildford WA 6055","Phone number":"(08) 9279 7924"},{"Postcode":"6018","Name":"C Chen","Address":"24B Kyarra St Innaloo WA 6018","Phone number":"(08) 9204 3232"},{"Postcode":"6210","Name":"X Chen","Address":"5 Cassowary Crs Coodanup WA 6210","Phone number":"(08) 9535 9362"},{"Postcode":"6163","Name":"Q Chen","Address":"21 Paddington Crt Bibra Lake WA 6163","Phone number":"(08) 9418 1147"},{"Postcode":"6164","Name":"J Chen","Address":"47 Daviesia Turn Success WA 6164","Phone number":"(08) 9498 6216"},{"Postcode":"6164","Name":"J W Chen","Address":"212 Lyon Rd Aubin Grove WA 6164","Phone number":"(08) 6595 3858"},{"Postcode":"6055","Name":"Y Chen","Address":"8 Warnt Crt South Guildford WA 6055","Phone number":"(08) 9279 7924"},{"Postcode":"6027","Name":"L C Chen","Address":"1 Jasper Way Edgewater WA 6027","Phone number":"(08) 9405 8569"},{"Postcode":"6027","Name":"Mr M Chen","Address":"22 Opal Drv Edgewater WA 6027","Phone number":"(08) 9206 3113"},{"Postcode":"6056","Name":"Jingzhi Chen","Address":"14 Woodbridge Cl Swan View WA 6056","Phone number":"(08) 9294 4924"},{"Postcode":"6166","Name":"Chunlin Chen","Address":"29 Cardamom Loop Coogee WA 6166","Phone number":"(08) 9418 4676"},{"Postcode":"6055","Name":"Y Chen","Address":"8 Warnt Crt South Guildford WA 6055","Phone number":"(08) 9279 7924"},{"Postcode":"6056","Name":"Jingzhi Chen","Address":"14 Woodbridge Cl Swan View WA 6056","Phone number":"(08) 9294 4924"},{"Postcode":"6210","Name":"X Chen","Address":"5 Cassowary Crs Coodanup WA 6210","Phone number":"(08) 9535 9362"},{"Postcode":"6003","Name":"Mr Z Chen","Address":"275 William St Northbridge WA 6003","Phone number":"(08) 9228 1177"},{"Postcode":"6163","Name":"Q Chen","Address":"21 Paddington Crt Bibra Lake WA 6163","Phone number":"(08) 9418 1147"},{"Postcode":"6065","Name":"M Chen","Address":"5 Hida La Madeley WA 6065","Phone number":"(08) 9409 6705"},{"Postcode":"6110","Name":"T Chen","Address":"21 Blakemore Ret Huntingdale WA 6110","Phone number":"(08) 9398 9801"},{"Postcode":"6110","Name":"X Chen","Address":"57 Eileen St Gosnells WA 6110","Phone number":"(08) 6196 0464"},{"Postcode":"6018","Name":"C Chen","Address":"24B Kyarra St Innaloo WA 6018","Phone number":"(08) 9204 3232"},{"Postcode":"6065","Name":"M Chen","Address":"5 Hida La Madeley WA 6065","Phone number":"(08) 9409 6705"},{"Postcode":"6164","Name":"J Chen","Address":"47 Daviesia Turn Success WA 6164","Phone number":"(08) 9498 6216"},{"Postcode":"6164","Name":"J W Chen","Address":"212 Lyon Rd Aubin Grove WA 6164","Phone number":"(08) 6595 3858"},{"Postcode":"6056","Name":"Jingzhi Chen","Address":"14 Woodbridge Cl Swan View WA 6056","Phone number":"(08) 9294 4924"},{"Postcode":"6014","Name":"G M Chen","Address":"35 Clanmel Rd Floreat WA 6014","Phone number":"(08) 9383 7313"},{"Postcode":"6027","Name":"L C Chen","Address":"1 Jasper Way Edgewater WA 6027","Phone number":"(08) 9405 8569"},{"Postcode":"6027","Name":"Mr M Chen","Address":"22 Opal Drv Edgewater WA 6027","Phone number":"(08) 9206 3113"},{"Postcode":"6163","Name":"Q Chen","Address":"21 Paddington Crt Bibra Lake WA 6163","Phone number":"(08) 9418 1147"},{"Postcode":"6111","Name":"Shenghui Chen","Address":"10 Hazewinkel Gardns Champion Lakes WA 6111","Phone number":"(08) 9390 7592"},{"Postcode":"6018","Name":"C Chen","Address":"24B Kyarra St Innaloo WA 6018","Phone number":"(08) 9204 3232"},{"Postcode":"6111","Name":"Shenghui Chen","Address":"10 Hazewinkel Gardns Champion Lakes WA 6111","Phone number":"(08) 9390 7592"},{"Postcode":"6151","Name":"G Chen","Address":"12 Delamere Ave South Perth WA 6151","Phone number":"(08) 9368 5706"},{"Postcode":"6151","Name":"H Chen","Address":"131 Brandon St Kensington WA 6151","Phone number":"(08) 6216 0118"},{"Postcode":"6151","Name":"M Chen","Address":"Un 1 180 Mill Point Rd South Perth WA 6151","Phone number":"(08) 9474 1187"},{"Postcode":"6107","Name":"C Chen","Address":"24 Gianatti Rmbl East Cannington WA 6107","Phone number":"(08) 9351 9421"},{"Postcode":"6107","Name":"C Chen","Address":"Un 14 18 Whitlock Rd Queens Park WA 6107","Phone number":"(08) 9258 9729"},{"Postcode":"6107","Name":"F Chen","Address":"11 Marriot St Cannington WA 6107","Phone number":"(08) 6150 1911"},{"Postcode":"6107","Name":"H Chen","Address":"39 Serisier Pkwy Queens Park WA 6107","Phone number":"(08) 9356 3904"},{"Postcode":"6107","Name":"K Chen","Address":"24 Magnesia Rd Wattle Grove WA 6107","Phone number":"(08) 6245 3754"},{"Postcode":"6107","Name":"S Chen","Address":"230 A George St Queens Park WA 6107","Phone number":"(08) 9358 0203"},{"Postcode":"6107","Name":"T Chen","Address":"Un 7 27 Camberwell St Beckenham WA 6107","Phone number":"(08) 9258 8021"},{"Postcode":"6105","Name":"W Chen","Address":"35 Jeffrey St Kewdale WA 6105","Phone number":"(08) 9355 5313"},{"Postcode":"6054","Name":"S Chen","Address":"47 Roseheath Bvd Kiara WA 6054","Phone number":"(08) 6161 6642"},{"Postcode":"6054","Name":"S Chen","Address":"20 Diana Crs Lockridge WA 6054","Phone number":"(08) 9279 2150"},{"Postcode":"6065","Name":"M Chen","Address":"5 Hida La Madeley WA 6065","Phone number":"(08) 9409 6705"},{"Postcode":"6064","Name":"B Chen","Address":"59 Picton Tce Alexander Heights WA 6064","Phone number":"(08) 9343 0338"},{"Postcode":"6056","Name":"Jingzhi Chen","Address":"14 Woodbridge Cl Swan View WA 6056","Phone number":"(08) 9294 4924"},{"Postcode":"6167","Name":"X Chen","Address":"16 Koomba Rse Bertram WA 6167","Phone number":"(08) 9419 4246"},{"Postcode":"6167","Name":"Y C Chen","Address":"10 Lomond Crs Wandi WA 6167","Phone number":"(08) 9410 2982"},{"Postcode":"6167","Name":"X Chen","Address":"16 Koomba Rse Bertram WA 6167","Phone number":"(08) 9419 4246"},{"Postcode":"6167","Name":"Y C Chen","Address":"10 Lomond Crs Wandi WA 6167","Phone number":"(08) 9410 2982"},{"Postcode":"6210","Name":"X Chen","Address":"5 Cassowary Crs Coodanup WA 6210","Phone number":"(08) 9535 9362"},{"Postcode":"6065","Name":"M Chen","Address":"5 Hida La Madeley WA 6065","Phone number":"(08) 9409 6705"},{"Postcode":"6147","Name":"A Chen","Address":"24 Golf Rd Parkwood WA 6147","Phone number":"(08) 9259 4964"},{"Postcode":"6147","Name":"C Chen","Address":"50 Denny Way Parkwood WA 6147","Phone number":"(08) 9457 8186"},{"Postcode":"6147","Name":"F P Chen","Address":"2 View Ave Langford WA 6147","Phone number":"(08) 9258 6934"},{"Postcode":"6147","Name":"G Chen","Address":"623  A Metcalfe Rd Lynwood WA 6147","Phone number":"(08) 9356 1195"},{"Postcode":"6147","Name":"H Chen","Address":"32 Golf Rd Parkwood WA 6147","Phone number":"(08) 9354 5993"},{"Postcode":"6147","Name":"J Chen","Address":"6 Miami Link Langford WA 6147","Phone number":"(08) 9451 7223"},{"Postcode":"6147","Name":"X Chen","Address":"Un 12 2 View Ave Langford WA 6147","Phone number":"(08) 9358 6601"},{"Postcode":"6147","Name":"X Chen","Address":"75 Vellgrove Ave Parkwood WA 6147","Phone number":"(08) 9259 6082"},{"Postcode":"6147","Name":"Y Chen","Address":"18 Brookman Ave Langford WA 6147","Phone number":"(08) 9356 9358"},{"Postcode":"6100","Name":"Mr Yung Chun Chen","Address":"U 1 25 Harper St Burswood WA 6100","Phone number":"(08) 6117 2320"},{"Postcode":"6100","Name":"Z Chen","Address":"Un 12 96 Mcmaster St Victoria Park WA 6100","Phone number":"(08) 9253 0707"},{"Postcode":"6149","Name":"H Chen","Address":"4 Beresford Pl Leeming WA 6149","Phone number":"(08) 6162 9658"},{"Postcode":"6149","Name":"S Chen","Address":"19 Pearson Crs Bull Creek WA 6149","Phone number":"(08) 6150 1868"},{"Postcode":"6065","Name":"M Chen","Address":"5 Hida La Madeley WA 6065","Phone number":"(08) 9409 6705"},{"Postcode":"6054","Name":"S Chen","Address":"47 Roseheath Bvd Kiara WA 6054","Phone number":"(08) 6161 6642"},{"Postcode":"6054","Name":"S Chen","Address":"20 Diana Crs Lockridge WA 6054","Phone number":"(08) 9279 2150"},{"Postcode":"6147","Name":"A Chen","Address":"24 Golf Rd Parkwood WA 6147","Phone number":"(08) 9259 4964"},{"Postcode":"6147","Name":"C Chen","Address":"50 Denny Way Parkwood WA 6147","Phone number":"(08) 9457 8186"},{"Postcode":"6147","Name":"F P Chen","Address":"2 View Ave Langford WA 6147","Phone number":"(08) 9258 6934"},{"Postcode":"6147","Name":"G Chen","Address":"623  A Metcalfe Rd Lynwood WA 6147","Phone number":"(08) 9356 1195"},{"Postcode":"6147","Name":"H Chen","Address":"32 Golf Rd Parkwood WA 6147","Phone number":"(08) 9354 5993"},{"Postcode":"6147","Name":"J Chen","Address":"6 Miami Link Langford WA 6147","Phone number":"(08) 9451 7223"},{"Postcode":"6147","Name":"X Chen","Address":"Un 12 2 View Ave Langford WA 6147","Phone number":"(08) 9358 6601"},{"Postcode":"6147","Name":"X Chen","Address":"75 Vellgrove Ave Parkwood WA 6147","Phone number":"(08) 9259 6082"},{"Postcode":"6147","Name":"Y Chen","Address":"18 Brookman Ave Langford WA 6147","Phone number":"(08) 9356 9358"},{"Postcode":"6065","Name":"M Chen","Address":"5 Hida La Madeley WA 6065","Phone number":"(08) 9409 6705"},{"Postcode":"6210","Name":"X Chen","Address":"5 Cassowary Crs Coodanup WA 6210","Phone number":"(08) 9535 9362"},{"Postcode":"6167","Name":"X Chen","Address":"16 Koomba Rse Bertram WA 6167","Phone number":"(08) 9419 4246"},{"Postcode":"6167","Name":"Y C Chen","Address":"10 Lomond Crs Wandi WA 6167","Phone number":"(08) 9410 2982"},{"Postcode":"6210","Name":"X Chen","Address":"5 Cassowary Crs Coodanup WA 6210","Phone number":"(08) 9535 9362"},{"Postcode":"6210","Name":"X Chen","Address":"5 Cassowary Crs Coodanup WA 6210","Phone number":"(08) 9535 9362"},{"Postcode":"6210","Name":"X Chen","Address":"5 Cassowary Crs Coodanup WA 6210","Phone number":"(08) 9535 9362"},{"Postcode":"6064","Name":"B Chen","Address":"59 Picton Tce Alexander Heights WA 6064","Phone number":"(08) 9343 0338"},{"Postcode":"6065","Name":"M Chen","Address":"5 Hida La Madeley WA 6065","Phone number":"(08) 9409 6705"},{"Postcode":"6110","Name":"T Chen","Address":"21 Blakemore Ret Huntingdale WA 6110","Phone number":"(08) 9398 9801"},{"Postcode":"6110","Name":"X Chen","Address":"57 Eileen St Gosnells WA 6110","Phone number":"(08) 6196 0464"},{"Postcode":"6051","Name":"M Chen","Address":"Maylands WA 6051","Phone number":"(08) 9271 3953"},{"Postcode":"6210","Name":"X Chen","Address":"5 Cassowary Crs Coodanup WA 6210","Phone number":"(08) 9535 9362"},{"Postcode":"6167","Name":"X Chen","Address":"16 Koomba Rse Bertram WA 6167","Phone number":"(08) 9419 4246"},{"Postcode":"6167","Name":"Y C Chen","Address":"10 Lomond Crs Wandi WA 6167","Phone number":"(08) 9410 2982"},{"Postcode":"6065","Name":"M Chen","Address":"5 Hida La Madeley WA 6065","Phone number":"(08) 9409 6705"},{"Postcode":"6156","Name":"T Chen","Address":"80 Swan Rd Attadale WA 6156","Phone number":"(08) 9317 6234"},{"Postcode":"6056","Name":"Jingzhi Chen","Address":"14 Woodbridge Cl Swan View WA 6056","Phone number":"(08) 9294 4924"},{"Postcode":"6056","Name":"Jingzhi Chen","Address":"14 Woodbridge Cl Swan View WA 6056","Phone number":"(08) 9294 4924"},{"Postcode":"6056","Name":"Jingzhi Chen","Address":"14 Woodbridge Cl Swan View WA 6056","Phone number":"(08) 9294 4924"},{"Postcode":"6056","Name":"Jingzhi Chen","Address":"14 Woodbridge Cl Swan View WA 6056","Phone number":"(08) 9294 4924"},{"Postcode":"6061","Name":"D Chen","Address":"15A Montrose Way Nollamara WA 6061","Phone number":"(08) 9349 4043"},{"Postcode":"6061","Name":"K Chen","Address":"35 A Almurta Way Nollamara WA 6061","Phone number":"(08) 9440 3510"},{"Postcode":"6062","Name":"B Chen","Address":"1 Pan Cl Morley WA 6062","Phone number":"(08) 6117 0566"},{"Postcode":"6062","Name":"D Chen","Address":"40B Westlake Rd Morley WA 6062","Phone number":"(08) 9275 2008"},{"Postcode":"6062","Name":"J Chen","Address":"16 Hutt Rd Morley WA 6062","Phone number":"(08) 6150 0042"},{"Postcode":"6112","Name":"A Chen","Address":"7 William St Armadale WA 6112","Phone number":"(08) 9498 3866"},{"Postcode":"6112","Name":"X Chen","Address":"15 Foundry Turn Harrisdale WA 6112","Phone number":"(08) 9397 2341"},{"Postcode":"6153","Name":"H Chen","Address":"44 Drew Rd Ardross WA 6153","Phone number":"(04) 2190 7962"},{"Postcode":"6153","Name":"X Chen","Address":"1 Cantray Ave Applecross WA 6153","Phone number":"(04) 2542 1013"},{"Postcode":"6112","Name":"A Chen","Address":"7 William St Armadale WA 6112","Phone number":"(08) 9498 3866"},{"Postcode":"6112","Name":"X Chen","Address":"15 Foundry Turn Harrisdale WA 6112","Phone number":"(08) 9397 2341"},{"Postcode":"6027","Name":"L C Chen","Address":"1 Jasper Way Edgewater WA 6027","Phone number":"(08) 9405 8569"},{"Postcode":"6027","Name":"Mr M Chen","Address":"22 Opal Drv Edgewater WA 6027","Phone number":"(08) 9206 3113"},{"Postcode":"6166","Name":"Chunlin Chen","Address":"29 Cardamom Loop Coogee WA 6166","Phone number":"(08) 9418 4676"},{"Postcode":"6150","Name":"C Chen","Address":"3 Saint Pass Winthrop WA 6150","Phone number":"(08) 9310 5799"},{"Postcode":"6150","Name":"D Chen","Address":"34 Blakers Rdg Winthrop WA 6150","Phone number":"(08) 9332 2831"},{"Postcode":"6150","Name":"J Chen","Address":"22 Nicholson Loop Bateman WA 6150","Phone number":"(08) 9313 5572"},{"Postcode":"6150","Name":"K Chen","Address":"10 Raffaele Pl Murdoch WA 6150","Phone number":"(08) 9310 5547"},{"Postcode":"6009","Name":"Q Chen","Address":"67 Hobbs Ave Dalkeith WA 6009","Phone number":"(08) 9386 1228"},{"Postcode":"6009","Name":"S H Chen","Address":"73 Tyrell St Nedlands WA 6009","Phone number":"(08) 9389 1889"},{"Postcode":"6009","Name":"Y H Chen","Address":"65 Esplanade Nedlands WA 6009","Phone number":"(08) 9389 7272"},{"Postcode":"6061","Name":"D Chen","Address":"15A Montrose Way Nollamara WA 6061","Phone number":"(08) 9349 4043"},{"Postcode":"6061","Name":"K Chen","Address":"35 A Almurta Way Nollamara WA 6061","Phone number":"(08) 9440 3510"},{"Postcode":"6062","Name":"B Chen","Address":"1 Pan Cl Morley WA 6062","Phone number":"(08) 6117 0566"},{"Postcode":"6062","Name":"D Chen","Address":"40B Westlake Rd Morley WA 6062","Phone number":"(08) 9275 2008"},{"Postcode":"6062","Name":"J Chen","Address":"16 Hutt Rd Morley WA 6062","Phone number":"(08) 6150 0042"},{"Postcode":"6163","Name":"Q Chen","Address":"21 Paddington Crt Bibra Lake WA 6163","Phone number":"(08) 9418 1147"},{"Postcode":"6003","Name":"Mr Z Chen","Address":"275 William St Northbridge WA 6003","Phone number":"(08) 9228 1177"},{"Postcode":"6163","Name":"Q Chen","Address":"21 Paddington Crt Bibra Lake WA 6163","Phone number":"(08) 9418 1147"},{"Postcode":"6027","Name":"L C Chen","Address":"1 Jasper Way Edgewater WA 6027","Phone number":"(08) 9405 8569"},{"Postcode":"6027","Name":"Mr M Chen","Address":"22 Opal Drv Edgewater WA 6027","Phone number":"(08) 9206 3113"},{"Postcode":"6167","Name":"X Chen","Address":"16 Koomba Rse Bertram WA 6167","Phone number":"(08) 9419 4246"},{"Postcode":"6167","Name":"Y C Chen","Address":"10 Lomond Crs Wandi WA 6167","Phone number":"(08) 9410 2982"},{"Postcode":"6210","Name":"X Chen","Address":"5 Cassowary Crs Coodanup WA 6210","Phone number":"(08) 9535 9362"},{"Postcode":"6147","Name":"A Chen","Address":"24 Golf Rd Parkwood WA 6147","Phone number":"(08) 9259 4964"},{"Postcode":"6147","Name":"C Chen","Address":"50 Denny Way Parkwood WA 6147","Phone number":"(08) 9457 8186"},{"Postcode":"6147","Name":"F P Chen","Address":"2 View Ave Langford WA 6147","Phone number":"(08) 9258 6934"},{"Postcode":"6147","Name":"G Chen","Address":"623  A Metcalfe Rd Lynwood WA 6147","Phone number":"(08) 9356 1195"},{"Postcode":"6147","Name":"H Chen","Address":"32 Golf Rd Parkwood WA 6147","Phone number":"(08) 9354 5993"},{"Postcode":"6147","Name":"J Chen","Address":"6 Miami Link Langford WA 6147","Phone number":"(08) 9451 7223"},{"Postcode":"6147","Name":"X Chen","Address":"Un 12 2 View Ave Langford WA 6147","Phone number":"(08) 9358 6601"},{"Postcode":"6147","Name":"X Chen","Address":"75 Vellgrove Ave Parkwood WA 6147","Phone number":"(08) 9259 6082"},{"Postcode":"6147","Name":"Y Chen","Address":"18 Brookman Ave Langford WA 6147","Phone number":"(08) 9356 9358"},{"Postcode":"6167","Name":"X Chen","Address":"16 Koomba Rse Bertram WA 6167","Phone number":"(08) 9419 4246"},{"Postcode":"6167","Name":"Y C Chen","Address":"10 Lomond Crs Wandi WA 6167","Phone number":"(08) 9410 2982"},{"Postcode":"6065","Name":"M Chen","Address":"5 Hida La Madeley WA 6065","Phone number":"(08) 9409 6705"},{"Postcode":"6000","Name":"B Chen","Address":"U 90 250 Beaufort St Perth WA 6000","Phone number":"(08) 6245 3817"},{"Postcode":"6000","Name":"C Chen","Address":"U 5 152 Fitzgerald St Perth WA 6000","Phone number":"(08) 9328 3919"},{"Postcode":"6105","Name":"W Chen","Address":"35 Jeffrey St Kewdale WA 6105","Phone number":"(08) 9355 5313"},{"Postcode":"6065","Name":"M Chen","Address":"5 Hida La Madeley WA 6065","Phone number":"(08) 9409 6705"},{"Postcode":"6172","Name":"B Z Chen","Address":"21 Corfu Pass Port Kennedy WA 6172","Phone number":"(08) 9524 5938"},{"Postcode":"6167","Name":"X Chen","Address":"16 Koomba Rse Bertram WA 6167","Phone number":"(08) 9419 4246"},{"Postcode":"6167","Name":"Y C Chen","Address":"10 Lomond Crs Wandi WA 6167","Phone number":"(08) 9410 2982"},{"Postcode":"6107","Name":"C Chen","Address":"24 Gianatti Rmbl East Cannington WA 6107","Phone number":"(08) 9351 9421"},{"Postcode":"6107","Name":"C Chen","Address":"Un 14 18 Whitlock Rd Queens Park WA 6107","Phone number":"(08) 9258 9729"},{"Postcode":"6107","Name":"F Chen","Address":"11 Marriot St Cannington WA 6107","Phone number":"(08) 6150 1911"},{"Postcode":"6107","Name":"H Chen","Address":"39 Serisier Pkwy Queens Park WA 6107","Phone number":"(08) 9356 3904"},{"Postcode":"6107","Name":"K Chen","Address":"24 Magnesia Rd Wattle Grove WA 6107","Phone number":"(08) 6245 3754"},{"Postcode":"6107","Name":"S Chen","Address":"230 A George St Queens Park WA 6107","Phone number":"(08) 9358 0203"},{"Postcode":"6107","Name":"T Chen","Address":"Un 7 27 Camberwell St Beckenham WA 6107","Phone number":"(08) 9258 8021"},{"Postcode":"6056","Name":"Jingzhi Chen","Address":"14 Woodbridge Cl Swan View WA 6056","Phone number":"(08) 9294 4924"},{"Postcode":"6104","Name":"C W Chen","Address":"44 Williamson Ave Belmont WA 6104","Phone number":"(08) 9477 5819"},{"Postcode":"6103","Name":"X Chen","Address":"15 Gibbs St Rivervale WA 6103","Phone number":"(08) 9477 6947"},{"Postcode":"6111","Name":"Shenghui Chen","Address":"10 Hazewinkel Gardns Champion Lakes WA 6111","Phone number":"(08) 9390 7592"},{"Postcode":"6163","Name":"Q Chen","Address":"21 Paddington Crt Bibra Lake WA 6163","Phone number":"(08) 9418 1147"},{"Postcode":"6210","Name":"X Chen","Address":"5 Cassowary Crs Coodanup WA 6210","Phone number":"(08) 9535 9362"},{"Postcode":"6019","Name":"Q F Chen","Address":"7 Fell Pl Wembley Downs WA 6019","Phone number":"(08) 9341 3408"},{"Postcode":"6112","Name":"A Chen","Address":"7 William St Armadale WA 6112","Phone number":"(08) 9498 3866"},{"Postcode":"6112","Name":"X Chen","Address":"15 Foundry Turn Harrisdale WA 6112","Phone number":"(08) 9397 2341"},{"Postcode":"6008","Name":"I Chen","Address":"45A Troy Tce Daglish WA 6008","Phone number":"(08) 9388 9287"},{"Postcode":"6210","Name":"X Chen","Address":"5 Cassowary Crs Coodanup WA 6210","Phone number":"(08) 9535 9362"},{"Postcode":"6065","Name":"M Chen","Address":"5 Hida La Madeley WA 6065","Phone number":"(08) 9409 6705"},{"Postcode":"6055","Name":"Y Chen","Address":"8 Warnt Crt South Guildford WA 6055","Phone number":"(08) 9279 7924"},{"Postcode":"6164","Name":"J Chen","Address":"47 Daviesia Turn Success WA 6164","Phone number":"(08) 9498 6216"},{"Postcode":"6164","Name":"J W Chen","Address":"212 Lyon Rd Aubin Grove WA 6164","Phone number":"(08) 6595 3858"},{"Postcode":"6151","Name":"G Chen","Address":"12 Delamere Ave South Perth WA 6151","Phone number":"(08) 9368 5706"},{"Postcode":"6151","Name":"H Chen","Address":"131 Brandon St Kensington WA 6151","Phone number":"(08) 6216 0118"},{"Postcode":"6151","Name":"M Chen","Address":"Un 1 180 Mill Point Rd South Perth WA 6151","Phone number":"(08) 9474 1187"},{"Postcode":"6110","Name":"T Chen","Address":"21 Blakemore Ret Huntingdale WA 6110","Phone number":"(08) 9398 9801"},{"Postcode":"6110","Name":"X Chen","Address":"57 Eileen St Gosnells WA 6110","Phone number":"(08) 6196 0464"},{"Postcode":"6163","Name":"Q Chen","Address":"21 Paddington Crt Bibra Lake WA 6163","Phone number":"(08) 9418 1147"},{"Postcode":"6102","Name":"Sheng Chen","Address":"9 E Earl St Bentley WA 6102","Phone number":"(08) 9358 2217"},{"Postcode":"6102","Name":"Y Chen","Address":"75 Upton St St James WA 6102","Phone number":"(08) 9361 0665"},{"Postcode":"6210","Name":"X Chen","Address":"5 Cassowary Crs Coodanup WA 6210","Phone number":"(08) 9535 9362"},{"Postcode":"6056","Name":"Jingzhi Chen","Address":"14 Woodbridge Cl Swan View WA 6056","Phone number":"(08) 9294 4924"},{"Postcode":"6008","Name":"I Chen","Address":"45A Troy Tce Daglish WA 6008","Phone number":"(08) 9388 9287"},{"Postcode":"6164","Name":"J Chen","Address":"47 Daviesia Turn Success WA 6164","Phone number":"(08) 9498 6216"},{"Postcode":"6164","Name":"J W Chen","Address":"212 Lyon Rd Aubin Grove WA 6164","Phone number":"(08) 6595 3858"},{"Postcode":"6056","Name":"Jingzhi Chen","Address":"14 Woodbridge Cl Swan View WA 6056","Phone number":"(08) 9294 4924"},{"Postcode":"6065","Name":"M Chen","Address":"5 Hida La Madeley WA 6065","Phone number":"(08) 9409 6705"},{"Postcode":"6167","Name":"X Chen","Address":"16 Koomba Rse Bertram WA 6167","Phone number":"(08) 9419 4246"},{"Postcode":"6167","Name":"Y C Chen","Address":"10 Lomond Crs Wandi WA 6167","Phone number":"(08) 9410 2982"},{"Postcode":"6069","Name":"T Chen","Address":"24 Mundego Turn Ellenbrook WA 6069","Phone number":"(08) 9297 3201"},{"Postcode":"6108","Name":"C C Chen","Address":"21 Claridge Cir Thornlie WA 6108","Phone number":"(08) 9455 2612"},{"Postcode":"6108","Name":"D P Chen","Address":"34 Rushbrook Way Thornlie WA 6108","Phone number":"(08) 9452 7293"},{"Postcode":"6108","Name":"L Chen","Address":"16 Finsbury Dr Thornlie WA 6108","Phone number":"(08) 9456 1238"},{"Postcode":"6108","Name":"X Chen","Address":"39 Storey Rd Thornlie WA 6108","Phone number":"(08) 6161 3293"},{"Postcode":"6069","Name":"T Chen","Address":"24 Mundego Turn Ellenbrook WA 6069","Phone number":"(08) 9297 3201"},{"Postcode":"6100","Name":"Mr Yung Chun Chen","Address":"U 1 25 Harper St Burswood WA 6100","Phone number":"(08) 6117 2320"},{"Postcode":"6100","Name":"Z Chen","Address":"Un 12 96 Mcmaster St Victoria Park WA 6100","Phone number":"(08) 9253 0707"},{"Postcode":"6056","Name":"Jingzhi Chen","Address":"14 Woodbridge Cl Swan View WA 6056","Phone number":"(08) 9294 4924"},{"Postcode":"6167","Name":"X Chen","Address":"16 Koomba Rse Bertram WA 6167","Phone number":"(08) 9419 4246"},{"Postcode":"6167","Name":"Y C Chen","Address":"10 Lomond Crs Wandi WA 6167","Phone number":"(08) 9410 2982"},{"Postcode":"6065","Name":"M Chen","Address":"5 Hida La Madeley WA 6065","Phone number":"(08) 9409 6705"},{"Postcode":"6210","Name":"X Chen","Address":"5 Cassowary Crs Coodanup WA 6210","Phone number":"(08) 9535 9362"},{"Postcode":"6065","Name":"M Chen","Address":"5 Hida La Madeley WA 6065","Phone number":"(08) 9409 6705"},{"Postcode":"6024","Name":"R Chen","Address":"5 Fernlea St Warwick WA 6024","Phone number":"(08) 6150 1524"},{"Postcode":"6024","Name":"R Chen","Address":"67 Hawker Ave Warwick WA 6024","Phone number":"(08) 6150 1612"},{"Postcode":"6024","Name":"S Chen","Address":"27 Hillwood Ave Warwick WA 6024","Phone number":"(08) 9203 6483"},{"Postcode":"6107","Name":"C Chen","Address":"24 Gianatti Rmbl East Cannington WA 6107","Phone number":"(08) 9351 9421"},{"Postcode":"6107","Name":"C Chen","Address":"Un 14 18 Whitlock Rd Queens Park WA 6107","Phone number":"(08) 9258 9729"},{"Postcode":"6107","Name":"F Chen","Address":"11 Marriot St Cannington WA 6107","Phone number":"(08) 6150 1911"},{"Postcode":"6107","Name":"H Chen","Address":"39 Serisier Pkwy Queens Park WA 6107","Phone number":"(08) 9356 3904"},{"Postcode":"6107","Name":"K Chen","Address":"24 Magnesia Rd Wattle Grove WA 6107","Phone number":"(08) 6245 3754"},{"Postcode":"6107","Name":"S Chen","Address":"230 A George St Queens Park WA 6107","Phone number":"(08) 9358 0203"},{"Postcode":"6107","Name":"T Chen","Address":"Un 7 27 Camberwell St Beckenham WA 6107","Phone number":"(08) 9258 8021"},{"Postcode":"6166","Name":"Chunlin Chen","Address":"29 Cardamom Loop Coogee WA 6166","Phone number":"(08) 9418 4676"},{"Postcode":"6014","Name":"G M Chen","Address":"35 Clanmel Rd Floreat WA 6014","Phone number":"(08) 9383 7313"},{"Postcode":"6019","Name":"Q F Chen","Address":"7 Fell Pl Wembley Downs WA 6019","Phone number":"(08) 9341 3408"},{"Postcode":"6055","Name":"Y Chen","Address":"8 Warnt Crt South Guildford WA 6055","Phone number":"(08) 9279 7924"},{"Postcode":"6111","Name":"Shenghui Chen","Address":"10 Hazewinkel Gardns Champion Lakes WA 6111","Phone number":"(08) 9390 7592"},{"Postcode":"6061","Name":"D Chen","Address":"15A Montrose Way Nollamara WA 6061","Phone number":"(08) 9349 4043"},{"Postcode":"6061","Name":"K Chen","Address":"35 A Almurta Way Nollamara WA 6061","Phone number":"(08) 9440 3510"},{"Postcode":"6156","Name":"T Chen","Address":"80 Swan Rd Attadale WA 6156","Phone number":"(08) 9317 6234"},{"Postcode":"6156","Name":"T Chen","Address":"80 Swan Rd Attadale WA 6156","Phone number":"(08) 9317 6234"},{"Postcode":"6155","Name":"F S Chen","Address":"4 Heritage Crt Willetton WA 6155","Phone number":"(08) 9354 8729"},{"Postcode":"6155","Name":"H Chen","Address":"12 Cluster Way Canning Vale WA 6155","Phone number":"(08) 9455 4727"},{"Postcode":"6155","Name":"L Chen","Address":"9 Kyle Way Canning Vale WA 6155","Phone number":"(08) 6253 8893"},{"Postcode":"6155","Name":"M Chen","Address":"24 Macmillan Blv Canning Vale WA 6155","Phone number":"(08) 9455 5716"},{"Postcode":"6155","Name":"Q Chen","Address":"126 Amherst Rd Canning Vale WA 6155","Phone number":"(08) 9256 1010"},{"Postcode":"6155","Name":"Q Chen","Address":"21 Becher Ave Canning Vale WA 6155","Phone number":"(08) 6253 8756"},{"Postcode":"6155","Name":"Mr Q Chen","Address":"142 Apsley Rd Willetton WA 6155","Phone number":"(08) 9354 7119"},{"Postcode":"6155","Name":"S Chen","Address":"25 Draycott Lp Canning Vale WA 6155","Phone number":"(08) 6162 2486"},{"Postcode":"6155","Name":"S K Chen","Address":"2 Sharba Cl Willetton WA 6155","Phone number":"(08) 9259 5175"},{"Postcode":"6155","Name":"Y Chen","Address":"29 Gamenya St Canning Vale WA 6155","Phone number":"(08) 9456 3932"},{"Postcode":"6155","Name":"Y Chen","Address":"78 Coulthard Crs Canning Vale WA 6155","Phone number":"(08) 6254 2886"},{"Postcode":"6155","Name":"Y Chen","Address":"6 Philadelphia Pde Canning Vale WA 6155","Phone number":"(08) 9455 5343"},{"Postcode":"6155","Name":"Y Chen","Address":"5 Flamingo Way Willetton WA 6155","Phone number":"(08) 9457 1049"},{"Postcode":"6155","Name":"Y Chen","Address":"18 Rampart Way Willetton WA 6155","Phone number":"(08) 9457 8108"},{"Postcode":"6155","Name":"Zhigang Chen","Address":"96 Dumbarton Rd Canning Vale WA 6155","Phone number":"(08) 9256 2852"},{"Postcode":"6107","Name":"C Chen","Address":"24 Gianatti Rmbl East Cannington WA 6107","Phone number":"(08) 9351 9421"},{"Postcode":"6107","Name":"C Chen","Address":"Un 14 18 Whitlock Rd Queens Park WA 6107","Phone number":"(08) 9258 9729"},{"Postcode":"6107","Name":"F Chen","Address":"11 Marriot St Cannington WA 6107","Phone number":"(08) 6150 1911"},{"Postcode":"6107","Name":"H Chen","Address":"39 Serisier Pkwy Queens Park WA 6107","Phone number":"(08) 9356 3904"},{"Postcode":"6107","Name":"K Chen","Address":"24 Magnesia Rd Wattle Grove WA 6107","Phone number":"(08) 6245 3754"},{"Postcode":"6107","Name":"S Chen","Address":"230 A George St Queens Park WA 6107","Phone number":"(08) 9358 0203"},{"Postcode":"6107","Name":"T Chen","Address":"Un 7 27 Camberwell St Beckenham WA 6107","Phone number":"(08) 9258 8021"},{"Postcode":"6150","Name":"C Chen","Address":"3 Saint Pass Winthrop WA 6150","Phone number":"(08) 9310 5799"},{"Postcode":"6150","Name":"D Chen","Address":"34 Blakers Rdg Winthrop WA 6150","Phone number":"(08) 9332 2831"},{"Postcode":"6150","Name":"J Chen","Address":"22 Nicholson Loop Bateman WA 6150","Phone number":"(08) 9313 5572"},{"Postcode":"6150","Name":"K Chen","Address":"10 Raffaele Pl Murdoch WA 6150","Phone number":"(08) 9310 5547"},{"Postcode":"6056","Name":"Jingzhi Chen","Address":"14 Woodbridge Cl Swan View WA 6056","Phone number":"(08) 9294 4924"},{"Postcode":"6018","Name":"C Chen","Address":"24B Kyarra St Innaloo WA 6018","Phone number":"(08) 9204 3232"},{"Postcode":"6112","Name":"A Chen","Address":"7 William St Armadale WA 6112","Phone number":"(08) 9498 3866"},{"Postcode":"6112","Name":"X Chen","Address":"15 Foundry Turn Harrisdale WA 6112","Phone number":"(08) 9397 2341"},{"Postcode":"6164","Name":"J Chen","Address":"47 Daviesia Turn Success WA 6164","Phone number":"(08) 9498 6216"},{"Postcode":"6164","Name":"J W Chen","Address":"212 Lyon Rd Aubin Grove WA 6164","Phone number":"(08) 6595 3858"},{"Postcode":"4211","Name":"A & B Chen","Address":"4 Marriott Way Highland Park QLD 4211","Phone number":"(07) 5574 8689"},{"Postcode":"4211","Name":"C Chen","Address":"79 Pacific Pines Blv Pacific Pines QLD 4211","Phone number":"(07) 5665 9352"},{"Postcode":"4211","Name":"H Chen","Address":"Unit 26 14 Norris St Pacific Pines QLD 4211","Phone number":"(07) 5580 1380"},{"Postcode":"4211","Name":"J Chen","Address":"Un 14 2 Pappas Way Carrara QLD 4211","Phone number":"(07) 5594 3359"},{"Postcode":"4211","Name":"Jack Chen","Address":"Un 88 136 Palm Meadows Drv Carrara QLD 4211","Phone number":"(07) 5594 3289"},{"Postcode":"4211","Name":"L Chen","Address":"Un 306 112 Palm Meadows Drv Carrara QLD 4211","Phone number":"(07) 5594 5409"},{"Postcode":"4211","Name":"S C Chen","Address":"14 Witt Ave Carrara QLD 4211","Phone number":"(07) 5594 4017"},{"Postcode":"4214","Name":"R Chen","Address":"12 Wardoo St Ashmore QLD 4214","Phone number":"(07) 5564 9865"},{"Postcode":"4214","Name":"W Chen","Address":"24 Jack Nicklaus Way Parkwood QLD 4214","Phone number":"(07) 5571 7369"},{"Postcode":"4214","Name":"R Chen","Address":"12 Wardoo St Ashmore QLD 4214","Phone number":"(07) 5564 9865"},{"Postcode":"4214","Name":"W Chen","Address":"24 Jack Nicklaus Way Parkwood QLD 4214","Phone number":"(07) 5571 7369"},{"Postcode":"4214","Name":"R Chen","Address":"12 Wardoo St Ashmore QLD 4214","Phone number":"(07) 5564 9865"},{"Postcode":"4214","Name":"W Chen","Address":"24 Jack Nicklaus Way Parkwood QLD 4214","Phone number":"(07) 5571 7369"},{"Postcode":"4214","Name":"R Chen","Address":"12 Wardoo St Ashmore QLD 4214","Phone number":"(07) 5564 9865"},{"Postcode":"4214","Name":"W Chen","Address":"24 Jack Nicklaus Way Parkwood QLD 4214","Phone number":"(07) 5571 7369"},{"Postcode":"4214","Name":"R Chen","Address":"12 Wardoo St Ashmore QLD 4214","Phone number":"(07) 5564 9865"},{"Postcode":"4214","Name":"W Chen","Address":"24 Jack Nicklaus Way Parkwood QLD 4214","Phone number":"(07) 5571 7369"},{"Postcode":"4213","Name":"H Chen","Address":"Un 41 46 Clover Hill Drv Mudgeeraba QLD 4213","Phone number":"(07) 5522 7438"},{"Postcode":"4215","Name":"C Chen","Address":"1 Como Crs Southport QLD 4215","Phone number":"(07) 5511 0588"},{"Postcode":"4215","Name":"J Chen","Address":"13 17 Brown St Labrador QLD 4215","Phone number":"(07) 5591 8086"},{"Postcode":"4215","Name":"Ms L Chen","Address":"1 Virginia Gr Southport QLD 4215","Phone number":"(07) 5531 0278"},{"Postcode":"4215","Name":"Ley Chen","Address":"154 Musgrave Ave Southport QLD 4215","Phone number":"(07) 5532 1156"},{"Postcode":"4215","Name":"S C Chen","Address":"100 Cotlew St East Southport QLD 4215","Phone number":"(07) 5574 0182"},{"Postcode":"4215","Name":"W Chen","Address":"2 Aqua St Southport QLD 4215","Phone number":"(07) 5591 6868"},{"Postcode":"4211","Name":"A & B Chen","Address":"4 Marriott Way Highland Park QLD 4211","Phone number":"(07) 5574 8689"},{"Postcode":"4211","Name":"C Chen","Address":"79 Pacific Pines Blv Pacific Pines QLD 4211","Phone number":"(07) 5665 9352"},{"Postcode":"4211","Name":"H Chen","Address":"Unit 26 14 Norris St Pacific Pines QLD 4211","Phone number":"(07) 5580 1380"},{"Postcode":"4211","Name":"J Chen","Address":"Un 14 2 Pappas Way Carrara QLD 4211","Phone number":"(07) 5594 3359"},{"Postcode":"4211","Name":"Jack Chen","Address":"Un 88 136 Palm Meadows Drv Carrara QLD 4211","Phone number":"(07) 5594 3289"},{"Postcode":"4211","Name":"L Chen","Address":"Un 306 112 Palm Meadows Drv Carrara QLD 4211","Phone number":"(07) 5594 5409"},{"Postcode":"4211","Name":"S C Chen","Address":"14 Witt Ave Carrara QLD 4211","Phone number":"(07) 5594 4017"},{"Postcode":"4217","Name":"H Chen","Address":"UN 3015 LV 1 21 Cypress Ave Surfers Paradise QLD 4217","Phone number":"(07) 5570 2738"},{"Postcode":"4217","Name":"P Chen","Address":"3018 Surfers Paradise Blv Surfers Paradise QLD 4217","Phone number":"(07) 5511 1396"},{"Postcode":"4217","Name":"S Chen","Address":"3 Sunrise Blv Surfers Paradise QLD 4217","Phone number":"(07) 5526 8660"},{"Postcode":"4217","Name":"S Chen","Address":"Un 2 3 Sunrise Blv Surfers Paradise QLD 4217","Phone number":"(07) 5504 7565"},{"Postcode":"4217","Name":"S Chen","Address":"1 3 Sunrise Bvd Surfers Paradise QLD 4217","Phone number":"(07) 5679 0839"},{"Postcode":"4217","Name":"Y Chen","Address":"6 Southern Cross Dr Surfers Paradise QLD 4217","Phone number":"(07) 5570 6345"},{"Postcode":"4217","Name":"Y Chen","Address":"49 Peninsular Drv Surfers Paradise QLD 4217","Phone number":"(07) 5538 7381"},{"Postcode":"4216","Name":"D Chen","Address":"45 East Quay Drv Biggera Waters QLD 4216","Phone number":"(07) 5529 1187"},{"Postcode":"4211","Name":"A & B Chen","Address":"4 Marriott Way Highland Park QLD 4211","Phone number":"(07) 5574 8689"},{"Postcode":"4211","Name":"C Chen","Address":"79 Pacific Pines Blv Pacific Pines QLD 4211","Phone number":"(07) 5665 9352"},{"Postcode":"4211","Name":"H Chen","Address":"Unit 26 14 Norris St Pacific Pines QLD 4211","Phone number":"(07) 5580 1380"},{"Postcode":"4211","Name":"J Chen","Address":"Un 14 2 Pappas Way Carrara QLD 4211","Phone number":"(07) 5594 3359"},{"Postcode":"4211","Name":"Jack Chen","Address":"Un 88 136 Palm Meadows Drv Carrara QLD 4211","Phone number":"(07) 5594 3289"},{"Postcode":"4211","Name":"L Chen","Address":"Un 306 112 Palm Meadows Drv Carrara QLD 4211","Phone number":"(07) 5594 5409"},{"Postcode":"4211","Name":"S C Chen","Address":"14 Witt Ave Carrara QLD 4211","Phone number":"(07) 5594 4017"},{"Postcode":"4213","Name":"H Chen","Address":"Un 41 46 Clover Hill Drv Mudgeeraba QLD 4213","Phone number":"(07) 5522 7438"},{"Postcode":"4218","Name":"C H Chen","Address":"104 Sunshine Blv Mermaid Waters QLD 4218","Phone number":"(07) 5572 0693"},{"Postcode":"4218","Name":"L Chen","Address":"15 Villa Crt Broadbeach Waters QLD 4218","Phone number":"(07) 5538 8686"},{"Postcode":"4218","Name":"L Chen","Address":"39 Volante Crs Mermaid Waters QLD 4218","Phone number":"(07) 5554 5665"},{"Postcode":"4218","Name":"S Chen","Address":"7 Plumosa Crt Mermaid Waters QLD 4218","Phone number":"(07) 5575 3399"},{"Postcode":"4218","Name":"C H Chen","Address":"104 Sunshine Blv Mermaid Waters QLD 4218","Phone number":"(07) 5572 0693"},{"Postcode":"4218","Name":"L Chen","Address":"15 Villa Crt Broadbeach Waters QLD 4218","Phone number":"(07) 5538 8686"},{"Postcode":"4218","Name":"L Chen","Address":"39 Volante Crs Mermaid Waters QLD 4218","Phone number":"(07) 5554 5665"},{"Postcode":"4218","Name":"S Chen","Address":"7 Plumosa Crt Mermaid Waters QLD 4218","Phone number":"(07) 5575 3399"},{"Postcode":"4217","Name":"H Chen","Address":"UN 3015 LV 1 21 Cypress Ave Surfers Paradise QLD 4217","Phone number":"(07) 5570 2738"},{"Postcode":"4217","Name":"P Chen","Address":"3018 Surfers Paradise Blv Surfers Paradise QLD 4217","Phone number":"(07) 5511 1396"},{"Postcode":"4217","Name":"S Chen","Address":"3 Sunrise Blv Surfers Paradise QLD 4217","Phone number":"(07) 5526 8660"},{"Postcode":"4217","Name":"S Chen","Address":"Un 2 3 Sunrise Blv Surfers Paradise QLD 4217","Phone number":"(07) 5504 7565"},{"Postcode":"4217","Name":"S Chen","Address":"1 3 Sunrise Bvd Surfers Paradise QLD 4217","Phone number":"(07) 5679 0839"},{"Postcode":"4217","Name":"Y Chen","Address":"6 Southern Cross Dr Surfers Paradise QLD 4217","Phone number":"(07) 5570 6345"},{"Postcode":"4217","Name":"Y Chen","Address":"49 Peninsular Drv Surfers Paradise QLD 4217","Phone number":"(07) 5538 7381"},{"Postcode":"4217","Name":"H Chen","Address":"UN 3015 LV 1 21 Cypress Ave Surfers Paradise QLD 4217","Phone number":"(07) 5570 2738"},{"Postcode":"4217","Name":"P Chen","Address":"3018 Surfers Paradise Blv Surfers Paradise QLD 4217","Phone number":"(07) 5511 1396"},{"Postcode":"4217","Name":"S Chen","Address":"3 Sunrise Blv Surfers Paradise QLD 4217","Phone number":"(07) 5526 8660"},{"Postcode":"4217","Name":"S Chen","Address":"Un 2 3 Sunrise Blv Surfers Paradise QLD 4217","Phone number":"(07) 5504 7565"},{"Postcode":"4217","Name":"S Chen","Address":"1 3 Sunrise Bvd Surfers Paradise QLD 4217","Phone number":"(07) 5679 0839"},{"Postcode":"4217","Name":"Y Chen","Address":"6 Southern Cross Dr Surfers Paradise QLD 4217","Phone number":"(07) 5570 6345"},{"Postcode":"4217","Name":"Y Chen","Address":"49 Peninsular Drv Surfers Paradise QLD 4217","Phone number":"(07) 5538 7381"},{"Postcode":"4217","Name":"H Chen","Address":"UN 3015 LV 1 21 Cypress Ave Surfers Paradise QLD 4217","Phone number":"(07) 5570 2738"},{"Postcode":"4217","Name":"P Chen","Address":"3018 Surfers Paradise Blv Surfers Paradise QLD 4217","Phone number":"(07) 5511 1396"},{"Postcode":"4217","Name":"S Chen","Address":"3 Sunrise Blv Surfers Paradise QLD 4217","Phone number":"(07) 5526 8660"},{"Postcode":"4217","Name":"S Chen","Address":"Un 2 3 Sunrise Blv Surfers Paradise QLD 4217","Phone number":"(07) 5504 7565"},{"Postcode":"4217","Name":"S Chen","Address":"1 3 Sunrise Bvd Surfers Paradise QLD 4217","Phone number":"(07) 5679 0839"},{"Postcode":"4217","Name":"Y Chen","Address":"6 Southern Cross Dr Surfers Paradise QLD 4217","Phone number":"(07) 5570 6345"},{"Postcode":"4217","Name":"Y Chen","Address":"49 Peninsular Drv Surfers Paradise QLD 4217","Phone number":"(07) 5538 7381"},{"Postcode":"4211","Name":"A & B Chen","Address":"4 Marriott Way Highland Park QLD 4211","Phone number":"(07) 5574 8689"},{"Postcode":"4211","Name":"C Chen","Address":"79 Pacific Pines Blv Pacific Pines QLD 4211","Phone number":"(07) 5665 9352"},{"Postcode":"4211","Name":"H Chen","Address":"Unit 26 14 Norris St Pacific Pines QLD 4211","Phone number":"(07) 5580 1380"},{"Postcode":"4211","Name":"J Chen","Address":"Un 14 2 Pappas Way Carrara QLD 4211","Phone number":"(07) 5594 3359"},{"Postcode":"4211","Name":"Jack Chen","Address":"Un 88 136 Palm Meadows Drv Carrara QLD 4211","Phone number":"(07) 5594 3289"},{"Postcode":"4211","Name":"L Chen","Address":"Un 306 112 Palm Meadows Drv Carrara QLD 4211","Phone number":"(07) 5594 5409"},{"Postcode":"4211","Name":"S C Chen","Address":"14 Witt Ave Carrara QLD 4211","Phone number":"(07) 5594 4017"},{"Postcode":"4217","Name":"H Chen","Address":"UN 3015 LV 1 21 Cypress Ave Surfers Paradise QLD 4217","Phone number":"(07) 5570 2738"},{"Postcode":"4217","Name":"P Chen","Address":"3018 Surfers Paradise Blv Surfers Paradise QLD 4217","Phone number":"(07) 5511 1396"},{"Postcode":"4217","Name":"S Chen","Address":"3 Sunrise Blv Surfers Paradise QLD 4217","Phone number":"(07) 5526 8660"},{"Postcode":"4217","Name":"S Chen","Address":"Un 2 3 Sunrise Blv Surfers Paradise QLD 4217","Phone number":"(07) 5504 7565"},{"Postcode":"4217","Name":"S Chen","Address":"1 3 Sunrise Bvd Surfers Paradise QLD 4217","Phone number":"(07) 5679 0839"},{"Postcode":"4217","Name":"Y Chen","Address":"6 Southern Cross Dr Surfers Paradise QLD 4217","Phone number":"(07) 5570 6345"},{"Postcode":"4217","Name":"Y Chen","Address":"49 Peninsular Drv Surfers Paradise QLD 4217","Phone number":"(07) 5538 7381"},{"Postcode":"4215","Name":"C Chen","Address":"1 Como Crs Southport QLD 4215","Phone number":"(07) 5511 0588"},{"Postcode":"4215","Name":"J Chen","Address":"13 17 Brown St Labrador QLD 4215","Phone number":"(07) 5591 8086"},{"Postcode":"4215","Name":"Ms L Chen","Address":"1 Virginia Gr Southport QLD 4215","Phone number":"(07) 5531 0278"},{"Postcode":"4215","Name":"Ley Chen","Address":"154 Musgrave Ave Southport QLD 4215","Phone number":"(07) 5532 1156"},{"Postcode":"4215","Name":"S C Chen","Address":"100 Cotlew St East Southport QLD 4215","Phone number":"(07) 5574 0182"},{"Postcode":"4215","Name":"W Chen","Address":"2 Aqua St Southport QLD 4215","Phone number":"(07) 5591 6868"},{"Postcode":"4211","Name":"A & B Chen","Address":"4 Marriott Way Highland Park QLD 4211","Phone number":"(07) 5574 8689"},{"Postcode":"4211","Name":"C Chen","Address":"79 Pacific Pines Blv Pacific Pines QLD 4211","Phone number":"(07) 5665 9352"},{"Postcode":"4211","Name":"H Chen","Address":"Unit 26 14 Norris St Pacific Pines QLD 4211","Phone number":"(07) 5580 1380"},{"Postcode":"4211","Name":"J Chen","Address":"Un 14 2 Pappas Way Carrara QLD 4211","Phone number":"(07) 5594 3359"},{"Postcode":"4211","Name":"Jack Chen","Address":"Un 88 136 Palm Meadows Drv Carrara QLD 4211","Phone number":"(07) 5594 3289"},{"Postcode":"4211","Name":"L Chen","Address":"Un 306 112 Palm Meadows Drv Carrara QLD 4211","Phone number":"(07) 5594 5409"},{"Postcode":"4211","Name":"S C Chen","Address":"14 Witt Ave Carrara QLD 4211","Phone number":"(07) 5594 4017"},{"Postcode":"4226","Name":"J Chen","Address":"25 Protea Crt Robina QLD 4226","Phone number":"(07) 5562 2605"},{"Postcode":"4226","Name":"T Chen","Address":"834 Legend Trail Robina QLD 4226","Phone number":"(07) 5525 3041"},{"Postcode":"4216","Name":"D Chen","Address":"45 East Quay Drv Biggera Waters QLD 4216","Phone number":"(07) 5529 1187"},{"Postcode":"4209","Name":"J Chen","Address":"9 Greenleaf St Upper Coomera QLD 4209","Phone number":"(07) 5529 9456"},{"Postcode":"4209","Name":"W K Chen","Address":"28 Rose Valley Drv Upper Coomera QLD 4209","Phone number":"(07) 5665 6828"},{"Postcode":"4211","Name":"A & B Chen","Address":"4 Marriott Way Highland Park QLD 4211","Phone number":"(07) 5574 8689"},{"Postcode":"4211","Name":"C Chen","Address":"79 Pacific Pines Blv Pacific Pines QLD 4211","Phone number":"(07) 5665 9352"},{"Postcode":"4211","Name":"H Chen","Address":"Unit 26 14 Norris St Pacific Pines QLD 4211","Phone number":"(07) 5580 1380"},{"Postcode":"4211","Name":"J Chen","Address":"Un 14 2 Pappas Way Carrara QLD 4211","Phone number":"(07) 5594 3359"},{"Postcode":"4211","Name":"Jack Chen","Address":"Un 88 136 Palm Meadows Drv Carrara QLD 4211","Phone number":"(07) 5594 3289"},{"Postcode":"4211","Name":"L Chen","Address":"Un 306 112 Palm Meadows Drv Carrara QLD 4211","Phone number":"(07) 5594 5409"},{"Postcode":"4211","Name":"S C Chen","Address":"14 Witt Ave Carrara QLD 4211","Phone number":"(07) 5594 4017"},{"Postcode":"4211","Name":"A & B Chen","Address":"4 Marriott Way Highland Park QLD 4211","Phone number":"(07) 5574 8689"},{"Postcode":"4211","Name":"C Chen","Address":"79 Pacific Pines Blv Pacific Pines QLD 4211","Phone number":"(07) 5665 9352"},{"Postcode":"4211","Name":"H Chen","Address":"Unit 26 14 Norris St Pacific Pines QLD 4211","Phone number":"(07) 5580 1380"},{"Postcode":"4211","Name":"J Chen","Address":"Un 14 2 Pappas Way Carrara QLD 4211","Phone number":"(07) 5594 3359"},{"Postcode":"4211","Name":"Jack Chen","Address":"Un 88 136 Palm Meadows Drv Carrara QLD 4211","Phone number":"(07) 5594 3289"},{"Postcode":"4211","Name":"L Chen","Address":"Un 306 112 Palm Meadows Drv Carrara QLD 4211","Phone number":"(07) 5594 5409"},{"Postcode":"4211","Name":"S C Chen","Address":"14 Witt Ave Carrara QLD 4211","Phone number":"(07) 5594 4017"},{"Postcode":"4217","Name":"H Chen","Address":"UN 3015 LV 1 21 Cypress Ave Surfers Paradise QLD 4217","Phone number":"(07) 5570 2738"},{"Postcode":"4217","Name":"P Chen","Address":"3018 Surfers Paradise Blv Surfers Paradise QLD 4217","Phone number":"(07) 5511 1396"},{"Postcode":"4217","Name":"S Chen","Address":"3 Sunrise Blv Surfers Paradise QLD 4217","Phone number":"(07) 5526 8660"},{"Postcode":"4217","Name":"S Chen","Address":"Un 2 3 Sunrise Blv Surfers Paradise QLD 4217","Phone number":"(07) 5504 7565"},{"Postcode":"4217","Name":"S Chen","Address":"1 3 Sunrise Bvd Surfers Paradise QLD 4217","Phone number":"(07) 5679 0839"},{"Postcode":"4217","Name":"Y Chen","Address":"6 Southern Cross Dr Surfers Paradise QLD 4217","Phone number":"(07) 5570 6345"},{"Postcode":"4217","Name":"Y Chen","Address":"49 Peninsular Drv Surfers Paradise QLD 4217","Phone number":"(07) 5538 7381"},{"Postcode":"4212","Name":"C Chen","Address":"5 Coomera Crt Helensvale QLD 4212","Phone number":"(07) 5573 1331"},{"Postcode":"4212","Name":"H P Chen","Address":"4 Clarence Drv Helensvale QLD 4212","Phone number":"(07) 5573 1478"},{"Postcode":"4212","Name":"J S Chen","Address":"1028 Rosebank Wy Hope Island QLD 4212","Phone number":"(04) 0220 0717"},{"Postcode":"4212","Name":"C Chen","Address":"5 Coomera Crt Helensvale QLD 4212","Phone number":"(07) 5573 1331"},{"Postcode":"4212","Name":"H P Chen","Address":"4 Clarence Drv Helensvale QLD 4212","Phone number":"(07) 5573 1478"},{"Postcode":"4212","Name":"J S Chen","Address":"1028 Rosebank Wy Hope Island QLD 4212","Phone number":"(04) 0220 0717"},{"Postcode":"4211","Name":"A & B Chen","Address":"4 Marriott Way Highland Park QLD 4211","Phone number":"(07) 5574 8689"},{"Postcode":"4211","Name":"C Chen","Address":"79 Pacific Pines Blv Pacific Pines QLD 4211","Phone number":"(07) 5665 9352"},{"Postcode":"4211","Name":"H Chen","Address":"Unit 26 14 Norris St Pacific Pines QLD 4211","Phone number":"(07) 5580 1380"},{"Postcode":"4211","Name":"J Chen","Address":"Un 14 2 Pappas Way Carrara QLD 4211","Phone number":"(07) 5594 3359"},{"Postcode":"4211","Name":"Jack Chen","Address":"Un 88 136 Palm Meadows Drv Carrara QLD 4211","Phone number":"(07) 5594 3289"},{"Postcode":"4211","Name":"L Chen","Address":"Un 306 112 Palm Meadows Drv Carrara QLD 4211","Phone number":"(07) 5594 5409"},{"Postcode":"4211","Name":"S C Chen","Address":"14 Witt Ave Carrara QLD 4211","Phone number":"(07) 5594 4017"},{"Postcode":"4216","Name":"D Chen","Address":"45 East Quay Drv Biggera Waters QLD 4216","Phone number":"(07) 5529 1187"},{"Postcode":"4212","Name":"C Chen","Address":"5 Coomera Crt Helensvale QLD 4212","Phone number":"(07) 5573 1331"},{"Postcode":"4212","Name":"H P Chen","Address":"4 Clarence Drv Helensvale QLD 4212","Phone number":"(07) 5573 1478"},{"Postcode":"4212","Name":"J S Chen","Address":"1028 Rosebank Wy Hope Island QLD 4212","Phone number":"(04) 0220 0717"},{"Postcode":"4217","Name":"H Chen","Address":"UN 3015 LV 1 21 Cypress Ave Surfers Paradise QLD 4217","Phone number":"(07) 5570 2738"},{"Postcode":"4217","Name":"P Chen","Address":"3018 Surfers Paradise Blv Surfers Paradise QLD 4217","Phone number":"(07) 5511 1396"},{"Postcode":"4217","Name":"S Chen","Address":"3 Sunrise Blv Surfers Paradise QLD 4217","Phone number":"(07) 5526 8660"},{"Postcode":"4217","Name":"S Chen","Address":"Un 2 3 Sunrise Blv Surfers Paradise QLD 4217","Phone number":"(07) 5504 7565"},{"Postcode":"4217","Name":"S Chen","Address":"1 3 Sunrise Bvd Surfers Paradise QLD 4217","Phone number":"(07) 5679 0839"},{"Postcode":"4217","Name":"Y Chen","Address":"6 Southern Cross Dr Surfers Paradise QLD 4217","Phone number":"(07) 5570 6345"},{"Postcode":"4217","Name":"Y Chen","Address":"49 Peninsular Drv Surfers Paradise QLD 4217","Phone number":"(07) 5538 7381"},{"Postcode":"4215","Name":"C Chen","Address":"1 Como Crs Southport QLD 4215","Phone number":"(07) 5511 0588"},{"Postcode":"4215","Name":"J Chen","Address":"13 17 Brown St Labrador QLD 4215","Phone number":"(07) 5591 8086"},{"Postcode":"4215","Name":"Ms L Chen","Address":"1 Virginia Gr Southport QLD 4215","Phone number":"(07) 5531 0278"},{"Postcode":"4215","Name":"Ley Chen","Address":"154 Musgrave Ave Southport QLD 4215","Phone number":"(07) 5532 1156"},{"Postcode":"4215","Name":"S C Chen","Address":"100 Cotlew St East Southport QLD 4215","Phone number":"(07) 5574 0182"},{"Postcode":"4215","Name":"W Chen","Address":"2 Aqua St Southport QLD 4215","Phone number":"(07) 5591 6868"},{"Postcode":"4211","Name":"A & B Chen","Address":"4 Marriott Way Highland Park QLD 4211","Phone number":"(07) 5574 8689"},{"Postcode":"4211","Name":"C Chen","Address":"79 Pacific Pines Blv Pacific Pines QLD 4211","Phone number":"(07) 5665 9352"},{"Postcode":"4211","Name":"H Chen","Address":"Unit 26 14 Norris St Pacific Pines QLD 4211","Phone number":"(07) 5580 1380"},{"Postcode":"4211","Name":"J Chen","Address":"Un 14 2 Pappas Way Carrara QLD 4211","Phone number":"(07) 5594 3359"},{"Postcode":"4211","Name":"Jack Chen","Address":"Un 88 136 Palm Meadows Drv Carrara QLD 4211","Phone number":"(07) 5594 3289"},{"Postcode":"4211","Name":"L Chen","Address":"Un 306 112 Palm Meadows Drv Carrara QLD 4211","Phone number":"(07) 5594 5409"},{"Postcode":"4211","Name":"S C Chen","Address":"14 Witt Ave Carrara QLD 4211","Phone number":"(07) 5594 4017"},{"Postcode":"4217","Name":"H Chen","Address":"UN 3015 LV 1 21 Cypress Ave Surfers Paradise QLD 4217","Phone number":"(07) 5570 2738"},{"Postcode":"4217","Name":"P Chen","Address":"3018 Surfers Paradise Blv Surfers Paradise QLD 4217","Phone number":"(07) 5511 1396"},{"Postcode":"4217","Name":"S Chen","Address":"3 Sunrise Blv Surfers Paradise QLD 4217","Phone number":"(07) 5526 8660"},{"Postcode":"4217","Name":"S Chen","Address":"Un 2 3 Sunrise Blv Surfers Paradise QLD 4217","Phone number":"(07) 5504 7565"},{"Postcode":"4217","Name":"S Chen","Address":"1 3 Sunrise Bvd Surfers Paradise QLD 4217","Phone number":"(07) 5679 0839"},{"Postcode":"4217","Name":"Y Chen","Address":"6 Southern Cross Dr Surfers Paradise QLD 4217","Phone number":"(07) 5570 6345"},{"Postcode":"4217","Name":"Y Chen","Address":"49 Peninsular Drv Surfers Paradise QLD 4217","Phone number":"(07) 5538 7381"},{"Postcode":"4218","Name":"C H Chen","Address":"104 Sunshine Blv Mermaid Waters QLD 4218","Phone number":"(07) 5572 0693"},{"Postcode":"4218","Name":"L Chen","Address":"15 Villa Crt Broadbeach Waters QLD 4218","Phone number":"(07) 5538 8686"},{"Postcode":"4218","Name":"L Chen","Address":"39 Volante Crs Mermaid Waters QLD 4218","Phone number":"(07) 5554 5665"},{"Postcode":"4218","Name":"S Chen","Address":"7 Plumosa Crt Mermaid Waters QLD 4218","Phone number":"(07) 5575 3399"},{"Postcode":"4218","Name":"C H Chen","Address":"104 Sunshine Blv Mermaid Waters QLD 4218","Phone number":"(07) 5572 0693"},{"Postcode":"4218","Name":"L Chen","Address":"15 Villa Crt Broadbeach Waters QLD 4218","Phone number":"(07) 5538 8686"},{"Postcode":"4218","Name":"L Chen","Address":"39 Volante Crs Mermaid Waters QLD 4218","Phone number":"(07) 5554 5665"},{"Postcode":"4218","Name":"S Chen","Address":"7 Plumosa Crt Mermaid Waters QLD 4218","Phone number":"(07) 5575 3399"},{"Postcode":"4226","Name":"J Chen","Address":"25 Protea Crt Robina QLD 4226","Phone number":"(07) 5562 2605"},{"Postcode":"4226","Name":"T Chen","Address":"834 Legend Trail Robina QLD 4226","Phone number":"(07) 5525 3041"},{"Postcode":"4214","Name":"R Chen","Address":"12 Wardoo St Ashmore QLD 4214","Phone number":"(07) 5564 9865"},{"Postcode":"4214","Name":"W Chen","Address":"24 Jack Nicklaus Way Parkwood QLD 4214","Phone number":"(07) 5571 7369"},{"Postcode":"4211","Name":"A & B Chen","Address":"4 Marriott Way Highland Park QLD 4211","Phone number":"(07) 5574 8689"},{"Postcode":"4211","Name":"C Chen","Address":"79 Pacific Pines Blv Pacific Pines QLD 4211","Phone number":"(07) 5665 9352"},{"Postcode":"4211","Name":"H Chen","Address":"Unit 26 14 Norris St Pacific Pines QLD 4211","Phone number":"(07) 5580 1380"},{"Postcode":"4211","Name":"J Chen","Address":"Un 14 2 Pappas Way Carrara QLD 4211","Phone number":"(07) 5594 3359"},{"Postcode":"4211","Name":"Jack Chen","Address":"Un 88 136 Palm Meadows Drv Carrara QLD 4211","Phone number":"(07) 5594 3289"},{"Postcode":"4211","Name":"L Chen","Address":"Un 306 112 Palm Meadows Drv Carrara QLD 4211","Phone number":"(07) 5594 5409"},{"Postcode":"4211","Name":"S C Chen","Address":"14 Witt Ave Carrara QLD 4211","Phone number":"(07) 5594 4017"},{"Postcode":"4213","Name":"H Chen","Address":"Un 41 46 Clover Hill Drv Mudgeeraba QLD 4213","Phone number":"(07) 5522 7438"},{"Postcode":"4211","Name":"A & B Chen","Address":"4 Marriott Way Highland Park QLD 4211","Phone number":"(07) 5574 8689"},{"Postcode":"4211","Name":"C Chen","Address":"79 Pacific Pines Blv Pacific Pines QLD 4211","Phone number":"(07) 5665 9352"},{"Postcode":"4211","Name":"H Chen","Address":"Unit 26 14 Norris St Pacific Pines QLD 4211","Phone number":"(07) 5580 1380"},{"Postcode":"4211","Name":"J Chen","Address":"Un 14 2 Pappas Way Carrara QLD 4211","Phone number":"(07) 5594 3359"},{"Postcode":"4211","Name":"Jack Chen","Address":"Un 88 136 Palm Meadows Drv Carrara QLD 4211","Phone number":"(07) 5594 3289"},{"Postcode":"4211","Name":"L Chen","Address":"Un 306 112 Palm Meadows Drv Carrara QLD 4211","Phone number":"(07) 5594 5409"},{"Postcode":"4211","Name":"S C Chen","Address":"14 Witt Ave Carrara QLD 4211","Phone number":"(07) 5594 4017"},{"Postcode":"4211","Name":"A & B Chen","Address":"4 Marriott Way Highland Park QLD 4211","Phone number":"(07) 5574 8689"},{"Postcode":"4211","Name":"C Chen","Address":"79 Pacific Pines Blv Pacific Pines QLD 4211","Phone number":"(07) 5665 9352"},{"Postcode":"4211","Name":"H Chen","Address":"Unit 26 14 Norris St Pacific Pines QLD 4211","Phone number":"(07) 5580 1380"},{"Postcode":"4211","Name":"J Chen","Address":"Un 14 2 Pappas Way Carrara QLD 4211","Phone number":"(07) 5594 3359"},{"Postcode":"4211","Name":"Jack Chen","Address":"Un 88 136 Palm Meadows Drv Carrara QLD 4211","Phone number":"(07) 5594 3289"},{"Postcode":"4211","Name":"L Chen","Address":"Un 306 112 Palm Meadows Drv Carrara QLD 4211","Phone number":"(07) 5594 5409"},{"Postcode":"4211","Name":"S C Chen","Address":"14 Witt Ave Carrara QLD 4211","Phone number":"(07) 5594 4017"},{"Postcode":"4211","Name":"A & B Chen","Address":"4 Marriott Way Highland Park QLD 4211","Phone number":"(07) 5574 8689"},{"Postcode":"4211","Name":"C Chen","Address":"79 Pacific Pines Blv Pacific Pines QLD 4211","Phone number":"(07) 5665 9352"},{"Postcode":"4211","Name":"H Chen","Address":"Unit 26 14 Norris St Pacific Pines QLD 4211","Phone number":"(07) 5580 1380"},{"Postcode":"4211","Name":"J Chen","Address":"Un 14 2 Pappas Way Carrara QLD 4211","Phone number":"(07) 5594 3359"},{"Postcode":"4211","Name":"Jack Chen","Address":"Un 88 136 Palm Meadows Drv Carrara QLD 4211","Phone number":"(07) 5594 3289"},{"Postcode":"4211","Name":"L Chen","Address":"Un 306 112 Palm Meadows Drv Carrara QLD 4211","Phone number":"(07) 5594 5409"},{"Postcode":"4211","Name":"S C Chen","Address":"14 Witt Ave Carrara QLD 4211","Phone number":"(07) 5594 4017"},{"Postcode":"4211","Name":"A & B Chen","Address":"4 Marriott Way Highland Park QLD 4211","Phone number":"(07) 5574 8689"},{"Postcode":"4211","Name":"C Chen","Address":"79 Pacific Pines Blv Pacific Pines QLD 4211","Phone number":"(07) 5665 9352"},{"Postcode":"4211","Name":"H Chen","Address":"Unit 26 14 Norris St Pacific Pines QLD 4211","Phone number":"(07) 5580 1380"},{"Postcode":"4211","Name":"J Chen","Address":"Un 14 2 Pappas Way Carrara QLD 4211","Phone number":"(07) 5594 3359"},{"Postcode":"4211","Name":"Jack Chen","Address":"Un 88 136 Palm Meadows Drv Carrara QLD 4211","Phone number":"(07) 5594 3289"},{"Postcode":"4211","Name":"L Chen","Address":"Un 306 112 Palm Meadows Drv Carrara QLD 4211","Phone number":"(07) 5594 5409"},{"Postcode":"4211","Name":"S C Chen","Address":"14 Witt Ave Carrara QLD 4211","Phone number":"(07) 5594 4017"},{"Postcode":"4218","Name":"C H Chen","Address":"104 Sunshine Blv Mermaid Waters QLD 4218","Phone number":"(07) 5572 0693"},{"Postcode":"4218","Name":"L Chen","Address":"15 Villa Crt Broadbeach Waters QLD 4218","Phone number":"(07) 5538 8686"},{"Postcode":"4218","Name":"L Chen","Address":"39 Volante Crs Mermaid Waters QLD 4218","Phone number":"(07) 5554 5665"},{"Postcode":"4218","Name":"S Chen","Address":"7 Plumosa Crt Mermaid Waters QLD 4218","Phone number":"(07) 5575 3399"},{"Postcode":"4211","Name":"A & B Chen","Address":"4 Marriott Way Highland Park QLD 4211","Phone number":"(07) 5574 8689"},{"Postcode":"4211","Name":"C Chen","Address":"79 Pacific Pines Blv Pacific Pines QLD 4211","Phone number":"(07) 5665 9352"},{"Postcode":"4211","Name":"H Chen","Address":"Unit 26 14 Norris St Pacific Pines QLD 4211","Phone number":"(07) 5580 1380"},{"Postcode":"4211","Name":"J Chen","Address":"Un 14 2 Pappas Way Carrara QLD 4211","Phone number":"(07) 5594 3359"},{"Postcode":"4211","Name":"Jack Chen","Address":"Un 88 136 Palm Meadows Drv Carrara QLD 4211","Phone number":"(07) 5594 3289"},{"Postcode":"4211","Name":"L Chen","Address":"Un 306 112 Palm Meadows Drv Carrara QLD 4211","Phone number":"(07) 5594 5409"},{"Postcode":"4211","Name":"S C Chen","Address":"14 Witt Ave Carrara QLD 4211","Phone number":"(07) 5594 4017"},{"Postcode":"4211","Name":"A & B Chen","Address":"4 Marriott Way Highland Park QLD 4211","Phone number":"(07) 5574 8689"},{"Postcode":"4211","Name":"C Chen","Address":"79 Pacific Pines Blv Pacific Pines QLD 4211","Phone number":"(07) 5665 9352"},{"Postcode":"4211","Name":"H Chen","Address":"Unit 26 14 Norris St Pacific Pines QLD 4211","Phone number":"(07) 5580 1380"},{"Postcode":"4211","Name":"J Chen","Address":"Un 14 2 Pappas Way Carrara QLD 4211","Phone number":"(07) 5594 3359"},{"Postcode":"4211","Name":"Jack Chen","Address":"Un 88 136 Palm Meadows Drv Carrara QLD 4211","Phone number":"(07) 5594 3289"},{"Postcode":"4211","Name":"L Chen","Address":"Un 306 112 Palm Meadows Drv Carrara QLD 4211","Phone number":"(07) 5594 5409"},{"Postcode":"4211","Name":"S C Chen","Address":"14 Witt Ave Carrara QLD 4211","Phone number":"(07) 5594 4017"},{"Postcode":"4218","Name":"C H Chen","Address":"104 Sunshine Blv Mermaid Waters QLD 4218","Phone number":"(07) 5572 0693"},{"Postcode":"4218","Name":"L Chen","Address":"15 Villa Crt Broadbeach Waters QLD 4218","Phone number":"(07) 5538 8686"},{"Postcode":"4218","Name":"L Chen","Address":"39 Volante Crs Mermaid Waters QLD 4218","Phone number":"(07) 5554 5665"},{"Postcode":"4218","Name":"S Chen","Address":"7 Plumosa Crt Mermaid Waters QLD 4218","Phone number":"(07) 5575 3399"},{"Postcode":"4211","Name":"A & B Chen","Address":"4 Marriott Way Highland Park QLD 4211","Phone number":"(07) 5574 8689"},{"Postcode":"4211","Name":"C Chen","Address":"79 Pacific Pines Blv Pacific Pines QLD 4211","Phone number":"(07) 5665 9352"},{"Postcode":"4211","Name":"H Chen","Address":"Unit 26 14 Norris St Pacific Pines QLD 4211","Phone number":"(07) 5580 1380"},{"Postcode":"4211","Name":"J Chen","Address":"Un 14 2 Pappas Way Carrara QLD 4211","Phone number":"(07) 5594 3359"},{"Postcode":"4211","Name":"Jack Chen","Address":"Un 88 136 Palm Meadows Drv Carrara QLD 4211","Phone number":"(07) 5594 3289"},{"Postcode":"4211","Name":"L Chen","Address":"Un 306 112 Palm Meadows Drv Carrara QLD 4211","Phone number":"(07) 5594 5409"},{"Postcode":"4211","Name":"S C Chen","Address":"14 Witt Ave Carrara QLD 4211","Phone number":"(07) 5594 4017"},{"Postcode":"4216","Name":"D Chen","Address":"45 East Quay Drv Biggera Waters QLD 4216","Phone number":"(07) 5529 1187"},{"Postcode":"4214","Name":"R Chen","Address":"12 Wardoo St Ashmore QLD 4214","Phone number":"(07) 5564 9865"},{"Postcode":"4214","Name":"W Chen","Address":"24 Jack Nicklaus Way Parkwood QLD 4214","Phone number":"(07) 5571 7369"},{"Postcode":"4209","Name":"J Chen","Address":"9 Greenleaf St Upper Coomera QLD 4209","Phone number":"(07) 5529 9456"},{"Postcode":"4209","Name":"W K Chen","Address":"28 Rose Valley Drv Upper Coomera QLD 4209","Phone number":"(07) 5665 6828"},{"Postcode":"4218","Name":"C H Chen","Address":"104 Sunshine Blv Mermaid Waters QLD 4218","Phone number":"(07) 5572 0693"},{"Postcode":"4218","Name":"L Chen","Address":"15 Villa Crt Broadbeach Waters QLD 4218","Phone number":"(07) 5538 8686"},{"Postcode":"4218","Name":"L Chen","Address":"39 Volante Crs Mermaid Waters QLD 4218","Phone number":"(07) 5554 5665"},{"Postcode":"4218","Name":"S Chen","Address":"7 Plumosa Crt Mermaid Waters QLD 4218","Phone number":"(07) 5575 3399"},{"Postcode":"4227","Name":"N Chen","Address":"2 Geraldton Drv Varsity Lakes QLD 4227","Phone number":"(07) 5593 2332"},{"Postcode":"4227","Name":"W Chen","Address":"Un 2 16 Moyenne Crs Varsity Lakes QLD 4227","Phone number":"(07) 5535 6390"},{"Postcode":"4227","Name":"Y Chen","Address":"29 Notre Dame Crt Varsity Lakes QLD 4227","Phone number":"(07) 5535 1098"},{"Postcode":"4227","Name":"Y Chen","Address":"3 Main St Varsity Lakes QLD 4227","Phone number":"(07) 5562 2492"},{"Postcode":"4226","Name":"J Chen","Address":"25 Protea Crt Robina QLD 4226","Phone number":"(07) 5562 2605"},{"Postcode":"4226","Name":"T Chen","Address":"834 Legend Trail Robina QLD 4226","Phone number":"(07) 5525 3041"},{"Postcode":"4226","Name":"J Chen","Address":"25 Protea Crt Robina QLD 4226","Phone number":"(07) 5562 2605"},{"Postcode":"4226","Name":"T Chen","Address":"834 Legend Trail Robina QLD 4226","Phone number":"(07) 5525 3041"},{"Postcode":"4216","Name":"D Chen","Address":"45 East Quay Drv Biggera Waters QLD 4216","Phone number":"(07) 5529 1187"},{"Postcode":"4212","Name":"C Chen","Address":"5 Coomera Crt Helensvale QLD 4212","Phone number":"(07) 5573 1331"},{"Postcode":"4212","Name":"H P Chen","Address":"4 Clarence Drv Helensvale QLD 4212","Phone number":"(07) 5573 1478"},{"Postcode":"4212","Name":"J S Chen","Address":"1028 Rosebank Wy Hope Island QLD 4212","Phone number":"(04) 0220 0717"},{"Postcode":"4216","Name":"D Chen","Address":"45 East Quay Drv Biggera Waters QLD 4216","Phone number":"(07) 5529 1187"},{"Postcode":"4211","Name":"A & B Chen","Address":"4 Marriott Way Highland Park QLD 4211","Phone number":"(07) 5574 8689"},{"Postcode":"4211","Name":"C Chen","Address":"79 Pacific Pines Blv Pacific Pines QLD 4211","Phone number":"(07) 5665 9352"},{"Postcode":"4211","Name":"H Chen","Address":"Unit 26 14 Norris St Pacific Pines QLD 4211","Phone number":"(07) 5580 1380"},{"Postcode":"4211","Name":"J Chen","Address":"Un 14 2 Pappas Way Carrara QLD 4211","Phone number":"(07) 5594 3359"},{"Postcode":"4211","Name":"Jack Chen","Address":"Un 88 136 Palm Meadows Drv Carrara QLD 4211","Phone number":"(07) 5594 3289"},{"Postcode":"4211","Name":"L Chen","Address":"Un 306 112 Palm Meadows Drv Carrara QLD 4211","Phone number":"(07) 5594 5409"},{"Postcode":"4211","Name":"S C Chen","Address":"14 Witt Ave Carrara QLD 4211","Phone number":"(07) 5594 4017"},{"Postcode":"4215","Name":"C Chen","Address":"1 Como Crs Southport QLD 4215","Phone number":"(07) 5511 0588"},{"Postcode":"4215","Name":"J Chen","Address":"13 17 Brown St Labrador QLD 4215","Phone number":"(07) 5591 8086"},{"Postcode":"4215","Name":"Ms L Chen","Address":"1 Virginia Gr Southport QLD 4215","Phone number":"(07) 5531 0278"},{"Postcode":"4215","Name":"Ley Chen","Address":"154 Musgrave Ave Southport QLD 4215","Phone number":"(07) 5532 1156"},{"Postcode":"4215","Name":"S C Chen","Address":"100 Cotlew St East Southport QLD 4215","Phone number":"(07) 5574 0182"},{"Postcode":"4215","Name":"W Chen","Address":"2 Aqua St Southport QLD 4215","Phone number":"(07) 5591 6868"},{"Postcode":"4215","Name":"C Chen","Address":"1 Como Crs Southport QLD 4215","Phone number":"(07) 5511 0588"},{"Postcode":"4215","Name":"J Chen","Address":"13 17 Brown St Labrador QLD 4215","Phone number":"(07) 5591 8086"},{"Postcode":"4215","Name":"Ms L Chen","Address":"1 Virginia Gr Southport QLD 4215","Phone number":"(07) 5531 0278"},{"Postcode":"4215","Name":"Ley Chen","Address":"154 Musgrave Ave Southport QLD 4215","Phone number":"(07) 5532 1156"},{"Postcode":"4215","Name":"S C Chen","Address":"100 Cotlew St East Southport QLD 4215","Phone number":"(07) 5574 0182"},{"Postcode":"4215","Name":"W Chen","Address":"2 Aqua St Southport QLD 4215","Phone number":"(07) 5591 6868"},{"Postcode":"4215","Name":"C Chen","Address":"1 Como Crs Southport QLD 4215","Phone number":"(07) 5511 0588"},{"Postcode":"4215","Name":"J Chen","Address":"13 17 Brown St Labrador QLD 4215","Phone number":"(07) 5591 8086"},{"Postcode":"4215","Name":"Ms L Chen","Address":"1 Virginia Gr Southport QLD 4215","Phone number":"(07) 5531 0278"},{"Postcode":"4215","Name":"Ley Chen","Address":"154 Musgrave Ave Southport QLD 4215","Phone number":"(07) 5532 1156"},{"Postcode":"4215","Name":"S C Chen","Address":"100 Cotlew St East Southport QLD 4215","Phone number":"(07) 5574 0182"},{"Postcode":"4215","Name":"W Chen","Address":"2 Aqua St Southport QLD 4215","Phone number":"(07) 5591 6868"},{"Postcode":"4213","Name":"H Chen","Address":"Un 41 46 Clover Hill Drv Mudgeeraba QLD 4213","Phone number":"(07) 5522 7438"},{"Postcode":"4217","Name":"H Chen","Address":"UN 3015 LV 1 21 Cypress Ave Surfers Paradise QLD 4217","Phone number":"(07) 5570 2738"},{"Postcode":"4217","Name":"P Chen","Address":"3018 Surfers Paradise Blv Surfers Paradise QLD 4217","Phone number":"(07) 5511 1396"},{"Postcode":"4217","Name":"S Chen","Address":"3 Sunrise Blv Surfers Paradise QLD 4217","Phone number":"(07) 5526 8660"},{"Postcode":"4217","Name":"S Chen","Address":"Un 2 3 Sunrise Blv Surfers Paradise QLD 4217","Phone number":"(07) 5504 7565"},{"Postcode":"4217","Name":"S Chen","Address":"1 3 Sunrise Bvd Surfers Paradise QLD 4217","Phone number":"(07) 5679 0839"},{"Postcode":"4217","Name":"Y Chen","Address":"6 Southern Cross Dr Surfers Paradise QLD 4217","Phone number":"(07) 5570 6345"},{"Postcode":"4217","Name":"Y Chen","Address":"49 Peninsular Drv Surfers Paradise QLD 4217","Phone number":"(07) 5538 7381"},{"Postcode":"4213","Name":"H Chen","Address":"Un 41 46 Clover Hill Drv Mudgeeraba QLD 4213","Phone number":"(07) 5522 7438"},{"Postcode":"4209","Name":"J Chen","Address":"9 Greenleaf St Upper Coomera QLD 4209","Phone number":"(07) 5529 9456"},{"Postcode":"4209","Name":"W K Chen","Address":"28 Rose Valley Drv Upper Coomera QLD 4209","Phone number":"(07) 5665 6828"},{"Postcode":"4227","Name":"N Chen","Address":"2 Geraldton Drv Varsity Lakes QLD 4227","Phone number":"(07) 5593 2332"},{"Postcode":"4227","Name":"W Chen","Address":"Un 2 16 Moyenne Crs Varsity Lakes QLD 4227","Phone number":"(07) 5535 6390"},{"Postcode":"4227","Name":"Y Chen","Address":"29 Notre Dame Crt Varsity Lakes QLD 4227","Phone number":"(07) 5535 1098"},{"Postcode":"4227","Name":"Y Chen","Address":"3 Main St Varsity Lakes QLD 4227","Phone number":"(07) 5562 2492"},{"Postcode":"4209","Name":"J Chen","Address":"9 Greenleaf St Upper Coomera QLD 4209","Phone number":"(07) 5529 9456"},{"Postcode":"4209","Name":"W K Chen","Address":"28 Rose Valley Drv Upper Coomera QLD 4209","Phone number":"(07) 5665 6828"},{"Postcode":"4213","Name":"H Chen","Address":"Un 41 46 Clover Hill Drv Mudgeeraba QLD 4213","Phone number":"(07) 5522 7438"}]