[{"Postcode":"6038","Name":"M Brooks","Address":"11 Shipmaster Ave Alkimos WA 6038","Phone number":"(08) 9562 4823"},{"Postcode":"6167","Name":"A P Brooks","Address":"62 Hennessy Ave Orelia WA 6167","Phone number":"(04) 2919 3378"},{"Postcode":"6167","Name":"A P & B Brooks","Address":"62 Hennessy Ave Orelia WA 6167","Phone number":"(08) 9419 3378"},{"Postcode":"6167","Name":"J D Brooks","Address":"Un 4 1 Lacey Crt Parmelia WA 6167","Phone number":"(08) 9419 2309"},{"Postcode":"6153","Name":"A M & M M Brooks","Address":"67 Riseley St Ardross WA 6153","Phone number":"(08) 9364 2739"},{"Postcode":"6153","Name":"A M & M M Brooks","Address":"67 Riseley St Ardross WA 6153","Phone number":"(08) 9364 2739"},{"Postcode":"6112","Name":"P Brooks","Address":"20 Emperor Cl Seville Grove WA 6112","Phone number":"(08) 6196 0113"},{"Postcode":"6112","Name":"T Brooks","Address":"24 Harrison Rd Mt Richon WA 6112","Phone number":"(08) 9399 2713"},{"Postcode":"6104","Name":"L Brooks","Address":"U 1 72 Hardey Rd Belmont WA 6104","Phone number":"(08) 9478 3075"},{"Postcode":"6065","Name":"V J V Brooks","Address":"Rm 18b 33 Drovers Pl Wanneroo WA 6065","Phone number":"(08) 9300 0069"},{"Postcode":"6054","Name":"J Brooks","Address":"Un 18 2 James St Bassendean WA 6054","Phone number":"(08) 6278 3631"},{"Postcode":"6156","Name":"R Brooks","Address":"11 Hopgood St Melville WA 6156","Phone number":"(08) 9330 7101"},{"Postcode":"6156","Name":"Mr R Brooks","Address":"Unit 41 35 Winnacott St Willagee WA 6156","Phone number":"(08) 9331 7639"},{"Postcode":"6164","Name":"A Brooks","Address":"4 Kinglake Way Aubin Grove WA 6164","Phone number":"(08) 9498 6727"},{"Postcode":"6164","Name":"D Brooks","Address":"2 Astroloma Drv Success WA 6164","Phone number":"(08) 9498 7881"},{"Postcode":"6164","Name":"R Brooks","Address":"10 Tantabiddi Hts Yangebup WA 6164","Phone number":"(08) 6498 9509"},{"Postcode":"6164","Name":"A Brooks","Address":"4 Kinglake Way Aubin Grove WA 6164","Phone number":"(08) 9498 6727"},{"Postcode":"6164","Name":"D Brooks","Address":"2 Astroloma Drv Success WA 6164","Phone number":"(08) 9498 7881"},{"Postcode":"6164","Name":"R Brooks","Address":"10 Tantabiddi Hts Yangebup WA 6164","Phone number":"(08) 6498 9509"},{"Postcode":"6233","Name":"Mr J Brooks","Address":"12 Eckersley Way Australind WA 6233","Phone number":"(08) 9797 1717"},{"Postcode":"6021","Name":"Mr C Brooks","Address":"Un 3 274 Albert St Balcatta WA 6021","Phone number":"(08) 9349 2137"},{"Postcode":"6021","Name":"N Brooks","Address":"5 Bertal Way Balcatta WA 6021","Phone number":"(08) 9349 9051"},{"Postcode":"6171","Name":"J B Brooks","Address":"13 Tamworth Blv Baldivis WA 6171","Phone number":"(08) 9523 1193"},{"Postcode":"6164","Name":"A Brooks","Address":"4 Kinglake Way Aubin Grove WA 6164","Phone number":"(08) 9498 6727"},{"Postcode":"6164","Name":"D Brooks","Address":"2 Astroloma Drv Success WA 6164","Phone number":"(08) 9498 7881"},{"Postcode":"6164","Name":"R Brooks","Address":"10 Tantabiddi Hts Yangebup WA 6164","Phone number":"(08) 6498 9509"},{"Postcode":"6056","Name":"M Brooks","Address":"22A Ferguson St Midvale WA 6056","Phone number":"(08) 9374 0225"},{"Postcode":"6056","Name":"R Brooks","Address":"84 Bushby St Midvale WA 6056","Phone number":"(08) 9274 2786"},{"Postcode":"6056","Name":"R M Brooks","Address":"9 Kardier Mews Viveash WA 6056","Phone number":"(08) 9250 2863"},{"Postcode":"6054","Name":"J Brooks","Address":"Un 18 2 James St Bassendean WA 6054","Phone number":"(08) 6278 3631"},{"Postcode":"6107","Name":"D Brooks","Address":"4 Planet Ct Beckenham WA 6107","Phone number":"(08) 9258 3470"},{"Postcode":"6107","Name":"D Brooks","Address":"103 A Station St East Cannington WA 6107","Phone number":"(08) 9358 6592"},{"Postcode":"6052","Name":"C M Brooks","Address":"231 Seventh Ave Inglewood WA 6052","Phone number":"(08) 9271 2811"},{"Postcode":"6112","Name":"P Brooks","Address":"20 Emperor Cl Seville Grove WA 6112","Phone number":"(08) 6196 0113"},{"Postcode":"6112","Name":"T Brooks","Address":"24 Harrison Rd Mt Richon WA 6112","Phone number":"(08) 9399 2713"},{"Postcode":"6164","Name":"A Brooks","Address":"4 Kinglake Way Aubin Grove WA 6164","Phone number":"(08) 9498 6727"},{"Postcode":"6164","Name":"D Brooks","Address":"2 Astroloma Drv Success WA 6164","Phone number":"(08) 9498 7881"},{"Postcode":"6164","Name":"R Brooks","Address":"10 Tantabiddi Hts Yangebup WA 6164","Phone number":"(08) 6498 9509"},{"Postcode":"6027","Name":"F & M Brooks","Address":"1 Belmore Gdns Ocean Reef WA 6027","Phone number":"(08) 9300 6700"},{"Postcode":"6027","Name":"L Brooks","Address":"8 Telstar Pl Heathridge WA 6027","Phone number":"(08) 9307 9818"},{"Postcode":"6027","Name":"P C & M P Brooks","Address":"5 Pegasus Rse Ocean Reef WA 6027","Phone number":"(08) 9300 4534"},{"Postcode":"6069","Name":"P & V J Brooks","Address":"68 Vines Ave The Vines WA 6069","Phone number":"(08) 9297 3317"},{"Postcode":"6069","Name":"W Brooks","Address":"209 Cathedral Ave Brigadoon WA 6069","Phone number":"(08) 6296 9967"},{"Postcode":"6056","Name":"M Brooks","Address":"22A Ferguson St Midvale WA 6056","Phone number":"(08) 9374 0225"},{"Postcode":"6056","Name":"R Brooks","Address":"84 Bushby St Midvale WA 6056","Phone number":"(08) 9274 2786"},{"Postcode":"6056","Name":"R M Brooks","Address":"9 Kardier Mews Viveash WA 6056","Phone number":"(08) 9250 2863"},{"Postcode":"6104","Name":"L Brooks","Address":"U 1 72 Hardey Rd Belmont WA 6104","Phone number":"(08) 9478 3075"},{"Postcode":"6167","Name":"A P Brooks","Address":"62 Hennessy Ave Orelia WA 6167","Phone number":"(04) 2919 3378"},{"Postcode":"6167","Name":"A P & B Brooks","Address":"62 Hennessy Ave Orelia WA 6167","Phone number":"(08) 9419 3378"},{"Postcode":"6167","Name":"J D Brooks","Address":"Un 4 1 Lacey Crt Parmelia WA 6167","Phone number":"(08) 9419 2309"},{"Postcode":"6163","Name":"C R Brooks","Address":"53 Marshall Way St Samson WA 6163","Phone number":"(08) 9331 1781"},{"Postcode":"6163","Name":"D M Brooks","Address":"92B Doolette St Spearwood WA 6163","Phone number":"(08) 9494 1473"},{"Postcode":"6163","Name":"L & W Brooks-Benden","Address":"U15/ 84 Collick St Hilton WA 6163","Phone number":"(08) 9467 1940"},{"Postcode":"6233","Name":"Mr J Brooks","Address":"12 Eckersley Way Australind WA 6233","Phone number":"(08) 9797 1717"},{"Postcode":"6208","Name":"M B Brooks","Address":"36 Barron Turn South Yunderup WA 6208","Phone number":"(08) 9537 8916"},{"Postcode":"6056","Name":"M Brooks","Address":"22A Ferguson St Midvale WA 6056","Phone number":"(08) 9374 0225"},{"Postcode":"6056","Name":"R Brooks","Address":"84 Bushby St Midvale WA 6056","Phone number":"(08) 9274 2786"},{"Postcode":"6056","Name":"R M Brooks","Address":"9 Kardier Mews Viveash WA 6056","Phone number":"(08) 9250 2863"},{"Postcode":"6153","Name":"A M & M M Brooks","Address":"67 Riseley St Ardross WA 6153","Phone number":"(08) 9364 2739"},{"Postcode":"6069","Name":"P & V J Brooks","Address":"68 Vines Ave The Vines WA 6069","Phone number":"(08) 9297 3317"},{"Postcode":"6069","Name":"W Brooks","Address":"209 Cathedral Ave Brigadoon WA 6069","Phone number":"(08) 6296 9967"},{"Postcode":"6009","Name":"A Brooks","Address":"13 Bedford St Nedlands WA 6009","Phone number":"(08) 6389 0651"},{"Postcode":"6112","Name":"P Brooks","Address":"20 Emperor Cl Seville Grove WA 6112","Phone number":"(08) 6196 0113"},{"Postcode":"6112","Name":"T Brooks","Address":"24 Harrison Rd Mt Richon WA 6112","Phone number":"(08) 9399 2713"},{"Postcode":"6149","Name":"B E Brooks","Address":"18 Ela St Leeming WA 6149","Phone number":"(08) 9312 2559"},{"Postcode":"6149","Name":"M & J Brooks","Address":"19 Debries Pl Bull Creek WA 6149","Phone number":"(08) 9332 5795"},{"Postcode":"6084","Name":"B Brooks","Address":"70 Hart Dr Chittering WA 6084","Phone number":"(08) 9576 0193"},{"Postcode":"6230","Name":"M J & J T Brooks","Address":"4 Blythe St East Bunbury WA 6230","Phone number":"(08) 9792 5858"},{"Postcode":"6230","Name":"S Brooks","Address":"63 Sandridge Rd Bunbury WA 6231","Phone number":"(04) 2747 3027"},{"Postcode":"6230","Name":"S Brooks","Address":"134 Norton Prm Dalyellup WA 6230","Phone number":"(08) 9795 4535"},{"Postcode":"6230","Name":"S Brooks","Address":"134 Norton Prom Dalyellup WA 6230","Phone number":"(04) 2747 3025"},{"Postcode":"6028","Name":"J Brooks","Address":"1 Lopez Way Iluka WA 6028","Phone number":"(08) 9304 1250"},{"Postcode":"6036","Name":"M Brooks","Address":"29 Ardara Bnd Butler WA 6036","Phone number":"(08) 9562 0097"},{"Postcode":"6167","Name":"A P Brooks","Address":"62 Hennessy Ave Orelia WA 6167","Phone number":"(04) 2919 3378"},{"Postcode":"6167","Name":"A P & B Brooks","Address":"62 Hennessy Ave Orelia WA 6167","Phone number":"(08) 9419 3378"},{"Postcode":"6167","Name":"J D Brooks","Address":"Un 4 1 Lacey Crt Parmelia WA 6167","Phone number":"(08) 9419 2309"},{"Postcode":"6153","Name":"A M & M M Brooks","Address":"67 Riseley St Ardross WA 6153","Phone number":"(08) 9364 2739"},{"Postcode":"6111","Name":"S Brooks","Address":"516 Brookton Hwy Roleystone WA 6111","Phone number":"(08) 9397 9729"},{"Postcode":"6107","Name":"D Brooks","Address":"4 Planet Ct Beckenham WA 6107","Phone number":"(08) 9258 3470"},{"Postcode":"6107","Name":"D Brooks","Address":"103 A Station St East Cannington WA 6107","Phone number":"(08) 9358 6592"},{"Postcode":"6230","Name":"M J & J T Brooks","Address":"4 Blythe St East Bunbury WA 6230","Phone number":"(08) 9792 5858"},{"Postcode":"6230","Name":"S Brooks","Address":"63 Sandridge Rd Bunbury WA 6231","Phone number":"(04) 2747 3027"},{"Postcode":"6230","Name":"S Brooks","Address":"134 Norton Prm Dalyellup WA 6230","Phone number":"(08) 9795 4535"},{"Postcode":"6230","Name":"S Brooks","Address":"134 Norton Prom Dalyellup WA 6230","Phone number":"(04) 2747 3025"},{"Postcode":"6020","Name":"Mr S Brooks","Address":"15 Etwall Pl Carine WA 6020","Phone number":"(08) 9203 6609"},{"Postcode":"6167","Name":"A P Brooks","Address":"62 Hennessy Ave Orelia WA 6167","Phone number":"(04) 2919 3378"},{"Postcode":"6167","Name":"A P & B Brooks","Address":"62 Hennessy Ave Orelia WA 6167","Phone number":"(08) 9419 3378"},{"Postcode":"6167","Name":"J D Brooks","Address":"Un 4 1 Lacey Crt Parmelia WA 6167","Phone number":"(08) 9419 2309"},{"Postcode":"6055","Name":"F Brooks","Address":"4 Rosenburg Gardns Dayton WA 6055","Phone number":"(08) 9274 0656"},{"Postcode":"6055","Name":"W Brooks","Address":"18 Station St Guildford WA 6055","Phone number":"(08) 9279 7785"},{"Postcode":"6111","Name":"S Brooks","Address":"516 Brookton Hwy Roleystone WA 6111","Phone number":"(08) 9397 9729"},{"Postcode":"6084","Name":"B Brooks","Address":"70 Hart Dr Chittering WA 6084","Phone number":"(08) 9576 0193"},{"Postcode":"6018","Name":"G D & C D Brooks","Address":"11 Lynton St Doubleview WA 6018","Phone number":"(08) 9445 9306"},{"Postcode":"6018","Name":"T Brooks","Address":"152 Ravenscar St Doubleview WA 6018","Phone number":"(08) 9445 8446"},{"Postcode":"6230","Name":"M J & J T Brooks","Address":"4 Blythe St East Bunbury WA 6230","Phone number":"(08) 9792 5858"},{"Postcode":"6230","Name":"S Brooks","Address":"63 Sandridge Rd Bunbury WA 6231","Phone number":"(04) 2747 3027"},{"Postcode":"6230","Name":"S Brooks","Address":"134 Norton Prm Dalyellup WA 6230","Phone number":"(08) 9795 4535"},{"Postcode":"6230","Name":"S Brooks","Address":"134 Norton Prom Dalyellup WA 6230","Phone number":"(04) 2747 3025"},{"Postcode":"6027","Name":"F & M Brooks","Address":"1 Belmore Gdns Ocean Reef WA 6027","Phone number":"(08) 9300 6700"},{"Postcode":"6027","Name":"L Brooks","Address":"8 Telstar Pl Heathridge WA 6027","Phone number":"(08) 9307 9818"},{"Postcode":"6027","Name":"P C & M P Brooks","Address":"5 Pegasus Rse Ocean Reef WA 6027","Phone number":"(08) 9300 4534"},{"Postcode":"6166","Name":"D & G Brooks","Address":"11 Buchanan Rise Coogee WA 6166","Phone number":"(08) 9434 2274"},{"Postcode":"6163","Name":"C R Brooks","Address":"53 Marshall Way St Samson WA 6163","Phone number":"(08) 9331 1781"},{"Postcode":"6163","Name":"D M Brooks","Address":"92B Doolette St Spearwood WA 6163","Phone number":"(08) 9494 1473"},{"Postcode":"6163","Name":"L & W Brooks-Benden","Address":"U15/ 84 Collick St Hilton WA 6163","Phone number":"(08) 9467 1940"},{"Postcode":"6050","Name":"A Brooks","Address":"537 William St Mt Lawley WA 6050","Phone number":"(08) 6150 0763"},{"Postcode":"6050","Name":"R Brooks","Address":"76 Farnley St Mt Lawley WA 6050","Phone number":"(08) 9371 5472"},{"Postcode":"6168","Name":"C Brooks","Address":"15 Annean Loop Cooloongup WA 6168","Phone number":"(08) 9527 4860"},{"Postcode":"6009","Name":"A Brooks","Address":"13 Bedford St Nedlands WA 6009","Phone number":"(08) 6389 0651"},{"Postcode":"6028","Name":"J Brooks","Address":"1 Lopez Way Iluka WA 6028","Phone number":"(08) 9304 1250"},{"Postcode":"6009","Name":"A Brooks","Address":"13 Bedford St Nedlands WA 6009","Phone number":"(08) 6389 0651"},{"Postcode":"6230","Name":"M J & J T Brooks","Address":"4 Blythe St East Bunbury WA 6230","Phone number":"(08) 9792 5858"},{"Postcode":"6230","Name":"S Brooks","Address":"63 Sandridge Rd Bunbury WA 6231","Phone number":"(04) 2747 3027"},{"Postcode":"6230","Name":"S Brooks","Address":"134 Norton Prm Dalyellup WA 6230","Phone number":"(08) 9795 4535"},{"Postcode":"6230","Name":"S Brooks","Address":"134 Norton Prom Dalyellup WA 6230","Phone number":"(04) 2747 3025"},{"Postcode":"6065","Name":"V J V Brooks","Address":"Rm 18b 33 Drovers Pl Wanneroo WA 6065","Phone number":"(08) 9300 0069"},{"Postcode":"6230","Name":"M J & J T Brooks","Address":"4 Blythe St East Bunbury WA 6230","Phone number":"(08) 9792 5858"},{"Postcode":"6230","Name":"S Brooks","Address":"63 Sandridge Rd Bunbury WA 6231","Phone number":"(04) 2747 3027"},{"Postcode":"6230","Name":"S Brooks","Address":"134 Norton Prm Dalyellup WA 6230","Phone number":"(08) 9795 4535"},{"Postcode":"6230","Name":"S Brooks","Address":"134 Norton Prom Dalyellup WA 6230","Phone number":"(04) 2747 3025"},{"Postcode":"6059","Name":"D B Brooks","Address":"15 Rutherford Rd Dianella WA 6059","Phone number":"(08) 9275 5269"},{"Postcode":"6018","Name":"G D & C D Brooks","Address":"11 Lynton St Doubleview WA 6018","Phone number":"(08) 9445 9306"},{"Postcode":"6018","Name":"T Brooks","Address":"152 Ravenscar St Doubleview WA 6018","Phone number":"(08) 9445 8446"},{"Postcode":"6230","Name":"M J & J T Brooks","Address":"4 Blythe St East Bunbury WA 6230","Phone number":"(08) 9792 5858"},{"Postcode":"6230","Name":"S Brooks","Address":"63 Sandridge Rd Bunbury WA 6231","Phone number":"(04) 2747 3027"},{"Postcode":"6230","Name":"S Brooks","Address":"134 Norton Prm Dalyellup WA 6230","Phone number":"(08) 9795 4535"},{"Postcode":"6230","Name":"S Brooks","Address":"134 Norton Prom Dalyellup WA 6230","Phone number":"(04) 2747 3025"},{"Postcode":"6004","Name":"J Brooks","Address":"20 47 Forrest Av East Perth WA 6004","Phone number":"(08) 6153 1908"},{"Postcode":"6168","Name":"C Brooks","Address":"15 Annean Loop Cooloongup WA 6168","Phone number":"(08) 9527 4860"},{"Postcode":"6232","Name":"Ms S K Brooks","Address":"7 Falabella Cres Eaton WA 6232","Phone number":"(08) 9725 1162"},{"Postcode":"6054","Name":"J Brooks","Address":"Un 18 2 James St Bassendean WA 6054","Phone number":"(08) 6278 3631"},{"Postcode":"6027","Name":"F & M Brooks","Address":"1 Belmore Gdns Ocean Reef WA 6027","Phone number":"(08) 9300 6700"},{"Postcode":"6027","Name":"L Brooks","Address":"8 Telstar Pl Heathridge WA 6027","Phone number":"(08) 9307 9818"},{"Postcode":"6027","Name":"P C & M P Brooks","Address":"5 Pegasus Rse Ocean Reef WA 6027","Phone number":"(08) 9300 4534"},{"Postcode":"6069","Name":"P & V J Brooks","Address":"68 Vines Ave The Vines WA 6069","Phone number":"(08) 9297 3317"},{"Postcode":"6069","Name":"W Brooks","Address":"209 Cathedral Ave Brigadoon WA 6069","Phone number":"(08) 6296 9967"},{"Postcode":"6069","Name":"P & V J Brooks","Address":"68 Vines Ave The Vines WA 6069","Phone number":"(08) 9297 3317"},{"Postcode":"6069","Name":"W Brooks","Address":"209 Cathedral Ave Brigadoon WA 6069","Phone number":"(08) 6296 9967"},{"Postcode":"6208","Name":"M B Brooks","Address":"36 Barron Turn South Yunderup WA 6208","Phone number":"(08) 9537 8916"},{"Postcode":"6148","Name":"Mrs G W & T M Brooks","Address":"21 Nurdi Way Riverton WA 6148","Phone number":"(08) 9457 7897"},{"Postcode":"6112","Name":"P Brooks","Address":"20 Emperor Cl Seville Grove WA 6112","Phone number":"(08) 6196 0113"},{"Postcode":"6112","Name":"T Brooks","Address":"24 Harrison Rd Mt Richon WA 6112","Phone number":"(08) 9399 2713"},{"Postcode":"6058","Name":"T Brooks","Address":"22 Abercorn Rd Forrestfield WA 6058","Phone number":"(08) 9359 2822"},{"Postcode":"6058","Name":"T J Brooks","Address":"63 Cedar Way Forrestfield WA 6058","Phone number":"(04) 0021 3343"},{"Postcode":"6168","Name":"C Brooks","Address":"15 Annean Loop Cooloongup WA 6168","Phone number":"(08) 9527 4860"},{"Postcode":"6230","Name":"M J & J T Brooks","Address":"4 Blythe St East Bunbury WA 6230","Phone number":"(08) 9792 5858"},{"Postcode":"6230","Name":"S Brooks","Address":"63 Sandridge Rd Bunbury WA 6231","Phone number":"(04) 2747 3027"},{"Postcode":"6230","Name":"S Brooks","Address":"134 Norton Prm Dalyellup WA 6230","Phone number":"(08) 9795 4535"},{"Postcode":"6230","Name":"S Brooks","Address":"134 Norton Prom Dalyellup WA 6230","Phone number":"(04) 2747 3025"},{"Postcode":"6083","Name":"G Brooks","Address":"15 Brompton Hts Gidgegannup WA 6083","Phone number":"(08) 9574 6304"},{"Postcode":"6064","Name":"A M Brooks","Address":"10 Waddington Crs Koondoola WA 6064","Phone number":"(08) 9342 7083"},{"Postcode":"6064","Name":"Mr M Brooks.","Address":"14 Cocos Pl Marangaroo WA 6064","Phone number":"(08) 9343 2804"},{"Postcode":"6064","Name":"N B Brooks","Address":"6 Griffon Way Alexander Heights WA 6064","Phone number":"(08) 9342 1879"},{"Postcode":"6230","Name":"M J & J T Brooks","Address":"4 Blythe St East Bunbury WA 6230","Phone number":"(08) 9792 5858"},{"Postcode":"6230","Name":"S Brooks","Address":"63 Sandridge Rd Bunbury WA 6231","Phone number":"(04) 2747 3027"},{"Postcode":"6230","Name":"S Brooks","Address":"134 Norton Prm Dalyellup WA 6230","Phone number":"(08) 9795 4535"},{"Postcode":"6230","Name":"S Brooks","Address":"134 Norton Prom Dalyellup WA 6230","Phone number":"(04) 2747 3025"},{"Postcode":"6065","Name":"V J V Brooks","Address":"Rm 18b 33 Drovers Pl Wanneroo WA 6065","Phone number":"(08) 9300 0069"},{"Postcode":"6056","Name":"M Brooks","Address":"22A Ferguson St Midvale WA 6056","Phone number":"(08) 9374 0225"},{"Postcode":"6056","Name":"R Brooks","Address":"84 Bushby St Midvale WA 6056","Phone number":"(08) 9274 2786"},{"Postcode":"6056","Name":"R M Brooks","Address":"9 Kardier Mews Viveash WA 6056","Phone number":"(08) 9250 2863"},{"Postcode":"6024","Name":"K Brooks","Address":"24 Jeffers Way Greenwood WA 6024","Phone number":"(04) 0300 6451"},{"Postcode":"6055","Name":"F Brooks","Address":"4 Rosenburg Gardns Dayton WA 6055","Phone number":"(08) 9274 0656"},{"Postcode":"6055","Name":"W Brooks","Address":"18 Station St Guildford WA 6055","Phone number":"(08) 9279 7785"},{"Postcode":"6018","Name":"G D & C D Brooks","Address":"11 Lynton St Doubleview WA 6018","Phone number":"(08) 9445 9306"},{"Postcode":"6018","Name":"T Brooks","Address":"152 Ravenscar St Doubleview WA 6018","Phone number":"(08) 9445 8446"},{"Postcode":"6163","Name":"C R Brooks","Address":"53 Marshall Way St Samson WA 6163","Phone number":"(08) 9331 1781"},{"Postcode":"6163","Name":"D M Brooks","Address":"92B Doolette St Spearwood WA 6163","Phone number":"(08) 9494 1473"},{"Postcode":"6163","Name":"L & W Brooks-Benden","Address":"U15/ 84 Collick St Hilton WA 6163","Phone number":"(08) 9467 1940"},{"Postcode":"6164","Name":"A Brooks","Address":"4 Kinglake Way Aubin Grove WA 6164","Phone number":"(08) 9498 6727"},{"Postcode":"6164","Name":"D Brooks","Address":"2 Astroloma Drv Success WA 6164","Phone number":"(08) 9498 7881"},{"Postcode":"6164","Name":"R Brooks","Address":"10 Tantabiddi Hts Yangebup WA 6164","Phone number":"(08) 6498 9509"},{"Postcode":"6055","Name":"F Brooks","Address":"4 Rosenburg Gardns Dayton WA 6055","Phone number":"(08) 9274 0656"},{"Postcode":"6055","Name":"W Brooks","Address":"18 Station St Guildford WA 6055","Phone number":"(08) 9279 7785"},{"Postcode":"6027","Name":"F & M Brooks","Address":"1 Belmore Gdns Ocean Reef WA 6027","Phone number":"(08) 9300 6700"},{"Postcode":"6027","Name":"L Brooks","Address":"8 Telstar Pl Heathridge WA 6027","Phone number":"(08) 9307 9818"},{"Postcode":"6027","Name":"P C & M P Brooks","Address":"5 Pegasus Rse Ocean Reef WA 6027","Phone number":"(08) 9300 4534"},{"Postcode":"6056","Name":"M Brooks","Address":"22A Ferguson St Midvale WA 6056","Phone number":"(08) 9374 0225"},{"Postcode":"6056","Name":"R Brooks","Address":"84 Bushby St Midvale WA 6056","Phone number":"(08) 9274 2786"},{"Postcode":"6056","Name":"R M Brooks","Address":"9 Kardier Mews Viveash WA 6056","Phone number":"(08) 9250 2863"},{"Postcode":"6166","Name":"D & G Brooks","Address":"11 Buchanan Rise Coogee WA 6166","Phone number":"(08) 9434 2274"},{"Postcode":"6055","Name":"F Brooks","Address":"4 Rosenburg Gardns Dayton WA 6055","Phone number":"(08) 9274 0656"},{"Postcode":"6055","Name":"W Brooks","Address":"18 Station St Guildford WA 6055","Phone number":"(08) 9279 7785"},{"Postcode":"6056","Name":"M Brooks","Address":"22A Ferguson St Midvale WA 6056","Phone number":"(08) 9374 0225"},{"Postcode":"6056","Name":"R Brooks","Address":"84 Bushby St Midvale WA 6056","Phone number":"(08) 9274 2786"},{"Postcode":"6056","Name":"R M Brooks","Address":"9 Kardier Mews Viveash WA 6056","Phone number":"(08) 9250 2863"},{"Postcode":"6057","Name":"Kim Brooks","Address":"10 Kookaburra Crs High Wycombe WA 6057","Phone number":"(08) 9454 3445"},{"Postcode":"6057","Name":"P Brooks","Address":"597 Kalamunda Rd High Wycombe WA 6057","Phone number":"(08) 9454 5194"},{"Postcode":"6168","Name":"C Brooks","Address":"15 Annean Loop Cooloongup WA 6168","Phone number":"(08) 9527 4860"},{"Postcode":"6163","Name":"C R Brooks","Address":"53 Marshall Way St Samson WA 6163","Phone number":"(08) 9331 1781"},{"Postcode":"6163","Name":"D M Brooks","Address":"92B Doolette St Spearwood WA 6163","Phone number":"(08) 9494 1473"},{"Postcode":"6163","Name":"L & W Brooks-Benden","Address":"U15/ 84 Collick St Hilton WA 6163","Phone number":"(08) 9467 1940"},{"Postcode":"6065","Name":"V J V Brooks","Address":"Rm 18b 33 Drovers Pl Wanneroo WA 6065","Phone number":"(08) 9300 0069"},{"Postcode":"6028","Name":"J Brooks","Address":"1 Lopez Way Iluka WA 6028","Phone number":"(08) 9304 1250"},{"Postcode":"6052","Name":"C M Brooks","Address":"231 Seventh Ave Inglewood WA 6052","Phone number":"(08) 9271 2811"},{"Postcode":"6018","Name":"G D & C D Brooks","Address":"11 Lynton St Doubleview WA 6018","Phone number":"(08) 9445 9306"},{"Postcode":"6018","Name":"T Brooks","Address":"152 Ravenscar St Doubleview WA 6018","Phone number":"(08) 9445 8446"},{"Postcode":"6065","Name":"V J V Brooks","Address":"Rm 18b 33 Drovers Pl Wanneroo WA 6065","Phone number":"(08) 9300 0069"},{"Postcode":"6164","Name":"A Brooks","Address":"4 Kinglake Way Aubin Grove WA 6164","Phone number":"(08) 9498 6727"},{"Postcode":"6164","Name":"D Brooks","Address":"2 Astroloma Drv Success WA 6164","Phone number":"(08) 9498 7881"},{"Postcode":"6164","Name":"R Brooks","Address":"10 Tantabiddi Hts Yangebup WA 6164","Phone number":"(08) 6498 9509"},{"Postcode":"6056","Name":"M Brooks","Address":"22A Ferguson St Midvale WA 6056","Phone number":"(08) 9374 0225"},{"Postcode":"6056","Name":"R Brooks","Address":"84 Bushby St Midvale WA 6056","Phone number":"(08) 9274 2786"},{"Postcode":"6056","Name":"R M Brooks","Address":"9 Kardier Mews Viveash WA 6056","Phone number":"(08) 9250 2863"},{"Postcode":"6036","Name":"M Brooks","Address":"29 Ardara Bnd Butler WA 6036","Phone number":"(08) 9562 0097"},{"Postcode":"6027","Name":"F & M Brooks","Address":"1 Belmore Gdns Ocean Reef WA 6027","Phone number":"(08) 9300 6700"},{"Postcode":"6027","Name":"L Brooks","Address":"8 Telstar Pl Heathridge WA 6027","Phone number":"(08) 9307 9818"},{"Postcode":"6027","Name":"P C & M P Brooks","Address":"5 Pegasus Rse Ocean Reef WA 6027","Phone number":"(08) 9300 4534"},{"Postcode":"6163","Name":"C R Brooks","Address":"53 Marshall Way St Samson WA 6163","Phone number":"(08) 9331 1781"},{"Postcode":"6163","Name":"D M Brooks","Address":"92B Doolette St Spearwood WA 6163","Phone number":"(08) 9494 1473"},{"Postcode":"6163","Name":"L & W Brooks-Benden","Address":"U15/ 84 Collick St Hilton WA 6163","Phone number":"(08) 9467 1940"},{"Postcode":"6176","Name":"J Brooks","Address":"165 Stakehill Rd Karnup WA 6176","Phone number":"(08) 9591 8218"},{"Postcode":"6111","Name":"S Brooks","Address":"516 Brookton Hwy Roleystone WA 6111","Phone number":"(08) 9397 9729"},{"Postcode":"6018","Name":"G D & C D Brooks","Address":"11 Lynton St Doubleview WA 6018","Phone number":"(08) 9445 9306"},{"Postcode":"6018","Name":"T Brooks","Address":"152 Ravenscar St Doubleview WA 6018","Phone number":"(08) 9445 8446"},{"Postcode":"6111","Name":"S Brooks","Address":"516 Brookton Hwy Roleystone WA 6111","Phone number":"(08) 9397 9729"},{"Postcode":"6107","Name":"D Brooks","Address":"4 Planet Ct Beckenham WA 6107","Phone number":"(08) 9258 3470"},{"Postcode":"6107","Name":"D Brooks","Address":"103 A Station St East Cannington WA 6107","Phone number":"(08) 9358 6592"},{"Postcode":"6054","Name":"J Brooks","Address":"Un 18 2 James St Bassendean WA 6054","Phone number":"(08) 6278 3631"},{"Postcode":"6026","Name":"D K Brooks","Address":"7 Woodford Wells Way Kingsley WA 6026","Phone number":"(08) 9409 7667"},{"Postcode":"6065","Name":"V J V Brooks","Address":"Rm 18b 33 Drovers Pl Wanneroo WA 6065","Phone number":"(08) 9300 0069"},{"Postcode":"6028","Name":"J Brooks","Address":"1 Lopez Way Iluka WA 6028","Phone number":"(08) 9304 1250"},{"Postcode":"6064","Name":"A M Brooks","Address":"10 Waddington Crs Koondoola WA 6064","Phone number":"(08) 9342 7083"},{"Postcode":"6064","Name":"Mr M Brooks.","Address":"14 Cocos Pl Marangaroo WA 6064","Phone number":"(08) 9343 2804"},{"Postcode":"6064","Name":"N B Brooks","Address":"6 Griffon Way Alexander Heights WA 6064","Phone number":"(08) 9342 1879"},{"Postcode":"6056","Name":"M Brooks","Address":"22A Ferguson St Midvale WA 6056","Phone number":"(08) 9374 0225"},{"Postcode":"6056","Name":"R Brooks","Address":"84 Bushby St Midvale WA 6056","Phone number":"(08) 9274 2786"},{"Postcode":"6056","Name":"R M Brooks","Address":"9 Kardier Mews Viveash WA 6056","Phone number":"(08) 9250 2863"},{"Postcode":"6167","Name":"A P Brooks","Address":"62 Hennessy Ave Orelia WA 6167","Phone number":"(04) 2919 3378"},{"Postcode":"6167","Name":"A P & B Brooks","Address":"62 Hennessy Ave Orelia WA 6167","Phone number":"(08) 9419 3378"},{"Postcode":"6167","Name":"J D Brooks","Address":"Un 4 1 Lacey Crt Parmelia WA 6167","Phone number":"(08) 9419 2309"},{"Postcode":"6167","Name":"A P Brooks","Address":"62 Hennessy Ave Orelia WA 6167","Phone number":"(04) 2919 3378"},{"Postcode":"6167","Name":"A P & B Brooks","Address":"62 Hennessy Ave Orelia WA 6167","Phone number":"(08) 9419 3378"},{"Postcode":"6167","Name":"J D Brooks","Address":"Un 4 1 Lacey Crt Parmelia WA 6167","Phone number":"(08) 9419 2309"},{"Postcode":"6065","Name":"V J V Brooks","Address":"Rm 18b 33 Drovers Pl Wanneroo WA 6065","Phone number":"(08) 9300 0069"},{"Postcode":"6149","Name":"B E Brooks","Address":"18 Ela St Leeming WA 6149","Phone number":"(08) 9312 2559"},{"Postcode":"6149","Name":"M & J Brooks","Address":"19 Debries Pl Bull Creek WA 6149","Phone number":"(08) 9332 5795"},{"Postcode":"6233","Name":"Mr J Brooks","Address":"12 Eckersley Way Australind WA 6233","Phone number":"(08) 9797 1717"},{"Postcode":"6065","Name":"V J V Brooks","Address":"Rm 18b 33 Drovers Pl Wanneroo WA 6065","Phone number":"(08) 9300 0069"},{"Postcode":"6054","Name":"J Brooks","Address":"Un 18 2 James St Bassendean WA 6054","Phone number":"(08) 6278 3631"},{"Postcode":"6084","Name":"B Brooks","Address":"70 Hart Dr Chittering WA 6084","Phone number":"(08) 9576 0193"},{"Postcode":"6065","Name":"V J V Brooks","Address":"Rm 18b 33 Drovers Pl Wanneroo WA 6065","Phone number":"(08) 9300 0069"},{"Postcode":"6057","Name":"Kim Brooks","Address":"10 Kookaburra Crs High Wycombe WA 6057","Phone number":"(08) 9454 3445"},{"Postcode":"6057","Name":"P Brooks","Address":"597 Kalamunda Rd High Wycombe WA 6057","Phone number":"(08) 9454 5194"},{"Postcode":"6167","Name":"A P Brooks","Address":"62 Hennessy Ave Orelia WA 6167","Phone number":"(04) 2919 3378"},{"Postcode":"6167","Name":"A P & B Brooks","Address":"62 Hennessy Ave Orelia WA 6167","Phone number":"(08) 9419 3378"},{"Postcode":"6167","Name":"J D Brooks","Address":"Un 4 1 Lacey Crt Parmelia WA 6167","Phone number":"(08) 9419 2309"},{"Postcode":"6064","Name":"A M Brooks","Address":"10 Waddington Crs Koondoola WA 6064","Phone number":"(08) 9342 7083"},{"Postcode":"6064","Name":"Mr M Brooks.","Address":"14 Cocos Pl Marangaroo WA 6064","Phone number":"(08) 9343 2804"},{"Postcode":"6064","Name":"N B Brooks","Address":"6 Griffon Way Alexander Heights WA 6064","Phone number":"(08) 9342 1879"},{"Postcode":"6065","Name":"V J V Brooks","Address":"Rm 18b 33 Drovers Pl Wanneroo WA 6065","Phone number":"(08) 9300 0069"},{"Postcode":"6020","Name":"Mr S Brooks","Address":"15 Etwall Pl Carine WA 6020","Phone number":"(08) 9203 6609"},{"Postcode":"6167","Name":"A P Brooks","Address":"62 Hennessy Ave Orelia WA 6167","Phone number":"(04) 2919 3378"},{"Postcode":"6167","Name":"A P & B Brooks","Address":"62 Hennessy Ave Orelia WA 6167","Phone number":"(08) 9419 3378"},{"Postcode":"6167","Name":"J D Brooks","Address":"Un 4 1 Lacey Crt Parmelia WA 6167","Phone number":"(08) 9419 2309"},{"Postcode":"6208","Name":"M B Brooks","Address":"36 Barron Turn South Yunderup WA 6208","Phone number":"(08) 9537 8916"},{"Postcode":"6065","Name":"V J V Brooks","Address":"Rm 18b 33 Drovers Pl Wanneroo WA 6065","Phone number":"(08) 9300 0069"},{"Postcode":"6156","Name":"R Brooks","Address":"11 Hopgood St Melville WA 6156","Phone number":"(08) 9330 7101"},{"Postcode":"6156","Name":"Mr R Brooks","Address":"Unit 41 35 Winnacott St Willagee WA 6156","Phone number":"(08) 9331 7639"},{"Postcode":"6050","Name":"A Brooks","Address":"537 William St Mt Lawley WA 6050","Phone number":"(08) 6150 0763"},{"Postcode":"6050","Name":"R Brooks","Address":"76 Farnley St Mt Lawley WA 6050","Phone number":"(08) 9371 5472"},{"Postcode":"6056","Name":"M Brooks","Address":"22A Ferguson St Midvale WA 6056","Phone number":"(08) 9374 0225"},{"Postcode":"6056","Name":"R Brooks","Address":"84 Bushby St Midvale WA 6056","Phone number":"(08) 9274 2786"},{"Postcode":"6056","Name":"R M Brooks","Address":"9 Kardier Mews Viveash WA 6056","Phone number":"(08) 9250 2863"},{"Postcode":"6056","Name":"M Brooks","Address":"22A Ferguson St Midvale WA 6056","Phone number":"(08) 9374 0225"},{"Postcode":"6056","Name":"R Brooks","Address":"84 Bushby St Midvale WA 6056","Phone number":"(08) 9274 2786"},{"Postcode":"6056","Name":"R M Brooks","Address":"9 Kardier Mews Viveash WA 6056","Phone number":"(08) 9250 2863"},{"Postcode":"6056","Name":"M Brooks","Address":"22A Ferguson St Midvale WA 6056","Phone number":"(08) 9374 0225"},{"Postcode":"6056","Name":"R Brooks","Address":"84 Bushby St Midvale WA 6056","Phone number":"(08) 9274 2786"},{"Postcode":"6056","Name":"R M Brooks","Address":"9 Kardier Mews Viveash WA 6056","Phone number":"(08) 9250 2863"},{"Postcode":"6232","Name":"Ms S K Brooks","Address":"7 Falabella Cres Eaton WA 6232","Phone number":"(08) 9725 1162"},{"Postcode":"6056","Name":"M Brooks","Address":"22A Ferguson St Midvale WA 6056","Phone number":"(08) 9374 0225"},{"Postcode":"6056","Name":"R Brooks","Address":"84 Bushby St Midvale WA 6056","Phone number":"(08) 9274 2786"},{"Postcode":"6056","Name":"R M Brooks","Address":"9 Kardier Mews Viveash WA 6056","Phone number":"(08) 9250 2863"},{"Postcode":"6083","Name":"G Brooks","Address":"15 Brompton Hts Gidgegannup WA 6083","Phone number":"(08) 9574 6304"},{"Postcode":"6082","Name":"J Brooks","Address":"10 Ealy St Mt Helena WA 6082","Phone number":"(08) 9572 5654"},{"Postcode":"6050","Name":"A Brooks","Address":"537 William St Mt Lawley WA 6050","Phone number":"(08) 6150 0763"},{"Postcode":"6050","Name":"R Brooks","Address":"76 Farnley St Mt Lawley WA 6050","Phone number":"(08) 9371 5472"},{"Postcode":"6112","Name":"P Brooks","Address":"20 Emperor Cl Seville Grove WA 6112","Phone number":"(08) 6196 0113"},{"Postcode":"6112","Name":"T Brooks","Address":"24 Harrison Rd Mt Richon WA 6112","Phone number":"(08) 9399 2713"},{"Postcode":"6153","Name":"A M & M M Brooks","Address":"67 Riseley St Ardross WA 6153","Phone number":"(08) 9364 2739"},{"Postcode":"6112","Name":"P Brooks","Address":"20 Emperor Cl Seville Grove WA 6112","Phone number":"(08) 6196 0113"},{"Postcode":"6112","Name":"T Brooks","Address":"24 Harrison Rd Mt Richon WA 6112","Phone number":"(08) 9399 2713"},{"Postcode":"6027","Name":"F & M Brooks","Address":"1 Belmore Gdns Ocean Reef WA 6027","Phone number":"(08) 9300 6700"},{"Postcode":"6027","Name":"L Brooks","Address":"8 Telstar Pl Heathridge WA 6027","Phone number":"(08) 9307 9818"},{"Postcode":"6027","Name":"P C & M P Brooks","Address":"5 Pegasus Rse Ocean Reef WA 6027","Phone number":"(08) 9300 4534"},{"Postcode":"6123","Name":"R Brooks","Address":"5 Buttress St Whitby WA 6123","Phone number":"(04) 0827 4961"},{"Postcode":"6166","Name":"D & G Brooks","Address":"11 Buchanan Rise Coogee WA 6166","Phone number":"(08) 9434 2274"},{"Postcode":"6207","Name":"W Brooks","Address":"121 St Blaise Gr North Dandalup WA 6207","Phone number":"(08) 9530 1774"},{"Postcode":"6207","Name":"W Brooks","Address":"121 St Blaise Gr North Dandalup WA 6207","Phone number":"(08) 9530 1774"},{"Postcode":"6009","Name":"A Brooks","Address":"13 Bedford St Nedlands WA 6009","Phone number":"(08) 6389 0651"},{"Postcode":"6208","Name":"M B Brooks","Address":"36 Barron Turn South Yunderup WA 6208","Phone number":"(08) 9537 8916"},{"Postcode":"6020","Name":"Mr S Brooks","Address":"15 Etwall Pl Carine WA 6020","Phone number":"(08) 9203 6609"},{"Postcode":"6207","Name":"W Brooks","Address":"121 St Blaise Gr North Dandalup WA 6207","Phone number":"(08) 9530 1774"},{"Postcode":"6163","Name":"C R Brooks","Address":"53 Marshall Way St Samson WA 6163","Phone number":"(08) 9331 1781"},{"Postcode":"6163","Name":"D M Brooks","Address":"92B Doolette St Spearwood WA 6163","Phone number":"(08) 9494 1473"},{"Postcode":"6163","Name":"L & W Brooks-Benden","Address":"U15/ 84 Collick St Hilton WA 6163","Phone number":"(08) 9467 1940"},{"Postcode":"6006","Name":"T H & B R Brooks","Address":"125 Chelmsford Rd North Perth WA 6006","Phone number":"(08) 9328 3853"},{"Postcode":"6208","Name":"M B Brooks","Address":"36 Barron Turn South Yunderup WA 6208","Phone number":"(08) 9537 8916"},{"Postcode":"6163","Name":"C R Brooks","Address":"53 Marshall Way St Samson WA 6163","Phone number":"(08) 9331 1781"},{"Postcode":"6163","Name":"D M Brooks","Address":"92B Doolette St Spearwood WA 6163","Phone number":"(08) 9494 1473"},{"Postcode":"6163","Name":"L & W Brooks-Benden","Address":"U15/ 84 Collick St Hilton WA 6163","Phone number":"(08) 9467 1940"},{"Postcode":"6208","Name":"M B Brooks","Address":"36 Barron Turn South Yunderup WA 6208","Phone number":"(08) 9537 8916"},{"Postcode":"6027","Name":"F & M Brooks","Address":"1 Belmore Gdns Ocean Reef WA 6027","Phone number":"(08) 9300 6700"},{"Postcode":"6027","Name":"L Brooks","Address":"8 Telstar Pl Heathridge WA 6027","Phone number":"(08) 9307 9818"},{"Postcode":"6027","Name":"P C & M P Brooks","Address":"5 Pegasus Rse Ocean Reef WA 6027","Phone number":"(08) 9300 4534"},{"Postcode":"6167","Name":"A P Brooks","Address":"62 Hennessy Ave Orelia WA 6167","Phone number":"(04) 2919 3378"},{"Postcode":"6167","Name":"A P & B Brooks","Address":"62 Hennessy Ave Orelia WA 6167","Phone number":"(08) 9419 3378"},{"Postcode":"6167","Name":"J D Brooks","Address":"Un 4 1 Lacey Crt Parmelia WA 6167","Phone number":"(08) 9419 2309"},{"Postcode":"6233","Name":"Mr J Brooks","Address":"12 Eckersley Way Australind WA 6233","Phone number":"(08) 9797 1717"},{"Postcode":"6167","Name":"A P Brooks","Address":"62 Hennessy Ave Orelia WA 6167","Phone number":"(04) 2919 3378"},{"Postcode":"6167","Name":"A P & B Brooks","Address":"62 Hennessy Ave Orelia WA 6167","Phone number":"(08) 9419 3378"},{"Postcode":"6167","Name":"J D Brooks","Address":"Un 4 1 Lacey Crt Parmelia WA 6167","Phone number":"(08) 9419 2309"},{"Postcode":"6065","Name":"V J V Brooks","Address":"Rm 18b 33 Drovers Pl Wanneroo WA 6065","Phone number":"(08) 9300 0069"},{"Postcode":"6230","Name":"M J & J T Brooks","Address":"4 Blythe St East Bunbury WA 6230","Phone number":"(08) 9792 5858"},{"Postcode":"6230","Name":"S Brooks","Address":"63 Sandridge Rd Bunbury WA 6231","Phone number":"(04) 2747 3027"},{"Postcode":"6230","Name":"S Brooks","Address":"134 Norton Prm Dalyellup WA 6230","Phone number":"(08) 9795 4535"},{"Postcode":"6230","Name":"S Brooks","Address":"134 Norton Prom Dalyellup WA 6230","Phone number":"(04) 2747 3025"},{"Postcode":"6168","Name":"C Brooks","Address":"15 Annean Loop Cooloongup WA 6168","Phone number":"(08) 9527 4860"},{"Postcode":"6065","Name":"V J V Brooks","Address":"Rm 18b 33 Drovers Pl Wanneroo WA 6065","Phone number":"(08) 9300 0069"},{"Postcode":"6208","Name":"M B Brooks","Address":"36 Barron Turn South Yunderup WA 6208","Phone number":"(08) 9537 8916"},{"Postcode":"6208","Name":"M B Brooks","Address":"36 Barron Turn South Yunderup WA 6208","Phone number":"(08) 9537 8916"},{"Postcode":"6172","Name":"C Brooks","Address":"5 St Cloud Way Port Kennedy WA 6172","Phone number":"(08) 9593 5887"},{"Postcode":"6167","Name":"A P Brooks","Address":"62 Hennessy Ave Orelia WA 6167","Phone number":"(04) 2919 3378"},{"Postcode":"6167","Name":"A P & B Brooks","Address":"62 Hennessy Ave Orelia WA 6167","Phone number":"(08) 9419 3378"},{"Postcode":"6167","Name":"J D Brooks","Address":"Un 4 1 Lacey Crt Parmelia WA 6167","Phone number":"(08) 9419 2309"},{"Postcode":"6107","Name":"D Brooks","Address":"4 Planet Ct Beckenham WA 6107","Phone number":"(08) 9258 3470"},{"Postcode":"6107","Name":"D Brooks","Address":"103 A Station St East Cannington WA 6107","Phone number":"(08) 9358 6592"},{"Postcode":"6208","Name":"M B Brooks","Address":"36 Barron Turn South Yunderup WA 6208","Phone number":"(08) 9537 8916"},{"Postcode":"6056","Name":"M Brooks","Address":"22A Ferguson St Midvale WA 6056","Phone number":"(08) 9374 0225"},{"Postcode":"6056","Name":"R Brooks","Address":"84 Bushby St Midvale WA 6056","Phone number":"(08) 9274 2786"},{"Postcode":"6056","Name":"R M Brooks","Address":"9 Kardier Mews Viveash WA 6056","Phone number":"(08) 9250 2863"},{"Postcode":"6104","Name":"L Brooks","Address":"U 1 72 Hardey Rd Belmont WA 6104","Phone number":"(08) 9478 3075"},{"Postcode":"6148","Name":"Mrs G W & T M Brooks","Address":"21 Nurdi Way Riverton WA 6148","Phone number":"(08) 9457 7897"},{"Postcode":"6168","Name":"C Brooks","Address":"15 Annean Loop Cooloongup WA 6168","Phone number":"(08) 9527 4860"},{"Postcode":"6111","Name":"S Brooks","Address":"516 Brookton Hwy Roleystone WA 6111","Phone number":"(08) 9397 9729"},{"Postcode":"6148","Name":"Mrs G W & T M Brooks","Address":"21 Nurdi Way Riverton WA 6148","Phone number":"(08) 9457 7897"},{"Postcode":"6169","Name":"C A Brooks","Address":"131 Gloucester Crs Shoalwater WA 6169","Phone number":"(04) 1314 1157"},{"Postcode":"6169","Name":"D Brooks","Address":"26 Arabella Mndr Warnbro WA 6169","Phone number":"(08) 9593 3748"},{"Postcode":"6169","Name":"Mr N Brooks","Address":"102 Port Royal Drv Safety Bay WA 6169","Phone number":"(08) 9592 6898"},{"Postcode":"6169","Name":"N Brooks","Address":"26 Bates Way Warnbro WA 6169","Phone number":"(08) 9593 1473"},{"Postcode":"6163","Name":"C R Brooks","Address":"53 Marshall Way St Samson WA 6163","Phone number":"(08) 9331 1781"},{"Postcode":"6163","Name":"D M Brooks","Address":"92B Doolette St Spearwood WA 6163","Phone number":"(08) 9494 1473"},{"Postcode":"6163","Name":"L & W Brooks-Benden","Address":"U15/ 84 Collick St Hilton WA 6163","Phone number":"(08) 9467 1940"},{"Postcode":"6019","Name":"A Brooks","Address":"188 A Gildercliffe St Scarborough WA 6019","Phone number":"(08) 9341 3539"},{"Postcode":"6019","Name":"P & L Brooks","Address":"16 Metz Way Wembley Downs WA 6019","Phone number":"(08) 9240 9980"},{"Postcode":"6112","Name":"P Brooks","Address":"20 Emperor Cl Seville Grove WA 6112","Phone number":"(08) 6196 0113"},{"Postcode":"6112","Name":"T Brooks","Address":"24 Harrison Rd Mt Richon WA 6112","Phone number":"(08) 9399 2713"},{"Postcode":"6148","Name":"Mrs G W & T M Brooks","Address":"21 Nurdi Way Riverton WA 6148","Phone number":"(08) 9457 7897"},{"Postcode":"6169","Name":"C A Brooks","Address":"131 Gloucester Crs Shoalwater WA 6169","Phone number":"(04) 1314 1157"},{"Postcode":"6169","Name":"D Brooks","Address":"26 Arabella Mndr Warnbro WA 6169","Phone number":"(08) 9593 3748"},{"Postcode":"6169","Name":"Mr N Brooks","Address":"102 Port Royal Drv Safety Bay WA 6169","Phone number":"(08) 9592 6898"},{"Postcode":"6169","Name":"N Brooks","Address":"26 Bates Way Warnbro WA 6169","Phone number":"(08) 9593 1473"},{"Postcode":"6065","Name":"V J V Brooks","Address":"Rm 18b 33 Drovers Pl Wanneroo WA 6065","Phone number":"(08) 9300 0069"},{"Postcode":"6207","Name":"W Brooks","Address":"121 St Blaise Gr North Dandalup WA 6207","Phone number":"(08) 9530 1774"},{"Postcode":"6020","Name":"Mr S Brooks","Address":"15 Etwall Pl Carine WA 6020","Phone number":"(08) 9203 6609"},{"Postcode":"6230","Name":"M J & J T Brooks","Address":"4 Blythe St East Bunbury WA 6230","Phone number":"(08) 9792 5858"},{"Postcode":"6230","Name":"S Brooks","Address":"63 Sandridge Rd Bunbury WA 6231","Phone number":"(04) 2747 3027"},{"Postcode":"6230","Name":"S Brooks","Address":"134 Norton Prm Dalyellup WA 6230","Phone number":"(08) 9795 4535"},{"Postcode":"6230","Name":"S Brooks","Address":"134 Norton Prom Dalyellup WA 6230","Phone number":"(04) 2747 3025"},{"Postcode":"6055","Name":"F Brooks","Address":"4 Rosenburg Gardns Dayton WA 6055","Phone number":"(08) 9274 0656"},{"Postcode":"6055","Name":"W Brooks","Address":"18 Station St Guildford WA 6055","Phone number":"(08) 9279 7785"},{"Postcode":"6164","Name":"A Brooks","Address":"4 Kinglake Way Aubin Grove WA 6164","Phone number":"(08) 9498 6727"},{"Postcode":"6164","Name":"D Brooks","Address":"2 Astroloma Drv Success WA 6164","Phone number":"(08) 9498 7881"},{"Postcode":"6164","Name":"R Brooks","Address":"10 Tantabiddi Hts Yangebup WA 6164","Phone number":"(08) 6498 9509"},{"Postcode":"6208","Name":"M B Brooks","Address":"36 Barron Turn South Yunderup WA 6208","Phone number":"(08) 9537 8916"},{"Postcode":"6163","Name":"C R Brooks","Address":"53 Marshall Way St Samson WA 6163","Phone number":"(08) 9331 1781"},{"Postcode":"6163","Name":"D M Brooks","Address":"92B Doolette St Spearwood WA 6163","Phone number":"(08) 9494 1473"},{"Postcode":"6163","Name":"L & W Brooks-Benden","Address":"U15/ 84 Collick St Hilton WA 6163","Phone number":"(08) 9467 1940"},{"Postcode":"6021","Name":"Mr C Brooks","Address":"Un 3 274 Albert St Balcatta WA 6021","Phone number":"(08) 9349 2137"},{"Postcode":"6021","Name":"N Brooks","Address":"5 Bertal Way Balcatta WA 6021","Phone number":"(08) 9349 9051"},{"Postcode":"6056","Name":"M Brooks","Address":"22A Ferguson St Midvale WA 6056","Phone number":"(08) 9374 0225"},{"Postcode":"6056","Name":"R Brooks","Address":"84 Bushby St Midvale WA 6056","Phone number":"(08) 9274 2786"},{"Postcode":"6056","Name":"R M Brooks","Address":"9 Kardier Mews Viveash WA 6056","Phone number":"(08) 9250 2863"},{"Postcode":"6164","Name":"A Brooks","Address":"4 Kinglake Way Aubin Grove WA 6164","Phone number":"(08) 9498 6727"},{"Postcode":"6164","Name":"D Brooks","Address":"2 Astroloma Drv Success WA 6164","Phone number":"(08) 9498 7881"},{"Postcode":"6164","Name":"R Brooks","Address":"10 Tantabiddi Hts Yangebup WA 6164","Phone number":"(08) 6498 9509"},{"Postcode":"6056","Name":"M Brooks","Address":"22A Ferguson St Midvale WA 6056","Phone number":"(08) 9374 0225"},{"Postcode":"6056","Name":"R Brooks","Address":"84 Bushby St Midvale WA 6056","Phone number":"(08) 9274 2786"},{"Postcode":"6056","Name":"R M Brooks","Address":"9 Kardier Mews Viveash WA 6056","Phone number":"(08) 9250 2863"},{"Postcode":"6065","Name":"V J V Brooks","Address":"Rm 18b 33 Drovers Pl Wanneroo WA 6065","Phone number":"(08) 9300 0069"},{"Postcode":"6167","Name":"A P Brooks","Address":"62 Hennessy Ave Orelia WA 6167","Phone number":"(04) 2919 3378"},{"Postcode":"6167","Name":"A P & B Brooks","Address":"62 Hennessy Ave Orelia WA 6167","Phone number":"(08) 9419 3378"},{"Postcode":"6167","Name":"J D Brooks","Address":"Un 4 1 Lacey Crt Parmelia WA 6167","Phone number":"(08) 9419 2309"},{"Postcode":"6069","Name":"P & V J Brooks","Address":"68 Vines Ave The Vines WA 6069","Phone number":"(08) 9297 3317"},{"Postcode":"6069","Name":"W Brooks","Address":"209 Cathedral Ave Brigadoon WA 6069","Phone number":"(08) 6296 9967"},{"Postcode":"6069","Name":"P & V J Brooks","Address":"68 Vines Ave The Vines WA 6069","Phone number":"(08) 9297 3317"},{"Postcode":"6069","Name":"W Brooks","Address":"209 Cathedral Ave Brigadoon WA 6069","Phone number":"(08) 6296 9967"},{"Postcode":"6230","Name":"M J & J T Brooks","Address":"4 Blythe St East Bunbury WA 6230","Phone number":"(08) 9792 5858"},{"Postcode":"6230","Name":"S Brooks","Address":"63 Sandridge Rd Bunbury WA 6231","Phone number":"(04) 2747 3027"},{"Postcode":"6230","Name":"S Brooks","Address":"134 Norton Prm Dalyellup WA 6230","Phone number":"(08) 9795 4535"},{"Postcode":"6230","Name":"S Brooks","Address":"134 Norton Prom Dalyellup WA 6230","Phone number":"(04) 2747 3025"},{"Postcode":"6230","Name":"M J & J T Brooks","Address":"4 Blythe St East Bunbury WA 6230","Phone number":"(08) 9792 5858"},{"Postcode":"6230","Name":"S Brooks","Address":"63 Sandridge Rd Bunbury WA 6231","Phone number":"(04) 2747 3027"},{"Postcode":"6230","Name":"S Brooks","Address":"134 Norton Prm Dalyellup WA 6230","Phone number":"(08) 9795 4535"},{"Postcode":"6230","Name":"S Brooks","Address":"134 Norton Prom Dalyellup WA 6230","Phone number":"(04) 2747 3025"},{"Postcode":"6056","Name":"M Brooks","Address":"22A Ferguson St Midvale WA 6056","Phone number":"(08) 9374 0225"},{"Postcode":"6056","Name":"R Brooks","Address":"84 Bushby St Midvale WA 6056","Phone number":"(08) 9274 2786"},{"Postcode":"6056","Name":"R M Brooks","Address":"9 Kardier Mews Viveash WA 6056","Phone number":"(08) 9250 2863"},{"Postcode":"6169","Name":"C A Brooks","Address":"131 Gloucester Crs Shoalwater WA 6169","Phone number":"(04) 1314 1157"},{"Postcode":"6169","Name":"D Brooks","Address":"26 Arabella Mndr Warnbro WA 6169","Phone number":"(08) 9593 3748"},{"Postcode":"6169","Name":"Mr N Brooks","Address":"102 Port Royal Drv Safety Bay WA 6169","Phone number":"(08) 9592 6898"},{"Postcode":"6169","Name":"N Brooks","Address":"26 Bates Way Warnbro WA 6169","Phone number":"(08) 9593 1473"},{"Postcode":"6167","Name":"A P Brooks","Address":"62 Hennessy Ave Orelia WA 6167","Phone number":"(04) 2919 3378"},{"Postcode":"6167","Name":"A P & B Brooks","Address":"62 Hennessy Ave Orelia WA 6167","Phone number":"(08) 9419 3378"},{"Postcode":"6167","Name":"J D Brooks","Address":"Un 4 1 Lacey Crt Parmelia WA 6167","Phone number":"(08) 9419 2309"},{"Postcode":"6065","Name":"V J V Brooks","Address":"Rm 18b 33 Drovers Pl Wanneroo WA 6065","Phone number":"(08) 9300 0069"},{"Postcode":"6065","Name":"V J V Brooks","Address":"Rm 18b 33 Drovers Pl Wanneroo WA 6065","Phone number":"(08) 9300 0069"},{"Postcode":"6169","Name":"C A Brooks","Address":"131 Gloucester Crs Shoalwater WA 6169","Phone number":"(04) 1314 1157"},{"Postcode":"6169","Name":"D Brooks","Address":"26 Arabella Mndr Warnbro WA 6169","Phone number":"(08) 9593 3748"},{"Postcode":"6169","Name":"Mr N Brooks","Address":"102 Port Royal Drv Safety Bay WA 6169","Phone number":"(08) 9592 6898"},{"Postcode":"6169","Name":"N Brooks","Address":"26 Bates Way Warnbro WA 6169","Phone number":"(08) 9593 1473"},{"Postcode":"6024","Name":"K Brooks","Address":"24 Jeffers Way Greenwood WA 6024","Phone number":"(04) 0300 6451"},{"Postcode":"6020","Name":"Mr S Brooks","Address":"15 Etwall Pl Carine WA 6020","Phone number":"(08) 9203 6609"},{"Postcode":"6107","Name":"D Brooks","Address":"4 Planet Ct Beckenham WA 6107","Phone number":"(08) 9258 3470"},{"Postcode":"6107","Name":"D Brooks","Address":"103 A Station St East Cannington WA 6107","Phone number":"(08) 9358 6592"},{"Postcode":"6166","Name":"D & G Brooks","Address":"11 Buchanan Rise Coogee WA 6166","Phone number":"(08) 9434 2274"},{"Postcode":"6233","Name":"Mr J Brooks","Address":"12 Eckersley Way Australind WA 6233","Phone number":"(08) 9797 1717"},{"Postcode":"6019","Name":"A Brooks","Address":"188 A Gildercliffe St Scarborough WA 6019","Phone number":"(08) 9341 3539"},{"Postcode":"6019","Name":"P & L Brooks","Address":"16 Metz Way Wembley Downs WA 6019","Phone number":"(08) 9240 9980"},{"Postcode":"6208","Name":"M B Brooks","Address":"36 Barron Turn South Yunderup WA 6208","Phone number":"(08) 9537 8916"},{"Postcode":"6055","Name":"F Brooks","Address":"4 Rosenburg Gardns Dayton WA 6055","Phone number":"(08) 9274 0656"},{"Postcode":"6055","Name":"W Brooks","Address":"18 Station St Guildford WA 6055","Phone number":"(08) 9279 7785"},{"Postcode":"6111","Name":"S Brooks","Address":"516 Brookton Hwy Roleystone WA 6111","Phone number":"(08) 9397 9729"},{"Postcode":"6123","Name":"R Brooks","Address":"5 Buttress St Whitby WA 6123","Phone number":"(04) 0827 4961"},{"Postcode":"6207","Name":"W Brooks","Address":"121 St Blaise Gr North Dandalup WA 6207","Phone number":"(08) 9530 1774"},{"Postcode":"6156","Name":"R Brooks","Address":"11 Hopgood St Melville WA 6156","Phone number":"(08) 9330 7101"},{"Postcode":"6156","Name":"Mr R Brooks","Address":"Unit 41 35 Winnacott St Willagee WA 6156","Phone number":"(08) 9331 7639"},{"Postcode":"6156","Name":"R Brooks","Address":"11 Hopgood St Melville WA 6156","Phone number":"(08) 9330 7101"},{"Postcode":"6156","Name":"Mr R Brooks","Address":"Unit 41 35 Winnacott St Willagee WA 6156","Phone number":"(08) 9331 7639"},{"Postcode":"6107","Name":"D Brooks","Address":"4 Planet Ct Beckenham WA 6107","Phone number":"(08) 9258 3470"},{"Postcode":"6107","Name":"D Brooks","Address":"103 A Station St East Cannington WA 6107","Phone number":"(08) 9358 6592"},{"Postcode":"6230","Name":"M J & J T Brooks","Address":"4 Blythe St East Bunbury WA 6230","Phone number":"(08) 9792 5858"},{"Postcode":"6230","Name":"S Brooks","Address":"63 Sandridge Rd Bunbury WA 6231","Phone number":"(04) 2747 3027"},{"Postcode":"6230","Name":"S Brooks","Address":"134 Norton Prm Dalyellup WA 6230","Phone number":"(08) 9795 4535"},{"Postcode":"6230","Name":"S Brooks","Address":"134 Norton Prom Dalyellup WA 6230","Phone number":"(04) 2747 3025"},{"Postcode":"6056","Name":"M Brooks","Address":"22A Ferguson St Midvale WA 6056","Phone number":"(08) 9374 0225"},{"Postcode":"6056","Name":"R Brooks","Address":"84 Bushby St Midvale WA 6056","Phone number":"(08) 9274 2786"},{"Postcode":"6056","Name":"R M Brooks","Address":"9 Kardier Mews Viveash WA 6056","Phone number":"(08) 9250 2863"},{"Postcode":"6018","Name":"G D & C D Brooks","Address":"11 Lynton St Doubleview WA 6018","Phone number":"(08) 9445 9306"},{"Postcode":"6018","Name":"T Brooks","Address":"152 Ravenscar St Doubleview WA 6018","Phone number":"(08) 9445 8446"},{"Postcode":"6026","Name":"D K Brooks","Address":"7 Woodford Wells Way Kingsley WA 6026","Phone number":"(08) 9409 7667"},{"Postcode":"6112","Name":"P Brooks","Address":"20 Emperor Cl Seville Grove WA 6112","Phone number":"(08) 6196 0113"},{"Postcode":"6112","Name":"T Brooks","Address":"24 Harrison Rd Mt Richon WA 6112","Phone number":"(08) 9399 2713"},{"Postcode":"6164","Name":"A Brooks","Address":"4 Kinglake Way Aubin Grove WA 6164","Phone number":"(08) 9498 6727"},{"Postcode":"6164","Name":"D Brooks","Address":"2 Astroloma Drv Success WA 6164","Phone number":"(08) 9498 7881"},{"Postcode":"6164","Name":"R Brooks","Address":"10 Tantabiddi Hts Yangebup WA 6164","Phone number":"(08) 6498 9509"},{"Postcode":"4211","Name":"G B Brooks","Address":"3027 The Boulevard Carrara QLD 4211","Phone number":"(07) 5594 3520"},{"Postcode":"4211","Name":"J Brooks","Address":"27 Ealing Ct Nerang QLD 4211","Phone number":"(07) 5527 4182"},{"Postcode":"4211","Name":"K & B Brooks","Address":"NERANG CARAVAN PARK 73 Nerang St Nerang QLD 4211","Phone number":"(07) 5596 0154"},{"Postcode":"4211","Name":"L Brooks","Address":"44 Quigan Tce Highland Park QLD 4211","Phone number":"(07) 5574 9915"},{"Postcode":"4211","Name":"Miss L Brooks","Address":"65 Mcauley Pde Pacific Pines QLD 4211","Phone number":"(07) 5573 5090"},{"Postcode":"4211","Name":"S Brooks","Address":"6 Fainter Crt Pacific Pines QLD 4211","Phone number":"(07) 5502 3641"},{"Postcode":"4207","Name":"C N Brooks","Address":"95 Milne St Beenleigh QLD 4207","Phone number":"(07) 3287 3873"},{"Postcode":"4207","Name":"S Brooks","Address":"Un 1 17 Linning St Mt Warren Park QLD 4207","Phone number":"(07) 3807 2870"},{"Postcode":"4285","Name":"L K Brooks","Address":"5 Albert St Beaudesert QLD 4285","Phone number":"(04) 1778 1170"},{"Postcode":"4214","Name":"J Brooks","Address":"26 Moora St Ashmore QLD 4214","Phone number":"(07) 5597 6531"},{"Postcode":"4214","Name":"J Brooks","Address":"26 Moora St Ashmore QLD 4214","Phone number":"(07) 5597 6531"},{"Postcode":"4214","Name":"J Brooks","Address":"26 Moora St Ashmore QLD 4214","Phone number":"(07) 5597 6531"},{"Postcode":"4214","Name":"J Brooks","Address":"26 Moora St Ashmore QLD 4214","Phone number":"(07) 5597 6531"},{"Postcode":"4214","Name":"J Brooks","Address":"26 Moora St Ashmore QLD 4214","Phone number":"(07) 5597 6531"},{"Postcode":"4213","Name":"M Brooks","Address":"6 Walker Drv Worongary QLD 4213","Phone number":"(07) 5522 9129"},{"Postcode":"4213","Name":"D & J Lutton-Brooks","Address":"4 Lovell Crt Worongary QLD 4213","Phone number":"(07) 5574 8133"},{"Postcode":"4215","Name":"C & J Brooks","Address":"Un 2 19 Robyn St Southport QLD 4215","Phone number":"(07) 5503 1490"},{"Postcode":"4207","Name":"C N Brooks","Address":"95 Milne St Beenleigh QLD 4207","Phone number":"(07) 3287 3873"},{"Postcode":"4207","Name":"S Brooks","Address":"Un 1 17 Linning St Mt Warren Park QLD 4207","Phone number":"(07) 3807 2870"},{"Postcode":"4207","Name":"C N Brooks","Address":"95 Milne St Beenleigh QLD 4207","Phone number":"(07) 3287 3873"},{"Postcode":"4207","Name":"S Brooks","Address":"Un 1 17 Linning St Mt Warren Park QLD 4207","Phone number":"(07) 3807 2870"},{"Postcode":"4285","Name":"L K Brooks","Address":"5 Albert St Beaudesert QLD 4285","Phone number":"(04) 1778 1170"},{"Postcode":"4211","Name":"G B Brooks","Address":"3027 The Boulevard Carrara QLD 4211","Phone number":"(07) 5594 3520"},{"Postcode":"4211","Name":"J Brooks","Address":"27 Ealing Ct Nerang QLD 4211","Phone number":"(07) 5527 4182"},{"Postcode":"4211","Name":"K & B Brooks","Address":"NERANG CARAVAN PARK 73 Nerang St Nerang QLD 4211","Phone number":"(07) 5596 0154"},{"Postcode":"4211","Name":"L Brooks","Address":"44 Quigan Tce Highland Park QLD 4211","Phone number":"(07) 5574 9915"},{"Postcode":"4211","Name":"Miss L Brooks","Address":"65 Mcauley Pde Pacific Pines QLD 4211","Phone number":"(07) 5573 5090"},{"Postcode":"4211","Name":"S Brooks","Address":"6 Fainter Crt Pacific Pines QLD 4211","Phone number":"(07) 5502 3641"},{"Postcode":"4207","Name":"C N Brooks","Address":"95 Milne St Beenleigh QLD 4207","Phone number":"(07) 3287 3873"},{"Postcode":"4207","Name":"S Brooks","Address":"Un 1 17 Linning St Mt Warren Park QLD 4207","Phone number":"(07) 3807 2870"},{"Postcode":"4207","Name":"C N Brooks","Address":"95 Milne St Beenleigh QLD 4207","Phone number":"(07) 3287 3873"},{"Postcode":"4207","Name":"S Brooks","Address":"Un 1 17 Linning St Mt Warren Park QLD 4207","Phone number":"(07) 3807 2870"},{"Postcode":"4216","Name":"J J & S A Brooks","Address":"Un 14 8 Paradise Pde Paradise Point QLD 4216","Phone number":"(07) 5577 5583"},{"Postcode":"4211","Name":"G B Brooks","Address":"3027 The Boulevard Carrara QLD 4211","Phone number":"(07) 5594 3520"},{"Postcode":"4211","Name":"J Brooks","Address":"27 Ealing Ct Nerang QLD 4211","Phone number":"(07) 5527 4182"},{"Postcode":"4211","Name":"K & B Brooks","Address":"NERANG CARAVAN PARK 73 Nerang St Nerang QLD 4211","Phone number":"(07) 5596 0154"},{"Postcode":"4211","Name":"L Brooks","Address":"44 Quigan Tce Highland Park QLD 4211","Phone number":"(07) 5574 9915"},{"Postcode":"4211","Name":"Miss L Brooks","Address":"65 Mcauley Pde Pacific Pines QLD 4211","Phone number":"(07) 5573 5090"},{"Postcode":"4211","Name":"S Brooks","Address":"6 Fainter Crt Pacific Pines QLD 4211","Phone number":"(07) 5502 3641"},{"Postcode":"4285","Name":"L K Brooks","Address":"5 Albert St Beaudesert QLD 4285","Phone number":"(04) 1778 1170"},{"Postcode":"4213","Name":"M Brooks","Address":"6 Walker Drv Worongary QLD 4213","Phone number":"(07) 5522 9129"},{"Postcode":"4213","Name":"D & J Lutton-Brooks","Address":"4 Lovell Crt Worongary QLD 4213","Phone number":"(07) 5574 8133"},{"Postcode":"4218","Name":"G Brooks","Address":"UN 706 FLR 7 22 Surf Pde Broadbeach QLD 4218","Phone number":"(07) 5531 5775"},{"Postcode":"4218","Name":"R Brooks","Address":"8 Fairsky Ave Mermaid Waters QLD 4218","Phone number":"(07) 5572 5125"},{"Postcode":"4218","Name":"S Brooks","Address":"1 Cedar Pl Broadbeach Waters QLD 4218","Phone number":"(07) 5526 0323"},{"Postcode":"4218","Name":"G Brooks","Address":"UN 706 FLR 7 22 Surf Pde Broadbeach QLD 4218","Phone number":"(07) 5531 5775"},{"Postcode":"4218","Name":"R Brooks","Address":"8 Fairsky Ave Mermaid Waters QLD 4218","Phone number":"(07) 5572 5125"},{"Postcode":"4218","Name":"S Brooks","Address":"1 Cedar Pl Broadbeach Waters QLD 4218","Phone number":"(07) 5526 0323"},{"Postcode":"4285","Name":"L K Brooks","Address":"5 Albert St Beaudesert QLD 4285","Phone number":"(04) 1778 1170"},{"Postcode":"4207","Name":"C N Brooks","Address":"95 Milne St Beenleigh QLD 4207","Phone number":"(07) 3287 3873"},{"Postcode":"4207","Name":"S Brooks","Address":"Un 1 17 Linning St Mt Warren Park QLD 4207","Phone number":"(07) 3807 2870"},{"Postcode":"4220","Name":"G Brooks","Address":"32 Hill Ave Burleigh Heads QLD 4220","Phone number":"(04) 7381 2866"},{"Postcode":"4220","Name":"J Brooks","Address":"29 B Acanthus Ave Burleigh Heads QLD 4220","Phone number":"(07) 5535 8528"},{"Postcode":"4220","Name":"G Brooks","Address":"32 Hill Ave Burleigh Heads QLD 4220","Phone number":"(04) 7381 2866"},{"Postcode":"4220","Name":"J Brooks","Address":"29 B Acanthus Ave Burleigh Heads QLD 4220","Phone number":"(07) 5535 8528"},{"Postcode":"4220","Name":"G Brooks","Address":"32 Hill Ave Burleigh Heads QLD 4220","Phone number":"(04) 7381 2866"},{"Postcode":"4220","Name":"J Brooks","Address":"29 B Acanthus Ave Burleigh Heads QLD 4220","Phone number":"(07) 5535 8528"},{"Postcode":"4220","Name":"G Brooks","Address":"32 Hill Ave Burleigh Heads QLD 4220","Phone number":"(04) 7381 2866"},{"Postcode":"4220","Name":"J Brooks","Address":"29 B Acanthus Ave Burleigh Heads QLD 4220","Phone number":"(07) 5535 8528"},{"Postcode":"4220","Name":"G Brooks","Address":"32 Hill Ave Burleigh Heads QLD 4220","Phone number":"(04) 7381 2866"},{"Postcode":"4220","Name":"J Brooks","Address":"29 B Acanthus Ave Burleigh Heads QLD 4220","Phone number":"(07) 5535 8528"},{"Postcode":"4285","Name":"L K Brooks","Address":"5 Albert St Beaudesert QLD 4285","Phone number":"(04) 1778 1170"},{"Postcode":"4211","Name":"G B Brooks","Address":"3027 The Boulevard Carrara QLD 4211","Phone number":"(07) 5594 3520"},{"Postcode":"4211","Name":"J Brooks","Address":"27 Ealing Ct Nerang QLD 4211","Phone number":"(07) 5527 4182"},{"Postcode":"4211","Name":"K & B Brooks","Address":"NERANG CARAVAN PARK 73 Nerang St Nerang QLD 4211","Phone number":"(07) 5596 0154"},{"Postcode":"4211","Name":"L Brooks","Address":"44 Quigan Tce Highland Park QLD 4211","Phone number":"(07) 5574 9915"},{"Postcode":"4211","Name":"Miss L Brooks","Address":"65 Mcauley Pde Pacific Pines QLD 4211","Phone number":"(07) 5573 5090"},{"Postcode":"4211","Name":"S Brooks","Address":"6 Fainter Crt Pacific Pines QLD 4211","Phone number":"(07) 5502 3641"},{"Postcode":"4207","Name":"C N Brooks","Address":"95 Milne St Beenleigh QLD 4207","Phone number":"(07) 3287 3873"},{"Postcode":"4207","Name":"S Brooks","Address":"Un 1 17 Linning St Mt Warren Park QLD 4207","Phone number":"(07) 3807 2870"},{"Postcode":"4285","Name":"L K Brooks","Address":"5 Albert St Beaudesert QLD 4285","Phone number":"(04) 1778 1170"},{"Postcode":"4285","Name":"L K Brooks","Address":"5 Albert St Beaudesert QLD 4285","Phone number":"(04) 1778 1170"},{"Postcode":"4285","Name":"L K Brooks","Address":"5 Albert St Beaudesert QLD 4285","Phone number":"(04) 1778 1170"},{"Postcode":"4215","Name":"C & J Brooks","Address":"Un 2 19 Robyn St Southport QLD 4215","Phone number":"(07) 5503 1490"},{"Postcode":"4285","Name":"L K Brooks","Address":"5 Albert St Beaudesert QLD 4285","Phone number":"(04) 1778 1170"},{"Postcode":"4211","Name":"G B Brooks","Address":"3027 The Boulevard Carrara QLD 4211","Phone number":"(07) 5594 3520"},{"Postcode":"4211","Name":"J Brooks","Address":"27 Ealing Ct Nerang QLD 4211","Phone number":"(07) 5527 4182"},{"Postcode":"4211","Name":"K & B Brooks","Address":"NERANG CARAVAN PARK 73 Nerang St Nerang QLD 4211","Phone number":"(07) 5596 0154"},{"Postcode":"4211","Name":"L Brooks","Address":"44 Quigan Tce Highland Park QLD 4211","Phone number":"(07) 5574 9915"},{"Postcode":"4211","Name":"Miss L Brooks","Address":"65 Mcauley Pde Pacific Pines QLD 4211","Phone number":"(07) 5573 5090"},{"Postcode":"4211","Name":"S Brooks","Address":"6 Fainter Crt Pacific Pines QLD 4211","Phone number":"(07) 5502 3641"},{"Postcode":"4216","Name":"J J & S A Brooks","Address":"Un 14 8 Paradise Pde Paradise Point QLD 4216","Phone number":"(07) 5577 5583"},{"Postcode":"4209","Name":"S & P Brooks","Address":"9 Morning Tide La Coomera QLD 4209","Phone number":"(07) 5501 9394"},{"Postcode":"4285","Name":"L K Brooks","Address":"5 Albert St Beaudesert QLD 4285","Phone number":"(04) 1778 1170"},{"Postcode":"4285","Name":"L K Brooks","Address":"5 Albert St Beaudesert QLD 4285","Phone number":"(04) 1778 1170"},{"Postcode":"4207","Name":"C N Brooks","Address":"95 Milne St Beenleigh QLD 4207","Phone number":"(07) 3287 3873"},{"Postcode":"4207","Name":"S Brooks","Address":"Un 1 17 Linning St Mt Warren Park QLD 4207","Phone number":"(07) 3807 2870"},{"Postcode":"4207","Name":"C N Brooks","Address":"95 Milne St Beenleigh QLD 4207","Phone number":"(07) 3287 3873"},{"Postcode":"4207","Name":"S Brooks","Address":"Un 1 17 Linning St Mt Warren Park QLD 4207","Phone number":"(07) 3807 2870"},{"Postcode":"4211","Name":"G B Brooks","Address":"3027 The Boulevard Carrara QLD 4211","Phone number":"(07) 5594 3520"},{"Postcode":"4211","Name":"J Brooks","Address":"27 Ealing Ct Nerang QLD 4211","Phone number":"(07) 5527 4182"},{"Postcode":"4211","Name":"K & B Brooks","Address":"NERANG CARAVAN PARK 73 Nerang St Nerang QLD 4211","Phone number":"(07) 5596 0154"},{"Postcode":"4211","Name":"L Brooks","Address":"44 Quigan Tce Highland Park QLD 4211","Phone number":"(07) 5574 9915"},{"Postcode":"4211","Name":"Miss L Brooks","Address":"65 Mcauley Pde Pacific Pines QLD 4211","Phone number":"(07) 5573 5090"},{"Postcode":"4211","Name":"S Brooks","Address":"6 Fainter Crt Pacific Pines QLD 4211","Phone number":"(07) 5502 3641"},{"Postcode":"4211","Name":"G B Brooks","Address":"3027 The Boulevard Carrara QLD 4211","Phone number":"(07) 5594 3520"},{"Postcode":"4211","Name":"J Brooks","Address":"27 Ealing Ct Nerang QLD 4211","Phone number":"(07) 5527 4182"},{"Postcode":"4211","Name":"K & B Brooks","Address":"NERANG CARAVAN PARK 73 Nerang St Nerang QLD 4211","Phone number":"(07) 5596 0154"},{"Postcode":"4211","Name":"L Brooks","Address":"44 Quigan Tce Highland Park QLD 4211","Phone number":"(07) 5574 9915"},{"Postcode":"4211","Name":"Miss L Brooks","Address":"65 Mcauley Pde Pacific Pines QLD 4211","Phone number":"(07) 5573 5090"},{"Postcode":"4211","Name":"S Brooks","Address":"6 Fainter Crt Pacific Pines QLD 4211","Phone number":"(07) 5502 3641"},{"Postcode":"4210","Name":"K Brooks","Address":"2 Hiva Ct Oxenford QLD 4210","Phone number":"(04) 2336 3735"},{"Postcode":"4212","Name":"L & T Brooks","Address":"11 Parkwater Pt Helensvale QLD 4212","Phone number":"(07) 5556 0802"},{"Postcode":"4212","Name":"N Brooks","Address":"48 Ashford Rd Helensvale QLD 4212","Phone number":"(07) 5665 9632"},{"Postcode":"4212","Name":"L & T Brooks","Address":"11 Parkwater Pt Helensvale QLD 4212","Phone number":"(07) 5556 0802"},{"Postcode":"4212","Name":"N Brooks","Address":"48 Ashford Rd Helensvale QLD 4212","Phone number":"(07) 5665 9632"},{"Postcode":"4211","Name":"G B Brooks","Address":"3027 The Boulevard Carrara QLD 4211","Phone number":"(07) 5594 3520"},{"Postcode":"4211","Name":"J Brooks","Address":"27 Ealing Ct Nerang QLD 4211","Phone number":"(07) 5527 4182"},{"Postcode":"4211","Name":"K & B Brooks","Address":"NERANG CARAVAN PARK 73 Nerang St Nerang QLD 4211","Phone number":"(07) 5596 0154"},{"Postcode":"4211","Name":"L Brooks","Address":"44 Quigan Tce Highland Park QLD 4211","Phone number":"(07) 5574 9915"},{"Postcode":"4211","Name":"Miss L Brooks","Address":"65 Mcauley Pde Pacific Pines QLD 4211","Phone number":"(07) 5573 5090"},{"Postcode":"4211","Name":"S Brooks","Address":"6 Fainter Crt Pacific Pines QLD 4211","Phone number":"(07) 5502 3641"},{"Postcode":"4285","Name":"L K Brooks","Address":"5 Albert St Beaudesert QLD 4285","Phone number":"(04) 1778 1170"},{"Postcode":"4216","Name":"J J & S A Brooks","Address":"Un 14 8 Paradise Pde Paradise Point QLD 4216","Phone number":"(07) 5577 5583"},{"Postcode":"4207","Name":"C N Brooks","Address":"95 Milne St Beenleigh QLD 4207","Phone number":"(07) 3287 3873"},{"Postcode":"4207","Name":"S Brooks","Address":"Un 1 17 Linning St Mt Warren Park QLD 4207","Phone number":"(07) 3807 2870"},{"Postcode":"4212","Name":"L & T Brooks","Address":"11 Parkwater Pt Helensvale QLD 4212","Phone number":"(07) 5556 0802"},{"Postcode":"4212","Name":"N Brooks","Address":"48 Ashford Rd Helensvale QLD 4212","Phone number":"(07) 5665 9632"},{"Postcode":"4285","Name":"L K Brooks","Address":"5 Albert St Beaudesert QLD 4285","Phone number":"(04) 1778 1170"},{"Postcode":"4280","Name":"C K & A I Brooks","Address":"498 Camp Cable Rd Jimboomba QLD 4280","Phone number":"(07) 5547 7021"},{"Postcode":"4280","Name":"G Brooks","Address":"167 Peppertree Dr Jimboomba QLD 4280","Phone number":"(07) 5546 9834"},{"Postcode":"4280","Name":"L Brooks","Address":"72 Mona Drv Jimboomba QLD 4280","Phone number":"(07) 5548 6113"},{"Postcode":"4285","Name":"L K Brooks","Address":"5 Albert St Beaudesert QLD 4285","Phone number":"(04) 1778 1170"},{"Postcode":"4285","Name":"L K Brooks","Address":"5 Albert St Beaudesert QLD 4285","Phone number":"(04) 1778 1170"},{"Postcode":"4285","Name":"L K Brooks","Address":"5 Albert St Beaudesert QLD 4285","Phone number":"(04) 1778 1170"},{"Postcode":"4285","Name":"L K Brooks","Address":"5 Albert St Beaudesert QLD 4285","Phone number":"(04) 1778 1170"},{"Postcode":"4285","Name":"L K Brooks","Address":"5 Albert St Beaudesert QLD 4285","Phone number":"(04) 1778 1170"},{"Postcode":"4215","Name":"C & J Brooks","Address":"Un 2 19 Robyn St Southport QLD 4215","Phone number":"(07) 5503 1490"},{"Postcode":"4285","Name":"L K Brooks","Address":"5 Albert St Beaudesert QLD 4285","Phone number":"(04) 1778 1170"},{"Postcode":"4285","Name":"L K Brooks","Address":"5 Albert St Beaudesert QLD 4285","Phone number":"(04) 1778 1170"},{"Postcode":"4207","Name":"C N Brooks","Address":"95 Milne St Beenleigh QLD 4207","Phone number":"(07) 3287 3873"},{"Postcode":"4207","Name":"S Brooks","Address":"Un 1 17 Linning St Mt Warren Park QLD 4207","Phone number":"(07) 3807 2870"},{"Postcode":"4211","Name":"G B Brooks","Address":"3027 The Boulevard Carrara QLD 4211","Phone number":"(07) 5594 3520"},{"Postcode":"4211","Name":"J Brooks","Address":"27 Ealing Ct Nerang QLD 4211","Phone number":"(07) 5527 4182"},{"Postcode":"4211","Name":"K & B Brooks","Address":"NERANG CARAVAN PARK 73 Nerang St Nerang QLD 4211","Phone number":"(07) 5596 0154"},{"Postcode":"4211","Name":"L Brooks","Address":"44 Quigan Tce Highland Park QLD 4211","Phone number":"(07) 5574 9915"},{"Postcode":"4211","Name":"Miss L Brooks","Address":"65 Mcauley Pde Pacific Pines QLD 4211","Phone number":"(07) 5573 5090"},{"Postcode":"4211","Name":"S Brooks","Address":"6 Fainter Crt Pacific Pines QLD 4211","Phone number":"(07) 5502 3641"},{"Postcode":"4207","Name":"C N Brooks","Address":"95 Milne St Beenleigh QLD 4207","Phone number":"(07) 3287 3873"},{"Postcode":"4207","Name":"S Brooks","Address":"Un 1 17 Linning St Mt Warren Park QLD 4207","Phone number":"(07) 3807 2870"},{"Postcode":"4210","Name":"K Brooks","Address":"2 Hiva Ct Oxenford QLD 4210","Phone number":"(04) 2336 3735"},{"Postcode":"4218","Name":"G Brooks","Address":"UN 706 FLR 7 22 Surf Pde Broadbeach QLD 4218","Phone number":"(07) 5531 5775"},{"Postcode":"4218","Name":"R Brooks","Address":"8 Fairsky Ave Mermaid Waters QLD 4218","Phone number":"(07) 5572 5125"},{"Postcode":"4218","Name":"S Brooks","Address":"1 Cedar Pl Broadbeach Waters QLD 4218","Phone number":"(07) 5526 0323"},{"Postcode":"4218","Name":"G Brooks","Address":"UN 706 FLR 7 22 Surf Pde Broadbeach QLD 4218","Phone number":"(07) 5531 5775"},{"Postcode":"4218","Name":"R Brooks","Address":"8 Fairsky Ave Mermaid Waters QLD 4218","Phone number":"(07) 5572 5125"},{"Postcode":"4218","Name":"S Brooks","Address":"1 Cedar Pl Broadbeach Waters QLD 4218","Phone number":"(07) 5526 0323"},{"Postcode":"4220","Name":"G Brooks","Address":"32 Hill Ave Burleigh Heads QLD 4220","Phone number":"(04) 7381 2866"},{"Postcode":"4220","Name":"J Brooks","Address":"29 B Acanthus Ave Burleigh Heads QLD 4220","Phone number":"(07) 5535 8528"},{"Postcode":"4214","Name":"J Brooks","Address":"26 Moora St Ashmore QLD 4214","Phone number":"(07) 5597 6531"},{"Postcode":"4285","Name":"L K Brooks","Address":"5 Albert St Beaudesert QLD 4285","Phone number":"(04) 1778 1170"},{"Postcode":"4211","Name":"G B Brooks","Address":"3027 The Boulevard Carrara QLD 4211","Phone number":"(07) 5594 3520"},{"Postcode":"4211","Name":"J Brooks","Address":"27 Ealing Ct Nerang QLD 4211","Phone number":"(07) 5527 4182"},{"Postcode":"4211","Name":"K & B Brooks","Address":"NERANG CARAVAN PARK 73 Nerang St Nerang QLD 4211","Phone number":"(07) 5596 0154"},{"Postcode":"4211","Name":"L Brooks","Address":"44 Quigan Tce Highland Park QLD 4211","Phone number":"(07) 5574 9915"},{"Postcode":"4211","Name":"Miss L Brooks","Address":"65 Mcauley Pde Pacific Pines QLD 4211","Phone number":"(07) 5573 5090"},{"Postcode":"4211","Name":"S Brooks","Address":"6 Fainter Crt Pacific Pines QLD 4211","Phone number":"(07) 5502 3641"},{"Postcode":"4272","Name":"D & B Brooks","Address":"19 Eagles Retreat Pl Tamborine Mountain QLD 4272","Phone number":"(07) 5545 2742"},{"Postcode":"4207","Name":"C N Brooks","Address":"95 Milne St Beenleigh QLD 4207","Phone number":"(07) 3287 3873"},{"Postcode":"4207","Name":"S Brooks","Address":"Un 1 17 Linning St Mt Warren Park QLD 4207","Phone number":"(07) 3807 2870"},{"Postcode":"4213","Name":"M Brooks","Address":"6 Walker Drv Worongary QLD 4213","Phone number":"(07) 5522 9129"},{"Postcode":"4213","Name":"D & J Lutton-Brooks","Address":"4 Lovell Crt Worongary QLD 4213","Phone number":"(07) 5574 8133"},{"Postcode":"4285","Name":"L K Brooks","Address":"5 Albert St Beaudesert QLD 4285","Phone number":"(04) 1778 1170"},{"Postcode":"4211","Name":"G B Brooks","Address":"3027 The Boulevard Carrara QLD 4211","Phone number":"(07) 5594 3520"},{"Postcode":"4211","Name":"J Brooks","Address":"27 Ealing Ct Nerang QLD 4211","Phone number":"(07) 5527 4182"},{"Postcode":"4211","Name":"K & B Brooks","Address":"NERANG CARAVAN PARK 73 Nerang St Nerang QLD 4211","Phone number":"(07) 5596 0154"},{"Postcode":"4211","Name":"L Brooks","Address":"44 Quigan Tce Highland Park QLD 4211","Phone number":"(07) 5574 9915"},{"Postcode":"4211","Name":"Miss L Brooks","Address":"65 Mcauley Pde Pacific Pines QLD 4211","Phone number":"(07) 5573 5090"},{"Postcode":"4211","Name":"S Brooks","Address":"6 Fainter Crt Pacific Pines QLD 4211","Phone number":"(07) 5502 3641"},{"Postcode":"4211","Name":"G B Brooks","Address":"3027 The Boulevard Carrara QLD 4211","Phone number":"(07) 5594 3520"},{"Postcode":"4211","Name":"J Brooks","Address":"27 Ealing Ct Nerang QLD 4211","Phone number":"(07) 5527 4182"},{"Postcode":"4211","Name":"K & B Brooks","Address":"NERANG CARAVAN PARK 73 Nerang St Nerang QLD 4211","Phone number":"(07) 5596 0154"},{"Postcode":"4211","Name":"L Brooks","Address":"44 Quigan Tce Highland Park QLD 4211","Phone number":"(07) 5574 9915"},{"Postcode":"4211","Name":"Miss L Brooks","Address":"65 Mcauley Pde Pacific Pines QLD 4211","Phone number":"(07) 5573 5090"},{"Postcode":"4211","Name":"S Brooks","Address":"6 Fainter Crt Pacific Pines QLD 4211","Phone number":"(07) 5502 3641"},{"Postcode":"4211","Name":"G B Brooks","Address":"3027 The Boulevard Carrara QLD 4211","Phone number":"(07) 5594 3520"},{"Postcode":"4211","Name":"J Brooks","Address":"27 Ealing Ct Nerang QLD 4211","Phone number":"(07) 5527 4182"},{"Postcode":"4211","Name":"K & B Brooks","Address":"NERANG CARAVAN PARK 73 Nerang St Nerang QLD 4211","Phone number":"(07) 5596 0154"},{"Postcode":"4211","Name":"L Brooks","Address":"44 Quigan Tce Highland Park QLD 4211","Phone number":"(07) 5574 9915"},{"Postcode":"4211","Name":"Miss L Brooks","Address":"65 Mcauley Pde Pacific Pines QLD 4211","Phone number":"(07) 5573 5090"},{"Postcode":"4211","Name":"S Brooks","Address":"6 Fainter Crt Pacific Pines QLD 4211","Phone number":"(07) 5502 3641"},{"Postcode":"4211","Name":"G B Brooks","Address":"3027 The Boulevard Carrara QLD 4211","Phone number":"(07) 5594 3520"},{"Postcode":"4211","Name":"J Brooks","Address":"27 Ealing Ct Nerang QLD 4211","Phone number":"(07) 5527 4182"},{"Postcode":"4211","Name":"K & B Brooks","Address":"NERANG CARAVAN PARK 73 Nerang St Nerang QLD 4211","Phone number":"(07) 5596 0154"},{"Postcode":"4211","Name":"L Brooks","Address":"44 Quigan Tce Highland Park QLD 4211","Phone number":"(07) 5574 9915"},{"Postcode":"4211","Name":"Miss L Brooks","Address":"65 Mcauley Pde Pacific Pines QLD 4211","Phone number":"(07) 5573 5090"},{"Postcode":"4211","Name":"S Brooks","Address":"6 Fainter Crt Pacific Pines QLD 4211","Phone number":"(07) 5502 3641"},{"Postcode":"4285","Name":"L K Brooks","Address":"5 Albert St Beaudesert QLD 4285","Phone number":"(04) 1778 1170"},{"Postcode":"4218","Name":"G Brooks","Address":"UN 706 FLR 7 22 Surf Pde Broadbeach QLD 4218","Phone number":"(07) 5531 5775"},{"Postcode":"4218","Name":"R Brooks","Address":"8 Fairsky Ave Mermaid Waters QLD 4218","Phone number":"(07) 5572 5125"},{"Postcode":"4218","Name":"S Brooks","Address":"1 Cedar Pl Broadbeach Waters QLD 4218","Phone number":"(07) 5526 0323"},{"Postcode":"4280","Name":"C K & A I Brooks","Address":"498 Camp Cable Rd Jimboomba QLD 4280","Phone number":"(07) 5547 7021"},{"Postcode":"4280","Name":"G Brooks","Address":"167 Peppertree Dr Jimboomba QLD 4280","Phone number":"(07) 5546 9834"},{"Postcode":"4280","Name":"L Brooks","Address":"72 Mona Drv Jimboomba QLD 4280","Phone number":"(07) 5548 6113"},{"Postcode":"4272","Name":"D & B Brooks","Address":"19 Eagles Retreat Pl Tamborine Mountain QLD 4272","Phone number":"(07) 5545 2742"},{"Postcode":"4211","Name":"G B Brooks","Address":"3027 The Boulevard Carrara QLD 4211","Phone number":"(07) 5594 3520"},{"Postcode":"4211","Name":"J Brooks","Address":"27 Ealing Ct Nerang QLD 4211","Phone number":"(07) 5527 4182"},{"Postcode":"4211","Name":"K & B Brooks","Address":"NERANG CARAVAN PARK 73 Nerang St Nerang QLD 4211","Phone number":"(07) 5596 0154"},{"Postcode":"4211","Name":"L Brooks","Address":"44 Quigan Tce Highland Park QLD 4211","Phone number":"(07) 5574 9915"},{"Postcode":"4211","Name":"Miss L Brooks","Address":"65 Mcauley Pde Pacific Pines QLD 4211","Phone number":"(07) 5573 5090"},{"Postcode":"4211","Name":"S Brooks","Address":"6 Fainter Crt Pacific Pines QLD 4211","Phone number":"(07) 5502 3641"},{"Postcode":"4285","Name":"L K Brooks","Address":"5 Albert St Beaudesert QLD 4285","Phone number":"(04) 1778 1170"},{"Postcode":"4211","Name":"G B Brooks","Address":"3027 The Boulevard Carrara QLD 4211","Phone number":"(07) 5594 3520"},{"Postcode":"4211","Name":"J Brooks","Address":"27 Ealing Ct Nerang QLD 4211","Phone number":"(07) 5527 4182"},{"Postcode":"4211","Name":"K & B Brooks","Address":"NERANG CARAVAN PARK 73 Nerang St Nerang QLD 4211","Phone number":"(07) 5596 0154"},{"Postcode":"4211","Name":"L Brooks","Address":"44 Quigan Tce Highland Park QLD 4211","Phone number":"(07) 5574 9915"},{"Postcode":"4211","Name":"Miss L Brooks","Address":"65 Mcauley Pde Pacific Pines QLD 4211","Phone number":"(07) 5573 5090"},{"Postcode":"4211","Name":"S Brooks","Address":"6 Fainter Crt Pacific Pines QLD 4211","Phone number":"(07) 5502 3641"},{"Postcode":"4210","Name":"K Brooks","Address":"2 Hiva Ct Oxenford QLD 4210","Phone number":"(04) 2336 3735"},{"Postcode":"4218","Name":"G Brooks","Address":"UN 706 FLR 7 22 Surf Pde Broadbeach QLD 4218","Phone number":"(07) 5531 5775"},{"Postcode":"4218","Name":"R Brooks","Address":"8 Fairsky Ave Mermaid Waters QLD 4218","Phone number":"(07) 5572 5125"},{"Postcode":"4218","Name":"S Brooks","Address":"1 Cedar Pl Broadbeach Waters QLD 4218","Phone number":"(07) 5526 0323"},{"Postcode":"4211","Name":"G B Brooks","Address":"3027 The Boulevard Carrara QLD 4211","Phone number":"(07) 5594 3520"},{"Postcode":"4211","Name":"J Brooks","Address":"27 Ealing Ct Nerang QLD 4211","Phone number":"(07) 5527 4182"},{"Postcode":"4211","Name":"K & B Brooks","Address":"NERANG CARAVAN PARK 73 Nerang St Nerang QLD 4211","Phone number":"(07) 5596 0154"},{"Postcode":"4211","Name":"L Brooks","Address":"44 Quigan Tce Highland Park QLD 4211","Phone number":"(07) 5574 9915"},{"Postcode":"4211","Name":"Miss L Brooks","Address":"65 Mcauley Pde Pacific Pines QLD 4211","Phone number":"(07) 5573 5090"},{"Postcode":"4211","Name":"S Brooks","Address":"6 Fainter Crt Pacific Pines QLD 4211","Phone number":"(07) 5502 3641"},{"Postcode":"4216","Name":"J J & S A Brooks","Address":"Un 14 8 Paradise Pde Paradise Point QLD 4216","Phone number":"(07) 5577 5583"},{"Postcode":"4214","Name":"J Brooks","Address":"26 Moora St Ashmore QLD 4214","Phone number":"(07) 5597 6531"},{"Postcode":"4209","Name":"S & P Brooks","Address":"9 Morning Tide La Coomera QLD 4209","Phone number":"(07) 5501 9394"},{"Postcode":"4218","Name":"G Brooks","Address":"UN 706 FLR 7 22 Surf Pde Broadbeach QLD 4218","Phone number":"(07) 5531 5775"},{"Postcode":"4218","Name":"R Brooks","Address":"8 Fairsky Ave Mermaid Waters QLD 4218","Phone number":"(07) 5572 5125"},{"Postcode":"4218","Name":"S Brooks","Address":"1 Cedar Pl Broadbeach Waters QLD 4218","Phone number":"(07) 5526 0323"},{"Postcode":"4227","Name":"M D & J Brooks","Address":"15 Bridgman Drv Reedy Creek QLD 4227","Phone number":"(07) 5593 6773"},{"Postcode":"4216","Name":"J J & S A Brooks","Address":"Un 14 8 Paradise Pde Paradise Point QLD 4216","Phone number":"(07) 5577 5583"},{"Postcode":"4212","Name":"L & T Brooks","Address":"11 Parkwater Pt Helensvale QLD 4212","Phone number":"(07) 5556 0802"},{"Postcode":"4212","Name":"N Brooks","Address":"48 Ashford Rd Helensvale QLD 4212","Phone number":"(07) 5665 9632"},{"Postcode":"4280","Name":"C K & A I Brooks","Address":"498 Camp Cable Rd Jimboomba QLD 4280","Phone number":"(07) 5547 7021"},{"Postcode":"4280","Name":"G Brooks","Address":"167 Peppertree Dr Jimboomba QLD 4280","Phone number":"(07) 5546 9834"},{"Postcode":"4280","Name":"L Brooks","Address":"72 Mona Drv Jimboomba QLD 4280","Phone number":"(07) 5548 6113"},{"Postcode":"4216","Name":"J J & S A Brooks","Address":"Un 14 8 Paradise Pde Paradise Point QLD 4216","Phone number":"(07) 5577 5583"},{"Postcode":"4211","Name":"G B Brooks","Address":"3027 The Boulevard Carrara QLD 4211","Phone number":"(07) 5594 3520"},{"Postcode":"4211","Name":"J Brooks","Address":"27 Ealing Ct Nerang QLD 4211","Phone number":"(07) 5527 4182"},{"Postcode":"4211","Name":"K & B Brooks","Address":"NERANG CARAVAN PARK 73 Nerang St Nerang QLD 4211","Phone number":"(07) 5596 0154"},{"Postcode":"4211","Name":"L Brooks","Address":"44 Quigan Tce Highland Park QLD 4211","Phone number":"(07) 5574 9915"},{"Postcode":"4211","Name":"Miss L Brooks","Address":"65 Mcauley Pde Pacific Pines QLD 4211","Phone number":"(07) 5573 5090"},{"Postcode":"4211","Name":"S Brooks","Address":"6 Fainter Crt Pacific Pines QLD 4211","Phone number":"(07) 5502 3641"},{"Postcode":"4215","Name":"C & J Brooks","Address":"Un 2 19 Robyn St Southport QLD 4215","Phone number":"(07) 5503 1490"},{"Postcode":"4215","Name":"C & J Brooks","Address":"Un 2 19 Robyn St Southport QLD 4215","Phone number":"(07) 5503 1490"},{"Postcode":"4215","Name":"C & J Brooks","Address":"Un 2 19 Robyn St Southport QLD 4215","Phone number":"(07) 5503 1490"},{"Postcode":"4213","Name":"M Brooks","Address":"6 Walker Drv Worongary QLD 4213","Phone number":"(07) 5522 9129"},{"Postcode":"4213","Name":"D & J Lutton-Brooks","Address":"4 Lovell Crt Worongary QLD 4213","Phone number":"(07) 5574 8133"},{"Postcode":"4207","Name":"C N Brooks","Address":"95 Milne St Beenleigh QLD 4207","Phone number":"(07) 3287 3873"},{"Postcode":"4207","Name":"S Brooks","Address":"Un 1 17 Linning St Mt Warren Park QLD 4207","Phone number":"(07) 3807 2870"},{"Postcode":"4207","Name":"C N Brooks","Address":"95 Milne St Beenleigh QLD 4207","Phone number":"(07) 3287 3873"},{"Postcode":"4207","Name":"S Brooks","Address":"Un 1 17 Linning St Mt Warren Park QLD 4207","Phone number":"(07) 3807 2870"},{"Postcode":"4280","Name":"C K & A I Brooks","Address":"498 Camp Cable Rd Jimboomba QLD 4280","Phone number":"(07) 5547 7021"},{"Postcode":"4280","Name":"G Brooks","Address":"167 Peppertree Dr Jimboomba QLD 4280","Phone number":"(07) 5546 9834"},{"Postcode":"4280","Name":"L Brooks","Address":"72 Mona Drv Jimboomba QLD 4280","Phone number":"(07) 5548 6113"},{"Postcode":"4210","Name":"K Brooks","Address":"2 Hiva Ct Oxenford QLD 4210","Phone number":"(04) 2336 3735"},{"Postcode":"4285","Name":"L K Brooks","Address":"5 Albert St Beaudesert QLD 4285","Phone number":"(04) 1778 1170"},{"Postcode":"4285","Name":"L K Brooks","Address":"5 Albert St Beaudesert QLD 4285","Phone number":"(04) 1778 1170"},{"Postcode":"4213","Name":"M Brooks","Address":"6 Walker Drv Worongary QLD 4213","Phone number":"(07) 5522 9129"},{"Postcode":"4213","Name":"D & J Lutton-Brooks","Address":"4 Lovell Crt Worongary QLD 4213","Phone number":"(07) 5574 8133"},{"Postcode":"4285","Name":"L K Brooks","Address":"5 Albert St Beaudesert QLD 4285","Phone number":"(04) 1778 1170"},{"Postcode":"4285","Name":"L K Brooks","Address":"5 Albert St Beaudesert QLD 4285","Phone number":"(04) 1778 1170"},{"Postcode":"4224","Name":"J Brooks","Address":"23 San Michele St Tugun QLD 4224","Phone number":"(07) 5534 2154"},{"Postcode":"4224","Name":"J Brooks","Address":"23 San Michele St Tugun QLD 4224","Phone number":"(07) 5534 2154"},{"Postcode":"4285","Name":"L K Brooks","Address":"5 Albert St Beaudesert QLD 4285","Phone number":"(04) 1778 1170"},{"Postcode":"4209","Name":"S & P Brooks","Address":"9 Morning Tide La Coomera QLD 4209","Phone number":"(07) 5501 9394"},{"Postcode":"4227","Name":"M D & J Brooks","Address":"15 Bridgman Drv Reedy Creek QLD 4227","Phone number":"(07) 5593 6773"},{"Postcode":"4285","Name":"L K Brooks","Address":"5 Albert St Beaudesert QLD 4285","Phone number":"(04) 1778 1170"},{"Postcode":"4285","Name":"L K Brooks","Address":"5 Albert St Beaudesert QLD 4285","Phone number":"(04) 1778 1170"},{"Postcode":"4209","Name":"S & P Brooks","Address":"9 Morning Tide La Coomera QLD 4209","Phone number":"(07) 5501 9394"},{"Postcode":"4207","Name":"C N Brooks","Address":"95 Milne St Beenleigh QLD 4207","Phone number":"(07) 3287 3873"},{"Postcode":"4207","Name":"S Brooks","Address":"Un 1 17 Linning St Mt Warren Park QLD 4207","Phone number":"(07) 3807 2870"},{"Postcode":"4207","Name":"C N Brooks","Address":"95 Milne St Beenleigh QLD 4207","Phone number":"(07) 3287 3873"},{"Postcode":"4207","Name":"S Brooks","Address":"Un 1 17 Linning St Mt Warren Park QLD 4207","Phone number":"(07) 3807 2870"},{"Postcode":"4210","Name":"K Brooks","Address":"2 Hiva Ct Oxenford QLD 4210","Phone number":"(04) 2336 3735"},{"Postcode":"4285","Name":"L K Brooks","Address":"5 Albert St Beaudesert QLD 4285","Phone number":"(04) 1778 1170"},{"Postcode":"4207","Name":"C N Brooks","Address":"95 Milne St Beenleigh QLD 4207","Phone number":"(07) 3287 3873"},{"Postcode":"4207","Name":"S Brooks","Address":"Un 1 17 Linning St Mt Warren Park QLD 4207","Phone number":"(07) 3807 2870"},{"Postcode":"4213","Name":"M Brooks","Address":"6 Walker Drv Worongary QLD 4213","Phone number":"(07) 5522 9129"},{"Postcode":"4213","Name":"D & J Lutton-Brooks","Address":"4 Lovell Crt Worongary QLD 4213","Phone number":"(07) 5574 8133"},{"Postcode":"4207","Name":"C N Brooks","Address":"95 Milne St Beenleigh QLD 4207","Phone number":"(07) 3287 3873"},{"Postcode":"4207","Name":"S Brooks","Address":"Un 1 17 Linning St Mt Warren Park QLD 4207","Phone number":"(07) 3807 2870"},{"Postcode":"4207","Name":"C N Brooks","Address":"95 Milne St Beenleigh QLD 4207","Phone number":"(07) 3287 3873"},{"Postcode":"4207","Name":"S Brooks","Address":"Un 1 17 Linning St Mt Warren Park QLD 4207","Phone number":"(07) 3807 2870"},{"Postcode":"4207","Name":"C N Brooks","Address":"95 Milne St Beenleigh QLD 4207","Phone number":"(07) 3287 3873"},{"Postcode":"4207","Name":"S Brooks","Address":"Un 1 17 Linning St Mt Warren Park QLD 4207","Phone number":"(07) 3807 2870"}]