[{"Postcode":"6064","Name":"J Dixon","Address":"3 Baker Crt Alexander Heights WA 6064","Phone number":"(08) 9342 9130"},{"Postcode":"6167","Name":"D J Dixon","Address":"12 Sanctuary Drv Bertram WA 6167","Phone number":"(08) 9439 3525"},{"Postcode":"6167","Name":"Ms K Dixon","Address":"14 Parkway Gardn Parmelia WA 6167","Phone number":"(08) 9439 3853"},{"Postcode":"6167","Name":"R M Dixon","Address":"10 Gale Ct Calista WA 6167","Phone number":"(04) 0021 9916"},{"Postcode":"6112","Name":"M & B Dixon","Address":"113 Burrows Ret Mt Richon WA 6112","Phone number":"(08) 9497 5571"},{"Postcode":"6156","Name":"J Dixon","Address":"129 Moreing Rd Attadale WA 6156","Phone number":"(08) 9330 5368"},{"Postcode":"6164","Name":"B Dixon","Address":"27 Pearson Dr Success WA 6164","Phone number":"(04) 0067 9966"},{"Postcode":"6164","Name":"C Dixon","Address":"15 Wambiri Cl South Lake WA 6164","Phone number":"(08) 9414 8216"},{"Postcode":"6164","Name":"D Dixon","Address":"10 Mipia Crt South Lake WA 6164","Phone number":"(08) 9417 7163"},{"Postcode":"6164","Name":"Mr J Dixon","Address":"19 Catspaw Ave Beeliar WA 6164","Phone number":"(08) 6498 9312"},{"Postcode":"6164","Name":"L R & J Dixon","Address":"229 Pearse Rd Beeliar WA 6164","Phone number":"(08) 9410 1871"},{"Postcode":"6164","Name":"B Dixon","Address":"27 Pearson Dr Success WA 6164","Phone number":"(04) 0067 9966"},{"Postcode":"6164","Name":"C Dixon","Address":"15 Wambiri Cl South Lake WA 6164","Phone number":"(08) 9414 8216"},{"Postcode":"6164","Name":"D Dixon","Address":"10 Mipia Crt South Lake WA 6164","Phone number":"(08) 9417 7163"},{"Postcode":"6164","Name":"Mr J Dixon","Address":"19 Catspaw Ave Beeliar WA 6164","Phone number":"(08) 6498 9312"},{"Postcode":"6164","Name":"L R & J Dixon","Address":"229 Pearse Rd Beeliar WA 6164","Phone number":"(08) 9410 1871"},{"Postcode":"6233","Name":"F C Dixon","Address":"185 Old Coast Rd Australind WA 6233","Phone number":"(08) 9797 1187"},{"Postcode":"6171","Name":"A O Dixon-Pugh","Address":"118 Fifty Rd Baldivis WA 6171","Phone number":"(08) 9524 1142"},{"Postcode":"6061","Name":"T & E Dixon","Address":"52 Sylvia St Nollamara WA 6061","Phone number":"(08) 9349 0675"},{"Postcode":"6066","Name":"Patricia Dixon","Address":"1 Teal Mews Ballajura WA 6066","Phone number":"(08) 9249 7882"},{"Postcode":"6164","Name":"B Dixon","Address":"27 Pearson Dr Success WA 6164","Phone number":"(04) 0067 9966"},{"Postcode":"6164","Name":"C Dixon","Address":"15 Wambiri Cl South Lake WA 6164","Phone number":"(08) 9414 8216"},{"Postcode":"6164","Name":"D Dixon","Address":"10 Mipia Crt South Lake WA 6164","Phone number":"(08) 9417 7163"},{"Postcode":"6164","Name":"Mr J Dixon","Address":"19 Catspaw Ave Beeliar WA 6164","Phone number":"(08) 6498 9312"},{"Postcode":"6164","Name":"L R & J Dixon","Address":"229 Pearse Rd Beeliar WA 6164","Phone number":"(08) 9410 1871"},{"Postcode":"6210","Name":"B Dixon","Address":"9 Beachport Way Wannanup WA 6210","Phone number":"(08) 9534 4801"},{"Postcode":"6210","Name":"D Dixon","Address":"3 Bollard Cir Wannanup WA 6210","Phone number":"(04) 3990 9077"},{"Postcode":"6210","Name":"E & B F Dixon","Address":"22 Bronzewing Ct Erskine WA 6210","Phone number":"(08) 9581 5828"},{"Postcode":"6210","Name":"J F & L J Dixon","Address":"Un 58 2 Hungerford Ave Halls Head WA 6210","Phone number":"(08) 9535 4559"},{"Postcode":"6210","Name":"L J Dixon","Address":"16 Poinsettia Grn Halls Head WA 6210","Phone number":"(08) 9581 4008"},{"Postcode":"6210","Name":"N D & R Dixon","Address":"1 Sievewright St Silver Sands WA 6210","Phone number":"(08) 9581 6651"},{"Postcode":"6210","Name":"P Dixon","Address":"17 Ashburton Ct Dudley Park WA 6210","Phone number":"(08) 9583 5735"},{"Postcode":"6210","Name":"S Dixon","Address":"57 Shoveler Crs Erskine WA 6210","Phone number":"(08) 9534 4914"},{"Postcode":"6056","Name":"A G Dixon","Address":"39 Campolino Gdns Stratton WA 6056","Phone number":"(08) 9274 5105"},{"Postcode":"6150","Name":"M C & J M Dixon","Address":"ST IVES MURDOCH U 205 22 Windelya Rd Murdoch WA 6150","Phone number":"(08) 9312 3189"},{"Postcode":"6053","Name":"N M Dixon","Address":"17 Horley St Bayswater WA 6053","Phone number":"(08) 9279 4058"},{"Postcode":"6053","Name":"S & R Dixon","Address":"36 Burnside St Bayswater WA 6053","Phone number":"(08) 9272 3451"},{"Postcode":"6053","Name":"T Dixon","Address":"Un 2 57 Coode St Bayswater WA 6053","Phone number":"(08) 9371 9843"},{"Postcode":"6162","Name":"B Dixon","Address":"157 Solomon St Beaconsfield WA 6162","Phone number":"(08) 9335 6640"},{"Postcode":"6162","Name":"M Dixon","Address":"174 Marine Tce South Fremantle WA 6162","Phone number":"(08) 9430 4304"},{"Postcode":"6107","Name":"Mr B A Dixon","Address":"41D Grey St Cannington WA 6107","Phone number":"(08) 9458 4838"},{"Postcode":"6107","Name":"D Dixon","Address":"Un 3 152 Wharf St Cannington WA 6107","Phone number":"(08) 9356 1027"},{"Postcode":"6107","Name":"P Dixon","Address":"16 Irene Mccormack Way Queens Park WA 6107","Phone number":"(08) 9258 5595"},{"Postcode":"6112","Name":"M & B Dixon","Address":"113 Burrows Ret Mt Richon WA 6112","Phone number":"(08) 9497 5571"},{"Postcode":"6164","Name":"B Dixon","Address":"27 Pearson Dr Success WA 6164","Phone number":"(04) 0067 9966"},{"Postcode":"6164","Name":"C Dixon","Address":"15 Wambiri Cl South Lake WA 6164","Phone number":"(08) 9414 8216"},{"Postcode":"6164","Name":"D Dixon","Address":"10 Mipia Crt South Lake WA 6164","Phone number":"(08) 9417 7163"},{"Postcode":"6164","Name":"Mr J Dixon","Address":"19 Catspaw Ave Beeliar WA 6164","Phone number":"(08) 6498 9312"},{"Postcode":"6164","Name":"L R & J Dixon","Address":"229 Pearse Rd Beeliar WA 6164","Phone number":"(08) 9410 1871"},{"Postcode":"6027","Name":"J Dixon","Address":"22 Weldwood Rd Ocean Reef WA 6027","Phone number":"(08) 9307 2621"},{"Postcode":"6069","Name":"K Dixon","Address":"Un 7 14 Redstone Trl Ellenbrook WA 6069","Phone number":"(08) 9297 1424"},{"Postcode":"6056","Name":"A G Dixon","Address":"39 Campolino Gdns Stratton WA 6056","Phone number":"(08) 9274 5105"},{"Postcode":"6102","Name":"M R Dixon","Address":"40 Bedford St Bentley WA 6102","Phone number":"(08) 9458 3717"},{"Postcode":"6167","Name":"D J Dixon","Address":"12 Sanctuary Drv Bertram WA 6167","Phone number":"(08) 9439 3525"},{"Postcode":"6167","Name":"Ms K Dixon","Address":"14 Parkway Gardn Parmelia WA 6167","Phone number":"(08) 9439 3853"},{"Postcode":"6167","Name":"R M Dixon","Address":"10 Gale Ct Calista WA 6167","Phone number":"(04) 0021 9916"},{"Postcode":"6163","Name":"A D Dixon","Address":"14 A Park La Kardinya WA 6163","Phone number":"(08) 9310 9523"},{"Postcode":"6163","Name":"B & P Dixon","Address":"82 Gilbertson Rd Kardinya WA 6163","Phone number":"(08) 9337 5413"},{"Postcode":"6163","Name":"C Dixon","Address":"22 Farmhouse Drv Bibra Lake WA 6163","Phone number":"(08) 9414 7525"},{"Postcode":"6163","Name":"K Dixon","Address":"33 Paddington Ct Bibra Lake WA 6163","Phone number":"(08) 9494 1978"},{"Postcode":"6163","Name":"K Dixon","Address":"7 65 Frederick Rd Hamilton Hill WA 6163","Phone number":"(04) 8831 8877"},{"Postcode":"6157","Name":"S D Dixon","Address":"Un 3 14 Fifth St Bicton WA 6157","Phone number":"(08) 9339 3032"},{"Postcode":"6233","Name":"F C Dixon","Address":"185 Old Coast Rd Australind WA 6233","Phone number":"(08) 9797 1187"},{"Postcode":"6208","Name":"S Dixon","Address":"33 Cheyne Ct Pinjarra WA 6208","Phone number":"(04) 1220 3708"},{"Postcode":"6208","Name":"S W Dixon","Address":"2 Nuytsia Way Carcoola WA 6208","Phone number":"(08) 9531 2694"},{"Postcode":"6154","Name":"G W Dixon","Address":"4 Woodall Ramble Booragoon WA 6154","Phone number":"(04) 1292 0069"},{"Postcode":"6154","Name":"K Dixon","Address":"49 Karoonda Rd Booragoon WA 6154","Phone number":"(08) 9364 8410"},{"Postcode":"6210","Name":"B Dixon","Address":"9 Beachport Way Wannanup WA 6210","Phone number":"(08) 9534 4801"},{"Postcode":"6210","Name":"D Dixon","Address":"3 Bollard Cir Wannanup WA 6210","Phone number":"(04) 3990 9077"},{"Postcode":"6210","Name":"E & B F Dixon","Address":"22 Bronzewing Ct Erskine WA 6210","Phone number":"(08) 9581 5828"},{"Postcode":"6210","Name":"J F & L J Dixon","Address":"Un 58 2 Hungerford Ave Halls Head WA 6210","Phone number":"(08) 9535 4559"},{"Postcode":"6210","Name":"L J Dixon","Address":"16 Poinsettia Grn Halls Head WA 6210","Phone number":"(08) 9581 4008"},{"Postcode":"6210","Name":"N D & R Dixon","Address":"1 Sievewright St Silver Sands WA 6210","Phone number":"(08) 9581 6651"},{"Postcode":"6210","Name":"P Dixon","Address":"17 Ashburton Ct Dudley Park WA 6210","Phone number":"(08) 9583 5735"},{"Postcode":"6210","Name":"S Dixon","Address":"57 Shoveler Crs Erskine WA 6210","Phone number":"(08) 9534 4914"},{"Postcode":"6069","Name":"K Dixon","Address":"Un 7 14 Redstone Trl Ellenbrook WA 6069","Phone number":"(08) 9297 1424"},{"Postcode":"6112","Name":"M & B Dixon","Address":"113 Burrows Ret Mt Richon WA 6112","Phone number":"(08) 9497 5571"},{"Postcode":"6230","Name":"Mr & Mrs C Dixon","Address":"5 Morrissey St Glen Iris WA 6230","Phone number":"(08) 9725 4313"},{"Postcode":"6230","Name":"C & M Dixon","Address":"22 Houston Cres South Bunbury WA 6230","Phone number":"(08) 9721 2442"},{"Postcode":"6230","Name":"F F Dixon","Address":"71 Vittoria Rd Glen Iris WA 6230","Phone number":"(08) 9725 4458"},{"Postcode":"6230","Name":"S Dixon","Address":"63 Petherick St East Bunbury WA 6230","Phone number":"(08) 9721 3716"},{"Postcode":"6230","Name":"W Dixon","Address":"46 Tuart St Bunbury WA 6230","Phone number":"(08) 9721 3632"},{"Postcode":"6036","Name":"D Dixon","Address":"4 Costelloe Gardns Butler WA 6036","Phone number":"(08) 9562 1075"},{"Postcode":"6036","Name":"S Dixon","Address":"37 Windjammer Pkwy Jindalee WA 6036","Phone number":"(08) 9562 7348"},{"Postcode":"6167","Name":"D J Dixon","Address":"12 Sanctuary Drv Bertram WA 6167","Phone number":"(08) 9439 3525"},{"Postcode":"6167","Name":"Ms K Dixon","Address":"14 Parkway Gardn Parmelia WA 6167","Phone number":"(08) 9439 3853"},{"Postcode":"6167","Name":"R M Dixon","Address":"10 Gale Ct Calista WA 6167","Phone number":"(04) 0021 9916"},{"Postcode":"6111","Name":"Mrs K Dixon","Address":"68 Marmion St Kelmscott WA 6111","Phone number":"(08) 9390 3296"},{"Postcode":"6111","Name":"L J Dixon","Address":"FL 1 68 Marmion St Kelmscott WA 6111","Phone number":"(08) 9390 8880"},{"Postcode":"6111","Name":"M Dixon","Address":"6 O'Sullivan Drv Camillo WA 6111","Phone number":"(08) 9495 2496"},{"Postcode":"6155","Name":"M Dixon","Address":"18 Baychester Cir Canning Vale WA 6155","Phone number":"(08) 9455 4193"},{"Postcode":"6155","Name":"M Dixon","Address":"18 Baychester Cir Canning Vale WA 6155","Phone number":"(08) 9455 4192"},{"Postcode":"6155","Name":"C S Nathan Dixon","Address":"37 Spinifex Way Canning Vale WA 6155","Phone number":"(08) 9455 7110"},{"Postcode":"6155","Name":"M Dixon","Address":"18 Baychester Cir Canning Vale WA 6155","Phone number":"(08) 9455 4193"},{"Postcode":"6155","Name":"M Dixon","Address":"18 Baychester Cir Canning Vale WA 6155","Phone number":"(08) 9455 4192"},{"Postcode":"6155","Name":"C S Nathan Dixon","Address":"37 Spinifex Way Canning Vale WA 6155","Phone number":"(08) 9455 7110"},{"Postcode":"6107","Name":"Mr B A Dixon","Address":"41D Grey St Cannington WA 6107","Phone number":"(08) 9458 4838"},{"Postcode":"6107","Name":"D Dixon","Address":"Un 3 152 Wharf St Cannington WA 6107","Phone number":"(08) 9356 1027"},{"Postcode":"6107","Name":"P Dixon","Address":"16 Irene Mccormack Way Queens Park WA 6107","Phone number":"(08) 9258 5595"},{"Postcode":"6230","Name":"Mr & Mrs C Dixon","Address":"5 Morrissey St Glen Iris WA 6230","Phone number":"(08) 9725 4313"},{"Postcode":"6230","Name":"C & M Dixon","Address":"22 Houston Cres South Bunbury WA 6230","Phone number":"(08) 9721 2442"},{"Postcode":"6230","Name":"F F Dixon","Address":"71 Vittoria Rd Glen Iris WA 6230","Phone number":"(08) 9725 4458"},{"Postcode":"6230","Name":"S Dixon","Address":"63 Petherick St East Bunbury WA 6230","Phone number":"(08) 9721 3716"},{"Postcode":"6230","Name":"W Dixon","Address":"46 Tuart St Bunbury WA 6230","Phone number":"(08) 9721 3632"},{"Postcode":"6020","Name":"M Dixon","Address":"7 Sawley Ct Carine WA 6020","Phone number":"(08) 9447 6706"},{"Postcode":"6101","Name":"M R Dixon","Address":"17 A Lake View St East Victoria Park WA 6101","Phone number":"(08) 9361 2341"},{"Postcode":"6101","Name":"P Dixon","Address":"70 Star St Carlisle WA 6101","Phone number":"(04) 8853 6553"},{"Postcode":"6167","Name":"D J Dixon","Address":"12 Sanctuary Drv Bertram WA 6167","Phone number":"(08) 9439 3525"},{"Postcode":"6167","Name":"Ms K Dixon","Address":"14 Parkway Gardn Parmelia WA 6167","Phone number":"(08) 9439 3853"},{"Postcode":"6167","Name":"R M Dixon","Address":"10 Gale Ct Calista WA 6167","Phone number":"(04) 0021 9916"},{"Postcode":"6111","Name":"Mrs K Dixon","Address":"68 Marmion St Kelmscott WA 6111","Phone number":"(08) 9390 3296"},{"Postcode":"6111","Name":"L J Dixon","Address":"FL 1 68 Marmion St Kelmscott WA 6111","Phone number":"(08) 9390 8880"},{"Postcode":"6111","Name":"M Dixon","Address":"6 O'Sullivan Drv Camillo WA 6111","Phone number":"(08) 9495 2496"},{"Postcode":"6018","Name":"I & S M Dixon","Address":"26 Gamble Way Karrinyup WA 6018","Phone number":"(08) 9341 3175"},{"Postcode":"6015","Name":"S Dixon","Address":"32 Hovea Crs City Beach WA 6015","Phone number":"(08) 9385 8463"},{"Postcode":"6010","Name":"A Dixon","Address":"19 Victoria Ave Claremont WA 6010","Phone number":"(08) 9384 6487"},{"Postcode":"6010","Name":"A Dixon","Address":"19 Victoria Ave Claremont WA 6010","Phone number":"(08) 9384 6487"},{"Postcode":"6030","Name":"C Dixon","Address":"Un 170 76 Ridgewood Blv Ridgewood WA 6030","Phone number":"(08) 9304 4788"},{"Postcode":"6210","Name":"B Dixon","Address":"9 Beachport Way Wannanup WA 6210","Phone number":"(08) 9534 4801"},{"Postcode":"6210","Name":"D Dixon","Address":"3 Bollard Cir Wannanup WA 6210","Phone number":"(04) 3990 9077"},{"Postcode":"6210","Name":"E & B F Dixon","Address":"22 Bronzewing Ct Erskine WA 6210","Phone number":"(08) 9581 5828"},{"Postcode":"6210","Name":"J F & L J Dixon","Address":"Un 58 2 Hungerford Ave Halls Head WA 6210","Phone number":"(08) 9535 4559"},{"Postcode":"6210","Name":"L J Dixon","Address":"16 Poinsettia Grn Halls Head WA 6210","Phone number":"(08) 9581 4008"},{"Postcode":"6210","Name":"N D & R Dixon","Address":"1 Sievewright St Silver Sands WA 6210","Phone number":"(08) 9581 6651"},{"Postcode":"6210","Name":"P Dixon","Address":"17 Ashburton Ct Dudley Park WA 6210","Phone number":"(08) 9583 5735"},{"Postcode":"6210","Name":"S Dixon","Address":"57 Shoveler Crs Erskine WA 6210","Phone number":"(08) 9534 4914"},{"Postcode":"6105","Name":"K D Dixon","Address":"6 Rowlands St Kewdale WA 6105","Phone number":"(08) 9361 3654"},{"Postcode":"6230","Name":"Mr & Mrs C Dixon","Address":"5 Morrissey St Glen Iris WA 6230","Phone number":"(08) 9725 4313"},{"Postcode":"6230","Name":"C & M Dixon","Address":"22 Houston Cres South Bunbury WA 6230","Phone number":"(08) 9721 2442"},{"Postcode":"6230","Name":"F F Dixon","Address":"71 Vittoria Rd Glen Iris WA 6230","Phone number":"(08) 9725 4458"},{"Postcode":"6230","Name":"S Dixon","Address":"63 Petherick St East Bunbury WA 6230","Phone number":"(08) 9721 3716"},{"Postcode":"6230","Name":"W Dixon","Address":"46 Tuart St Bunbury WA 6230","Phone number":"(08) 9721 3632"},{"Postcode":"6152","Name":"C M Dixon","Address":"40 Roebuck Drv Salter Point WA 6152","Phone number":"(08) 9313 3194"},{"Postcode":"6152","Name":"D C Dixon","Address":"Un 4 71 Ley St Como WA 6152","Phone number":"(08) 9450 2155"},{"Postcode":"6152","Name":"Mark & Colleen Dixon","Address":"89 Lockhart St Como WA 6152","Phone number":"(04) 1382 0071"},{"Postcode":"6210","Name":"B Dixon","Address":"9 Beachport Way Wannanup WA 6210","Phone number":"(08) 9534 4801"},{"Postcode":"6210","Name":"D Dixon","Address":"3 Bollard Cir Wannanup WA 6210","Phone number":"(04) 3990 9077"},{"Postcode":"6210","Name":"E & B F Dixon","Address":"22 Bronzewing Ct Erskine WA 6210","Phone number":"(08) 9581 5828"},{"Postcode":"6210","Name":"J F & L J Dixon","Address":"Un 58 2 Hungerford Ave Halls Head WA 6210","Phone number":"(08) 9535 4559"},{"Postcode":"6210","Name":"L J Dixon","Address":"16 Poinsettia Grn Halls Head WA 6210","Phone number":"(08) 9581 4008"},{"Postcode":"6210","Name":"N D & R Dixon","Address":"1 Sievewright St Silver Sands WA 6210","Phone number":"(08) 9581 6651"},{"Postcode":"6210","Name":"P Dixon","Address":"17 Ashburton Ct Dudley Park WA 6210","Phone number":"(08) 9583 5735"},{"Postcode":"6210","Name":"S Dixon","Address":"57 Shoveler Crs Erskine WA 6210","Phone number":"(08) 9534 4914"},{"Postcode":"6166","Name":"P Dixon","Address":"28 Postans Rd Wattleup WA 6166","Phone number":"(04) 1890 4374"},{"Postcode":"6166","Name":"W Dixon","Address":"22 Postans Rd Wattleup WA 6166","Phone number":"(08) 9410 1374"},{"Postcode":"6163","Name":"A D Dixon","Address":"14 A Park La Kardinya WA 6163","Phone number":"(08) 9310 9523"},{"Postcode":"6163","Name":"B & P Dixon","Address":"82 Gilbertson Rd Kardinya WA 6163","Phone number":"(08) 9337 5413"},{"Postcode":"6163","Name":"C Dixon","Address":"22 Farmhouse Drv Bibra Lake WA 6163","Phone number":"(08) 9414 7525"},{"Postcode":"6163","Name":"K Dixon","Address":"33 Paddington Ct Bibra Lake WA 6163","Phone number":"(08) 9494 1978"},{"Postcode":"6163","Name":"K Dixon","Address":"7 65 Frederick Rd Hamilton Hill WA 6163","Phone number":"(04) 8831 8877"},{"Postcode":"6050","Name":"S C S Dixon","Address":"148 Fourth Ave Mt Lawley WA 6050","Phone number":"(08) 9271 2810"},{"Postcode":"6168","Name":"D Dixon","Address":"12 Mcnicholl St Rockingham WA 6168","Phone number":"(08) 9529 3874"},{"Postcode":"6168","Name":"M E Dixon","Address":"10A Clennett Cl Cooloongup WA 6168","Phone number":"(08) 9592 3998"},{"Postcode":"6168","Name":"N Dixon","Address":"2 Govener Rd Rockingham WA 6168","Phone number":"(04) 2771 7760"},{"Postcode":"6025","Name":"C N Dixon","Address":"11 Angove Drv Hillarys WA 6025","Phone number":"(08) 9402 3331"},{"Postcode":"6230","Name":"Mr & Mrs C Dixon","Address":"5 Morrissey St Glen Iris WA 6230","Phone number":"(08) 9725 4313"},{"Postcode":"6230","Name":"C & M Dixon","Address":"22 Houston Cres South Bunbury WA 6230","Phone number":"(08) 9721 2442"},{"Postcode":"6230","Name":"F F Dixon","Address":"71 Vittoria Rd Glen Iris WA 6230","Phone number":"(08) 9725 4458"},{"Postcode":"6230","Name":"S Dixon","Address":"63 Petherick St East Bunbury WA 6230","Phone number":"(08) 9721 3716"},{"Postcode":"6230","Name":"W Dixon","Address":"46 Tuart St Bunbury WA 6230","Phone number":"(08) 9721 3632"},{"Postcode":"6230","Name":"Mr & Mrs C Dixon","Address":"5 Morrissey St Glen Iris WA 6230","Phone number":"(08) 9725 4313"},{"Postcode":"6230","Name":"C & M Dixon","Address":"22 Houston Cres South Bunbury WA 6230","Phone number":"(08) 9721 2442"},{"Postcode":"6230","Name":"F F Dixon","Address":"71 Vittoria Rd Glen Iris WA 6230","Phone number":"(08) 9725 4458"},{"Postcode":"6230","Name":"S Dixon","Address":"63 Petherick St East Bunbury WA 6230","Phone number":"(08) 9721 3716"},{"Postcode":"6230","Name":"W Dixon","Address":"46 Tuart St Bunbury WA 6230","Phone number":"(08) 9721 3632"},{"Postcode":"6210","Name":"B Dixon","Address":"9 Beachport Way Wannanup WA 6210","Phone number":"(08) 9534 4801"},{"Postcode":"6210","Name":"D Dixon","Address":"3 Bollard Cir Wannanup WA 6210","Phone number":"(04) 3990 9077"},{"Postcode":"6210","Name":"E & B F Dixon","Address":"22 Bronzewing Ct Erskine WA 6210","Phone number":"(08) 9581 5828"},{"Postcode":"6210","Name":"J F & L J Dixon","Address":"Un 58 2 Hungerford Ave Halls Head WA 6210","Phone number":"(08) 9535 4559"},{"Postcode":"6210","Name":"L J Dixon","Address":"16 Poinsettia Grn Halls Head WA 6210","Phone number":"(08) 9581 4008"},{"Postcode":"6210","Name":"N D & R Dixon","Address":"1 Sievewright St Silver Sands WA 6210","Phone number":"(08) 9581 6651"},{"Postcode":"6210","Name":"P Dixon","Address":"17 Ashburton Ct Dudley Park WA 6210","Phone number":"(08) 9583 5735"},{"Postcode":"6210","Name":"S Dixon","Address":"57 Shoveler Crs Erskine WA 6210","Phone number":"(08) 9534 4914"},{"Postcode":"6060","Name":"A Dixon","Address":"195 Edinboro St Joondanna WA 6060","Phone number":"(08) 9444 8656"},{"Postcode":"6060","Name":"D Dixon","Address":"244 Hector St Tuart Hill WA 6060","Phone number":"(08) 9444 4822"},{"Postcode":"6060","Name":"R G Dixon","Address":"171 Mcdonald St Joondanna WA 6060","Phone number":"(08) 9444 5108"},{"Postcode":"6060","Name":"T Dixon","Address":"80 York St Tuart Hill WA 6060","Phone number":"(04) 0338 1464"},{"Postcode":"6018","Name":"I & S M Dixon","Address":"26 Gamble Way Karrinyup WA 6018","Phone number":"(08) 9341 3175"},{"Postcode":"6210","Name":"B Dixon","Address":"9 Beachport Way Wannanup WA 6210","Phone number":"(08) 9534 4801"},{"Postcode":"6210","Name":"D Dixon","Address":"3 Bollard Cir Wannanup WA 6210","Phone number":"(04) 3990 9077"},{"Postcode":"6210","Name":"E & B F Dixon","Address":"22 Bronzewing Ct Erskine WA 6210","Phone number":"(08) 9581 5828"},{"Postcode":"6210","Name":"J F & L J Dixon","Address":"Un 58 2 Hungerford Ave Halls Head WA 6210","Phone number":"(08) 9535 4559"},{"Postcode":"6210","Name":"L J Dixon","Address":"16 Poinsettia Grn Halls Head WA 6210","Phone number":"(08) 9581 4008"},{"Postcode":"6210","Name":"N D & R Dixon","Address":"1 Sievewright St Silver Sands WA 6210","Phone number":"(08) 9581 6651"},{"Postcode":"6210","Name":"P Dixon","Address":"17 Ashburton Ct Dudley Park WA 6210","Phone number":"(08) 9583 5735"},{"Postcode":"6210","Name":"S Dixon","Address":"57 Shoveler Crs Erskine WA 6210","Phone number":"(08) 9534 4914"},{"Postcode":"6023","Name":"M J Dixon","Address":"8 Geddes Cl Duncraig WA 6023","Phone number":"(08) 9246 0730"},{"Postcode":"6230","Name":"Mr & Mrs C Dixon","Address":"5 Morrissey St Glen Iris WA 6230","Phone number":"(08) 9725 4313"},{"Postcode":"6230","Name":"C & M Dixon","Address":"22 Houston Cres South Bunbury WA 6230","Phone number":"(08) 9721 2442"},{"Postcode":"6230","Name":"F F Dixon","Address":"71 Vittoria Rd Glen Iris WA 6230","Phone number":"(08) 9725 4458"},{"Postcode":"6230","Name":"S Dixon","Address":"63 Petherick St East Bunbury WA 6230","Phone number":"(08) 9721 3716"},{"Postcode":"6230","Name":"W Dixon","Address":"46 Tuart St Bunbury WA 6230","Phone number":"(08) 9721 3632"},{"Postcode":"6158","Name":"L Dixon","Address":"9 Preston Point Rd East Fremantle WA 6158","Phone number":"(04) 1799 6108"},{"Postcode":"6168","Name":"D Dixon","Address":"12 Mcnicholl St Rockingham WA 6168","Phone number":"(08) 9529 3874"},{"Postcode":"6168","Name":"M E Dixon","Address":"10A Clennett Cl Cooloongup WA 6168","Phone number":"(08) 9592 3998"},{"Postcode":"6168","Name":"N Dixon","Address":"2 Govener Rd Rockingham WA 6168","Phone number":"(04) 2771 7760"},{"Postcode":"6101","Name":"M R Dixon","Address":"17 A Lake View St East Victoria Park WA 6101","Phone number":"(08) 9361 2341"},{"Postcode":"6101","Name":"P Dixon","Address":"70 Star St Carlisle WA 6101","Phone number":"(04) 8853 6553"},{"Postcode":"6232","Name":"Mrs Rj&ge Dixon","Address":"1 Brangus Pl Eaton WA 6232","Phone number":"(08) 9725 2595"},{"Postcode":"6027","Name":"J Dixon","Address":"22 Weldwood Rd Ocean Reef WA 6027","Phone number":"(08) 9307 2621"},{"Postcode":"6069","Name":"K Dixon","Address":"Un 7 14 Redstone Trl Ellenbrook WA 6069","Phone number":"(08) 9297 1424"},{"Postcode":"6069","Name":"K Dixon","Address":"Un 7 14 Redstone Trl Ellenbrook WA 6069","Phone number":"(08) 9297 1424"},{"Postcode":"6210","Name":"B Dixon","Address":"9 Beachport Way Wannanup WA 6210","Phone number":"(08) 9534 4801"},{"Postcode":"6210","Name":"D Dixon","Address":"3 Bollard Cir Wannanup WA 6210","Phone number":"(04) 3990 9077"},{"Postcode":"6210","Name":"E & B F Dixon","Address":"22 Bronzewing Ct Erskine WA 6210","Phone number":"(08) 9581 5828"},{"Postcode":"6210","Name":"J F & L J Dixon","Address":"Un 58 2 Hungerford Ave Halls Head WA 6210","Phone number":"(08) 9535 4559"},{"Postcode":"6210","Name":"L J Dixon","Address":"16 Poinsettia Grn Halls Head WA 6210","Phone number":"(08) 9581 4008"},{"Postcode":"6210","Name":"N D & R Dixon","Address":"1 Sievewright St Silver Sands WA 6210","Phone number":"(08) 9581 6651"},{"Postcode":"6210","Name":"P Dixon","Address":"17 Ashburton Ct Dudley Park WA 6210","Phone number":"(08) 9583 5735"},{"Postcode":"6210","Name":"S Dixon","Address":"57 Shoveler Crs Erskine WA 6210","Phone number":"(08) 9534 4914"},{"Postcode":"6208","Name":"S Dixon","Address":"33 Cheyne Ct Pinjarra WA 6208","Phone number":"(04) 1220 3708"},{"Postcode":"6208","Name":"S W Dixon","Address":"2 Nuytsia Way Carcoola WA 6208","Phone number":"(08) 9531 2694"},{"Postcode":"6210","Name":"B Dixon","Address":"9 Beachport Way Wannanup WA 6210","Phone number":"(08) 9534 4801"},{"Postcode":"6210","Name":"D Dixon","Address":"3 Bollard Cir Wannanup WA 6210","Phone number":"(04) 3990 9077"},{"Postcode":"6210","Name":"E & B F Dixon","Address":"22 Bronzewing Ct Erskine WA 6210","Phone number":"(08) 9581 5828"},{"Postcode":"6210","Name":"J F & L J Dixon","Address":"Un 58 2 Hungerford Ave Halls Head WA 6210","Phone number":"(08) 9535 4559"},{"Postcode":"6210","Name":"L J Dixon","Address":"16 Poinsettia Grn Halls Head WA 6210","Phone number":"(08) 9581 4008"},{"Postcode":"6210","Name":"N D & R Dixon","Address":"1 Sievewright St Silver Sands WA 6210","Phone number":"(08) 9581 6651"},{"Postcode":"6210","Name":"P Dixon","Address":"17 Ashburton Ct Dudley Park WA 6210","Phone number":"(08) 9583 5735"},{"Postcode":"6210","Name":"S Dixon","Address":"57 Shoveler Crs Erskine WA 6210","Phone number":"(08) 9534 4914"},{"Postcode":"6014","Name":"L E Dixon","Address":"496 Cambridge St Floreat WA 6014","Phone number":"(08) 9387 2718"},{"Postcode":"6112","Name":"M & B Dixon","Address":"113 Burrows Ret Mt Richon WA 6112","Phone number":"(08) 9497 5571"},{"Postcode":"6058","Name":"A Dixon","Address":"52 Carissa Way Forrestfield WA 6058","Phone number":"(08) 9453 3880"},{"Postcode":"6160","Name":"S Cooper-Dixon","Address":"71 Forrest St Fremantle WA 6160","Phone number":"(08) 9335 1058"},{"Postcode":"6210","Name":"B Dixon","Address":"9 Beachport Way Wannanup WA 6210","Phone number":"(08) 9534 4801"},{"Postcode":"6210","Name":"D Dixon","Address":"3 Bollard Cir Wannanup WA 6210","Phone number":"(04) 3990 9077"},{"Postcode":"6210","Name":"E & B F Dixon","Address":"22 Bronzewing Ct Erskine WA 6210","Phone number":"(08) 9581 5828"},{"Postcode":"6210","Name":"J F & L J Dixon","Address":"Un 58 2 Hungerford Ave Halls Head WA 6210","Phone number":"(08) 9535 4559"},{"Postcode":"6210","Name":"L J Dixon","Address":"16 Poinsettia Grn Halls Head WA 6210","Phone number":"(08) 9581 4008"},{"Postcode":"6210","Name":"N D & R Dixon","Address":"1 Sievewright St Silver Sands WA 6210","Phone number":"(08) 9581 6651"},{"Postcode":"6210","Name":"P Dixon","Address":"17 Ashburton Ct Dudley Park WA 6210","Phone number":"(08) 9583 5735"},{"Postcode":"6210","Name":"S Dixon","Address":"57 Shoveler Crs Erskine WA 6210","Phone number":"(08) 9534 4914"},{"Postcode":"6168","Name":"D Dixon","Address":"12 Mcnicholl St Rockingham WA 6168","Phone number":"(08) 9529 3874"},{"Postcode":"6168","Name":"M E Dixon","Address":"10A Clennett Cl Cooloongup WA 6168","Phone number":"(08) 9592 3998"},{"Postcode":"6168","Name":"N Dixon","Address":"2 Govener Rd Rockingham WA 6168","Phone number":"(04) 2771 7760"},{"Postcode":"6230","Name":"Mr & Mrs C Dixon","Address":"5 Morrissey St Glen Iris WA 6230","Phone number":"(08) 9725 4313"},{"Postcode":"6230","Name":"C & M Dixon","Address":"22 Houston Cres South Bunbury WA 6230","Phone number":"(08) 9721 2442"},{"Postcode":"6230","Name":"F F Dixon","Address":"71 Vittoria Rd Glen Iris WA 6230","Phone number":"(08) 9725 4458"},{"Postcode":"6230","Name":"S Dixon","Address":"63 Petherick St East Bunbury WA 6230","Phone number":"(08) 9721 3716"},{"Postcode":"6230","Name":"W Dixon","Address":"46 Tuart St Bunbury WA 6230","Phone number":"(08) 9721 3632"},{"Postcode":"6064","Name":"J Dixon","Address":"3 Baker Crt Alexander Heights WA 6064","Phone number":"(08) 9342 9130"},{"Postcode":"6230","Name":"Mr & Mrs C Dixon","Address":"5 Morrissey St Glen Iris WA 6230","Phone number":"(08) 9725 4313"},{"Postcode":"6230","Name":"C & M Dixon","Address":"22 Houston Cres South Bunbury WA 6230","Phone number":"(08) 9721 2442"},{"Postcode":"6230","Name":"F F Dixon","Address":"71 Vittoria Rd Glen Iris WA 6230","Phone number":"(08) 9725 4458"},{"Postcode":"6230","Name":"S Dixon","Address":"63 Petherick St East Bunbury WA 6230","Phone number":"(08) 9721 3716"},{"Postcode":"6230","Name":"W Dixon","Address":"46 Tuart St Bunbury WA 6230","Phone number":"(08) 9721 3632"},{"Postcode":"6016","Name":"M Dixon","Address":"7 Fairfield St Mt Hawthorn WA 6016","Phone number":"(08) 9444 1071"},{"Postcode":"6023","Name":"M J Dixon","Address":"8 Geddes Cl Duncraig WA 6023","Phone number":"(08) 9246 0730"},{"Postcode":"6110","Name":"G D Dixon","Address":"2462 Albany Hwy Gosnells WA 6110","Phone number":"(08) 9398 1747"},{"Postcode":"6210","Name":"B Dixon","Address":"9 Beachport Way Wannanup WA 6210","Phone number":"(08) 9534 4801"},{"Postcode":"6210","Name":"D Dixon","Address":"3 Bollard Cir Wannanup WA 6210","Phone number":"(04) 3990 9077"},{"Postcode":"6210","Name":"E & B F Dixon","Address":"22 Bronzewing Ct Erskine WA 6210","Phone number":"(08) 9581 5828"},{"Postcode":"6210","Name":"J F & L J Dixon","Address":"Un 58 2 Hungerford Ave Halls Head WA 6210","Phone number":"(08) 9535 4559"},{"Postcode":"6210","Name":"L J Dixon","Address":"16 Poinsettia Grn Halls Head WA 6210","Phone number":"(08) 9581 4008"},{"Postcode":"6210","Name":"N D & R Dixon","Address":"1 Sievewright St Silver Sands WA 6210","Phone number":"(08) 9581 6651"},{"Postcode":"6210","Name":"P Dixon","Address":"17 Ashburton Ct Dudley Park WA 6210","Phone number":"(08) 9583 5735"},{"Postcode":"6210","Name":"S Dixon","Address":"57 Shoveler Crs Erskine WA 6210","Phone number":"(08) 9534 4914"},{"Postcode":"6056","Name":"A G Dixon","Address":"39 Campolino Gdns Stratton WA 6056","Phone number":"(08) 9274 5105"},{"Postcode":"6018","Name":"I & S M Dixon","Address":"26 Gamble Way Karrinyup WA 6018","Phone number":"(08) 9341 3175"},{"Postcode":"6210","Name":"B Dixon","Address":"9 Beachport Way Wannanup WA 6210","Phone number":"(08) 9534 4801"},{"Postcode":"6210","Name":"D Dixon","Address":"3 Bollard Cir Wannanup WA 6210","Phone number":"(04) 3990 9077"},{"Postcode":"6210","Name":"E & B F Dixon","Address":"22 Bronzewing Ct Erskine WA 6210","Phone number":"(08) 9581 5828"},{"Postcode":"6210","Name":"J F & L J Dixon","Address":"Un 58 2 Hungerford Ave Halls Head WA 6210","Phone number":"(08) 9535 4559"},{"Postcode":"6210","Name":"L J Dixon","Address":"16 Poinsettia Grn Halls Head WA 6210","Phone number":"(08) 9581 4008"},{"Postcode":"6210","Name":"N D & R Dixon","Address":"1 Sievewright St Silver Sands WA 6210","Phone number":"(08) 9581 6651"},{"Postcode":"6210","Name":"P Dixon","Address":"17 Ashburton Ct Dudley Park WA 6210","Phone number":"(08) 9583 5735"},{"Postcode":"6210","Name":"S Dixon","Address":"57 Shoveler Crs Erskine WA 6210","Phone number":"(08) 9534 4914"},{"Postcode":"6163","Name":"A D Dixon","Address":"14 A Park La Kardinya WA 6163","Phone number":"(08) 9310 9523"},{"Postcode":"6163","Name":"B & P Dixon","Address":"82 Gilbertson Rd Kardinya WA 6163","Phone number":"(08) 9337 5413"},{"Postcode":"6163","Name":"C Dixon","Address":"22 Farmhouse Drv Bibra Lake WA 6163","Phone number":"(08) 9414 7525"},{"Postcode":"6163","Name":"K Dixon","Address":"33 Paddington Ct Bibra Lake WA 6163","Phone number":"(08) 9494 1978"},{"Postcode":"6163","Name":"K Dixon","Address":"7 65 Frederick Rd Hamilton Hill WA 6163","Phone number":"(04) 8831 8877"},{"Postcode":"6164","Name":"B Dixon","Address":"27 Pearson Dr Success WA 6164","Phone number":"(04) 0067 9966"},{"Postcode":"6164","Name":"C Dixon","Address":"15 Wambiri Cl South Lake WA 6164","Phone number":"(08) 9414 8216"},{"Postcode":"6164","Name":"D Dixon","Address":"10 Mipia Crt South Lake WA 6164","Phone number":"(08) 9417 7163"},{"Postcode":"6164","Name":"Mr J Dixon","Address":"19 Catspaw Ave Beeliar WA 6164","Phone number":"(08) 6498 9312"},{"Postcode":"6164","Name":"L R & J Dixon","Address":"229 Pearse Rd Beeliar WA 6164","Phone number":"(08) 9410 1871"},{"Postcode":"6027","Name":"J Dixon","Address":"22 Weldwood Rd Ocean Reef WA 6027","Phone number":"(08) 9307 2621"},{"Postcode":"6056","Name":"A G Dixon","Address":"39 Campolino Gdns Stratton WA 6056","Phone number":"(08) 9274 5105"},{"Postcode":"6166","Name":"P Dixon","Address":"28 Postans Rd Wattleup WA 6166","Phone number":"(04) 1890 4374"},{"Postcode":"6166","Name":"W Dixon","Address":"22 Postans Rd Wattleup WA 6166","Phone number":"(08) 9410 1374"},{"Postcode":"6056","Name":"A G Dixon","Address":"39 Campolino Gdns Stratton WA 6056","Phone number":"(08) 9274 5105"},{"Postcode":"6210","Name":"B Dixon","Address":"9 Beachport Way Wannanup WA 6210","Phone number":"(08) 9534 4801"},{"Postcode":"6210","Name":"D Dixon","Address":"3 Bollard Cir Wannanup WA 6210","Phone number":"(04) 3990 9077"},{"Postcode":"6210","Name":"E & B F Dixon","Address":"22 Bronzewing Ct Erskine WA 6210","Phone number":"(08) 9581 5828"},{"Postcode":"6210","Name":"J F & L J Dixon","Address":"Un 58 2 Hungerford Ave Halls Head WA 6210","Phone number":"(08) 9535 4559"},{"Postcode":"6210","Name":"L J Dixon","Address":"16 Poinsettia Grn Halls Head WA 6210","Phone number":"(08) 9581 4008"},{"Postcode":"6210","Name":"N D & R Dixon","Address":"1 Sievewright St Silver Sands WA 6210","Phone number":"(08) 9581 6651"},{"Postcode":"6210","Name":"P Dixon","Address":"17 Ashburton Ct Dudley Park WA 6210","Phone number":"(08) 9583 5735"},{"Postcode":"6210","Name":"S Dixon","Address":"57 Shoveler Crs Erskine WA 6210","Phone number":"(08) 9534 4914"},{"Postcode":"6025","Name":"C N Dixon","Address":"11 Angove Drv Hillarys WA 6025","Phone number":"(08) 9402 3331"},{"Postcode":"6168","Name":"D Dixon","Address":"12 Mcnicholl St Rockingham WA 6168","Phone number":"(08) 9529 3874"},{"Postcode":"6168","Name":"M E Dixon","Address":"10A Clennett Cl Cooloongup WA 6168","Phone number":"(08) 9592 3998"},{"Postcode":"6168","Name":"N Dixon","Address":"2 Govener Rd Rockingham WA 6168","Phone number":"(04) 2771 7760"},{"Postcode":"6163","Name":"A D Dixon","Address":"14 A Park La Kardinya WA 6163","Phone number":"(08) 9310 9523"},{"Postcode":"6163","Name":"B & P Dixon","Address":"82 Gilbertson Rd Kardinya WA 6163","Phone number":"(08) 9337 5413"},{"Postcode":"6163","Name":"C Dixon","Address":"22 Farmhouse Drv Bibra Lake WA 6163","Phone number":"(08) 9414 7525"},{"Postcode":"6163","Name":"K Dixon","Address":"33 Paddington Ct Bibra Lake WA 6163","Phone number":"(08) 9494 1978"},{"Postcode":"6163","Name":"K Dixon","Address":"7 65 Frederick Rd Hamilton Hill WA 6163","Phone number":"(04) 8831 8877"},{"Postcode":"6110","Name":"G D Dixon","Address":"2462 Albany Hwy Gosnells WA 6110","Phone number":"(08) 9398 1747"},{"Postcode":"6018","Name":"I & S M Dixon","Address":"26 Gamble Way Karrinyup WA 6018","Phone number":"(08) 9341 3175"},{"Postcode":"6164","Name":"B Dixon","Address":"27 Pearson Dr Success WA 6164","Phone number":"(04) 0067 9966"},{"Postcode":"6164","Name":"C Dixon","Address":"15 Wambiri Cl South Lake WA 6164","Phone number":"(08) 9414 8216"},{"Postcode":"6164","Name":"D Dixon","Address":"10 Mipia Crt South Lake WA 6164","Phone number":"(08) 9417 7163"},{"Postcode":"6164","Name":"Mr J Dixon","Address":"19 Catspaw Ave Beeliar WA 6164","Phone number":"(08) 6498 9312"},{"Postcode":"6164","Name":"L R & J Dixon","Address":"229 Pearse Rd Beeliar WA 6164","Phone number":"(08) 9410 1871"},{"Postcode":"6056","Name":"A G Dixon","Address":"39 Campolino Gdns Stratton WA 6056","Phone number":"(08) 9274 5105"},{"Postcode":"6036","Name":"D Dixon","Address":"4 Costelloe Gardns Butler WA 6036","Phone number":"(08) 9562 1075"},{"Postcode":"6036","Name":"S Dixon","Address":"37 Windjammer Pkwy Jindalee WA 6036","Phone number":"(08) 9562 7348"},{"Postcode":"6014","Name":"L E Dixon","Address":"496 Cambridge St Floreat WA 6014","Phone number":"(08) 9387 2718"},{"Postcode":"6027","Name":"J Dixon","Address":"22 Weldwood Rd Ocean Reef WA 6027","Phone number":"(08) 9307 2621"},{"Postcode":"6060","Name":"A Dixon","Address":"195 Edinboro St Joondanna WA 6060","Phone number":"(08) 9444 8656"},{"Postcode":"6060","Name":"D Dixon","Address":"244 Hector St Tuart Hill WA 6060","Phone number":"(08) 9444 4822"},{"Postcode":"6060","Name":"R G Dixon","Address":"171 Mcdonald St Joondanna WA 6060","Phone number":"(08) 9444 5108"},{"Postcode":"6060","Name":"T Dixon","Address":"80 York St Tuart Hill WA 6060","Phone number":"(04) 0338 1464"},{"Postcode":"6025","Name":"C N Dixon","Address":"11 Angove Drv Hillarys WA 6025","Phone number":"(08) 9402 3331"},{"Postcode":"6152","Name":"C M Dixon","Address":"40 Roebuck Drv Salter Point WA 6152","Phone number":"(08) 9313 3194"},{"Postcode":"6152","Name":"D C Dixon","Address":"Un 4 71 Ley St Como WA 6152","Phone number":"(08) 9450 2155"},{"Postcode":"6152","Name":"Mark & Colleen Dixon","Address":"89 Lockhart St Como WA 6152","Phone number":"(04) 1382 0071"},{"Postcode":"6163","Name":"A D Dixon","Address":"14 A Park La Kardinya WA 6163","Phone number":"(08) 9310 9523"},{"Postcode":"6163","Name":"B & P Dixon","Address":"82 Gilbertson Rd Kardinya WA 6163","Phone number":"(08) 9337 5413"},{"Postcode":"6163","Name":"C Dixon","Address":"22 Farmhouse Drv Bibra Lake WA 6163","Phone number":"(08) 9414 7525"},{"Postcode":"6163","Name":"K Dixon","Address":"33 Paddington Ct Bibra Lake WA 6163","Phone number":"(08) 9494 1978"},{"Postcode":"6163","Name":"K Dixon","Address":"7 65 Frederick Rd Hamilton Hill WA 6163","Phone number":"(04) 8831 8877"},{"Postcode":"6111","Name":"Mrs K Dixon","Address":"68 Marmion St Kelmscott WA 6111","Phone number":"(08) 9390 3296"},{"Postcode":"6111","Name":"L J Dixon","Address":"FL 1 68 Marmion St Kelmscott WA 6111","Phone number":"(08) 9390 8880"},{"Postcode":"6111","Name":"M Dixon","Address":"6 O'Sullivan Drv Camillo WA 6111","Phone number":"(08) 9495 2496"},{"Postcode":"6010","Name":"A Dixon","Address":"19 Victoria Ave Claremont WA 6010","Phone number":"(08) 9384 6487"},{"Postcode":"6018","Name":"I & S M Dixon","Address":"26 Gamble Way Karrinyup WA 6018","Phone number":"(08) 9341 3175"},{"Postcode":"6111","Name":"Mrs K Dixon","Address":"68 Marmion St Kelmscott WA 6111","Phone number":"(08) 9390 3296"},{"Postcode":"6111","Name":"L J Dixon","Address":"FL 1 68 Marmion St Kelmscott WA 6111","Phone number":"(08) 9390 8880"},{"Postcode":"6111","Name":"M Dixon","Address":"6 O'Sullivan Drv Camillo WA 6111","Phone number":"(08) 9495 2496"},{"Postcode":"6107","Name":"Mr B A Dixon","Address":"41D Grey St Cannington WA 6107","Phone number":"(08) 9458 4838"},{"Postcode":"6107","Name":"D Dixon","Address":"Un 3 152 Wharf St Cannington WA 6107","Phone number":"(08) 9356 1027"},{"Postcode":"6107","Name":"P Dixon","Address":"16 Irene Mccormack Way Queens Park WA 6107","Phone number":"(08) 9258 5595"},{"Postcode":"6105","Name":"K D Dixon","Address":"6 Rowlands St Kewdale WA 6105","Phone number":"(08) 9361 3654"},{"Postcode":"6026","Name":"A & M Dixon","Address":"8 Linden Crt Kingsley WA 6026","Phone number":"(08) 9409 7933"},{"Postcode":"6026","Name":"G Dixon","Address":"46 Monterey Drv Woodvale WA 6026","Phone number":"(08) 9309 3461"},{"Postcode":"6026","Name":"Mrs W Dixon","Address":"10 Edith Cl Kingsley WA 6026","Phone number":"(08) 9309 2670"},{"Postcode":"6064","Name":"J Dixon","Address":"3 Baker Crt Alexander Heights WA 6064","Phone number":"(08) 9342 9130"},{"Postcode":"6056","Name":"A G Dixon","Address":"39 Campolino Gdns Stratton WA 6056","Phone number":"(08) 9274 5105"},{"Postcode":"6167","Name":"D J Dixon","Address":"12 Sanctuary Drv Bertram WA 6167","Phone number":"(08) 9439 3525"},{"Postcode":"6167","Name":"Ms K Dixon","Address":"14 Parkway Gardn Parmelia WA 6167","Phone number":"(08) 9439 3853"},{"Postcode":"6167","Name":"R M Dixon","Address":"10 Gale Ct Calista WA 6167","Phone number":"(04) 0021 9916"},{"Postcode":"6167","Name":"D J Dixon","Address":"12 Sanctuary Drv Bertram WA 6167","Phone number":"(08) 9439 3525"},{"Postcode":"6167","Name":"Ms K Dixon","Address":"14 Parkway Gardn Parmelia WA 6167","Phone number":"(08) 9439 3853"},{"Postcode":"6167","Name":"R M Dixon","Address":"10 Gale Ct Calista WA 6167","Phone number":"(04) 0021 9916"},{"Postcode":"6210","Name":"B Dixon","Address":"9 Beachport Way Wannanup WA 6210","Phone number":"(08) 9534 4801"},{"Postcode":"6210","Name":"D Dixon","Address":"3 Bollard Cir Wannanup WA 6210","Phone number":"(04) 3990 9077"},{"Postcode":"6210","Name":"E & B F Dixon","Address":"22 Bronzewing Ct Erskine WA 6210","Phone number":"(08) 9581 5828"},{"Postcode":"6210","Name":"J F & L J Dixon","Address":"Un 58 2 Hungerford Ave Halls Head WA 6210","Phone number":"(08) 9535 4559"},{"Postcode":"6210","Name":"L J Dixon","Address":"16 Poinsettia Grn Halls Head WA 6210","Phone number":"(08) 9581 4008"},{"Postcode":"6210","Name":"N D & R Dixon","Address":"1 Sievewright St Silver Sands WA 6210","Phone number":"(08) 9581 6651"},{"Postcode":"6210","Name":"P Dixon","Address":"17 Ashburton Ct Dudley Park WA 6210","Phone number":"(08) 9583 5735"},{"Postcode":"6210","Name":"S Dixon","Address":"57 Shoveler Crs Erskine WA 6210","Phone number":"(08) 9534 4914"},{"Postcode":"6170","Name":"A Dixon","Address":"36 Fairhaven Blv Wellard WA 6170","Phone number":"(08) 9499 0789"},{"Postcode":"6233","Name":"F C Dixon","Address":"185 Old Coast Rd Australind WA 6233","Phone number":"(08) 9797 1187"},{"Postcode":"6210","Name":"B Dixon","Address":"9 Beachport Way Wannanup WA 6210","Phone number":"(08) 9534 4801"},{"Postcode":"6210","Name":"D Dixon","Address":"3 Bollard Cir Wannanup WA 6210","Phone number":"(04) 3990 9077"},{"Postcode":"6210","Name":"E & B F Dixon","Address":"22 Bronzewing Ct Erskine WA 6210","Phone number":"(08) 9581 5828"},{"Postcode":"6210","Name":"J F & L J Dixon","Address":"Un 58 2 Hungerford Ave Halls Head WA 6210","Phone number":"(08) 9535 4559"},{"Postcode":"6210","Name":"L J Dixon","Address":"16 Poinsettia Grn Halls Head WA 6210","Phone number":"(08) 9581 4008"},{"Postcode":"6210","Name":"N D & R Dixon","Address":"1 Sievewright St Silver Sands WA 6210","Phone number":"(08) 9581 6651"},{"Postcode":"6210","Name":"P Dixon","Address":"17 Ashburton Ct Dudley Park WA 6210","Phone number":"(08) 9583 5735"},{"Postcode":"6210","Name":"S Dixon","Address":"57 Shoveler Crs Erskine WA 6210","Phone number":"(08) 9534 4914"},{"Postcode":"6167","Name":"D J Dixon","Address":"12 Sanctuary Drv Bertram WA 6167","Phone number":"(08) 9439 3525"},{"Postcode":"6167","Name":"Ms K Dixon","Address":"14 Parkway Gardn Parmelia WA 6167","Phone number":"(08) 9439 3853"},{"Postcode":"6167","Name":"R M Dixon","Address":"10 Gale Ct Calista WA 6167","Phone number":"(04) 0021 9916"},{"Postcode":"6210","Name":"B Dixon","Address":"9 Beachport Way Wannanup WA 6210","Phone number":"(08) 9534 4801"},{"Postcode":"6210","Name":"D Dixon","Address":"3 Bollard Cir Wannanup WA 6210","Phone number":"(04) 3990 9077"},{"Postcode":"6210","Name":"E & B F Dixon","Address":"22 Bronzewing Ct Erskine WA 6210","Phone number":"(08) 9581 5828"},{"Postcode":"6210","Name":"J F & L J Dixon","Address":"Un 58 2 Hungerford Ave Halls Head WA 6210","Phone number":"(08) 9535 4559"},{"Postcode":"6210","Name":"L J Dixon","Address":"16 Poinsettia Grn Halls Head WA 6210","Phone number":"(08) 9581 4008"},{"Postcode":"6210","Name":"N D & R Dixon","Address":"1 Sievewright St Silver Sands WA 6210","Phone number":"(08) 9581 6651"},{"Postcode":"6210","Name":"P Dixon","Address":"17 Ashburton Ct Dudley Park WA 6210","Phone number":"(08) 9583 5735"},{"Postcode":"6210","Name":"S Dixon","Address":"57 Shoveler Crs Erskine WA 6210","Phone number":"(08) 9534 4914"},{"Postcode":"6210","Name":"B Dixon","Address":"9 Beachport Way Wannanup WA 6210","Phone number":"(08) 9534 4801"},{"Postcode":"6210","Name":"D Dixon","Address":"3 Bollard Cir Wannanup WA 6210","Phone number":"(04) 3990 9077"},{"Postcode":"6210","Name":"E & B F Dixon","Address":"22 Bronzewing Ct Erskine WA 6210","Phone number":"(08) 9581 5828"},{"Postcode":"6210","Name":"J F & L J Dixon","Address":"Un 58 2 Hungerford Ave Halls Head WA 6210","Phone number":"(08) 9535 4559"},{"Postcode":"6210","Name":"L J Dixon","Address":"16 Poinsettia Grn Halls Head WA 6210","Phone number":"(08) 9581 4008"},{"Postcode":"6210","Name":"N D & R Dixon","Address":"1 Sievewright St Silver Sands WA 6210","Phone number":"(08) 9581 6651"},{"Postcode":"6210","Name":"P Dixon","Address":"17 Ashburton Ct Dudley Park WA 6210","Phone number":"(08) 9583 5735"},{"Postcode":"6210","Name":"S Dixon","Address":"57 Shoveler Crs Erskine WA 6210","Phone number":"(08) 9534 4914"},{"Postcode":"6210","Name":"B Dixon","Address":"9 Beachport Way Wannanup WA 6210","Phone number":"(08) 9534 4801"},{"Postcode":"6210","Name":"D Dixon","Address":"3 Bollard Cir Wannanup WA 6210","Phone number":"(04) 3990 9077"},{"Postcode":"6210","Name":"E & B F Dixon","Address":"22 Bronzewing Ct Erskine WA 6210","Phone number":"(08) 9581 5828"},{"Postcode":"6210","Name":"J F & L J Dixon","Address":"Un 58 2 Hungerford Ave Halls Head WA 6210","Phone number":"(08) 9535 4559"},{"Postcode":"6210","Name":"L J Dixon","Address":"16 Poinsettia Grn Halls Head WA 6210","Phone number":"(08) 9581 4008"},{"Postcode":"6210","Name":"N D & R Dixon","Address":"1 Sievewright St Silver Sands WA 6210","Phone number":"(08) 9581 6651"},{"Postcode":"6210","Name":"P Dixon","Address":"17 Ashburton Ct Dudley Park WA 6210","Phone number":"(08) 9583 5735"},{"Postcode":"6210","Name":"S Dixon","Address":"57 Shoveler Crs Erskine WA 6210","Phone number":"(08) 9534 4914"},{"Postcode":"6152","Name":"C M Dixon","Address":"40 Roebuck Drv Salter Point WA 6152","Phone number":"(08) 9313 3194"},{"Postcode":"6152","Name":"D C Dixon","Address":"Un 4 71 Ley St Como WA 6152","Phone number":"(08) 9450 2155"},{"Postcode":"6152","Name":"Mark & Colleen Dixon","Address":"89 Lockhart St Como WA 6152","Phone number":"(04) 1382 0071"},{"Postcode":"6064","Name":"J Dixon","Address":"3 Baker Crt Alexander Heights WA 6064","Phone number":"(08) 9342 9130"},{"Postcode":"6020","Name":"M Dixon","Address":"7 Sawley Ct Carine WA 6020","Phone number":"(08) 9447 6706"},{"Postcode":"6110","Name":"G D Dixon","Address":"2462 Albany Hwy Gosnells WA 6110","Phone number":"(08) 9398 1747"},{"Postcode":"6210","Name":"B Dixon","Address":"9 Beachport Way Wannanup WA 6210","Phone number":"(08) 9534 4801"},{"Postcode":"6210","Name":"D Dixon","Address":"3 Bollard Cir Wannanup WA 6210","Phone number":"(04) 3990 9077"},{"Postcode":"6210","Name":"E & B F Dixon","Address":"22 Bronzewing Ct Erskine WA 6210","Phone number":"(08) 9581 5828"},{"Postcode":"6210","Name":"J F & L J Dixon","Address":"Un 58 2 Hungerford Ave Halls Head WA 6210","Phone number":"(08) 9535 4559"},{"Postcode":"6210","Name":"L J Dixon","Address":"16 Poinsettia Grn Halls Head WA 6210","Phone number":"(08) 9581 4008"},{"Postcode":"6210","Name":"N D & R Dixon","Address":"1 Sievewright St Silver Sands WA 6210","Phone number":"(08) 9581 6651"},{"Postcode":"6210","Name":"P Dixon","Address":"17 Ashburton Ct Dudley Park WA 6210","Phone number":"(08) 9583 5735"},{"Postcode":"6210","Name":"S Dixon","Address":"57 Shoveler Crs Erskine WA 6210","Phone number":"(08) 9534 4914"},{"Postcode":"6167","Name":"D J Dixon","Address":"12 Sanctuary Drv Bertram WA 6167","Phone number":"(08) 9439 3525"},{"Postcode":"6167","Name":"Ms K Dixon","Address":"14 Parkway Gardn Parmelia WA 6167","Phone number":"(08) 9439 3853"},{"Postcode":"6167","Name":"R M Dixon","Address":"10 Gale Ct Calista WA 6167","Phone number":"(04) 0021 9916"},{"Postcode":"6208","Name":"S Dixon","Address":"33 Cheyne Ct Pinjarra WA 6208","Phone number":"(04) 1220 3708"},{"Postcode":"6208","Name":"S W Dixon","Address":"2 Nuytsia Way Carcoola WA 6208","Phone number":"(08) 9531 2694"},{"Postcode":"6156","Name":"J Dixon","Address":"129 Moreing Rd Attadale WA 6156","Phone number":"(08) 9330 5368"},{"Postcode":"6050","Name":"S C S Dixon","Address":"148 Fourth Ave Mt Lawley WA 6050","Phone number":"(08) 9271 2810"},{"Postcode":"6030","Name":"C Dixon","Address":"Un 170 76 Ridgewood Blv Ridgewood WA 6030","Phone number":"(08) 9304 4788"},{"Postcode":"6056","Name":"A G Dixon","Address":"39 Campolino Gdns Stratton WA 6056","Phone number":"(08) 9274 5105"},{"Postcode":"6056","Name":"A G Dixon","Address":"39 Campolino Gdns Stratton WA 6056","Phone number":"(08) 9274 5105"},{"Postcode":"6056","Name":"A G Dixon","Address":"39 Campolino Gdns Stratton WA 6056","Phone number":"(08) 9274 5105"},{"Postcode":"6232","Name":"Mrs Rj&ge Dixon","Address":"1 Brangus Pl Eaton WA 6232","Phone number":"(08) 9725 2595"},{"Postcode":"6056","Name":"A G Dixon","Address":"39 Campolino Gdns Stratton WA 6056","Phone number":"(08) 9274 5105"},{"Postcode":"6030","Name":"C Dixon","Address":"Un 170 76 Ridgewood Blv Ridgewood WA 6030","Phone number":"(08) 9304 4788"},{"Postcode":"6061","Name":"T & E Dixon","Address":"52 Sylvia St Nollamara WA 6061","Phone number":"(08) 9349 0675"},{"Postcode":"6012","Name":"S J Dixon","Address":"Rm 6 1 Wallace La Mosman Park WA 6012","Phone number":"(08) 9384 4554"},{"Postcode":"6010","Name":"A Dixon","Address":"19 Victoria Ave Claremont WA 6010","Phone number":"(08) 9384 6487"},{"Postcode":"6016","Name":"M Dixon","Address":"7 Fairfield St Mt Hawthorn WA 6016","Phone number":"(08) 9444 1071"},{"Postcode":"6082","Name":"T Dixon","Address":"650 Dibble St Mt Helena WA 6082","Phone number":"(08) 9572 2875"},{"Postcode":"6050","Name":"S C S Dixon","Address":"148 Fourth Ave Mt Lawley WA 6050","Phone number":"(08) 9271 2810"},{"Postcode":"6112","Name":"M & B Dixon","Address":"113 Burrows Ret Mt Richon WA 6112","Phone number":"(08) 9497 5571"},{"Postcode":"6112","Name":"M & B Dixon","Address":"113 Burrows Ret Mt Richon WA 6112","Phone number":"(08) 9497 5571"},{"Postcode":"6027","Name":"J Dixon","Address":"22 Weldwood Rd Ocean Reef WA 6027","Phone number":"(08) 9307 2621"},{"Postcode":"6166","Name":"P Dixon","Address":"28 Postans Rd Wattleup WA 6166","Phone number":"(04) 1890 4374"},{"Postcode":"6166","Name":"W Dixon","Address":"22 Postans Rd Wattleup WA 6166","Phone number":"(08) 9410 1374"},{"Postcode":"6150","Name":"M C & J M Dixon","Address":"ST IVES MURDOCH U 205 22 Windelya Rd Murdoch WA 6150","Phone number":"(08) 9312 3189"},{"Postcode":"6154","Name":"G W Dixon","Address":"4 Woodall Ramble Booragoon WA 6154","Phone number":"(04) 1292 0069"},{"Postcode":"6154","Name":"K Dixon","Address":"49 Karoonda Rd Booragoon WA 6154","Phone number":"(08) 9364 8410"},{"Postcode":"6208","Name":"S Dixon","Address":"33 Cheyne Ct Pinjarra WA 6208","Phone number":"(04) 1220 3708"},{"Postcode":"6208","Name":"S W Dixon","Address":"2 Nuytsia Way Carcoola WA 6208","Phone number":"(08) 9531 2694"},{"Postcode":"6061","Name":"T & E Dixon","Address":"52 Sylvia St Nollamara WA 6061","Phone number":"(08) 9349 0675"},{"Postcode":"6020","Name":"M Dixon","Address":"7 Sawley Ct Carine WA 6020","Phone number":"(08) 9447 6706"},{"Postcode":"6163","Name":"A D Dixon","Address":"14 A Park La Kardinya WA 6163","Phone number":"(08) 9310 9523"},{"Postcode":"6163","Name":"B & P Dixon","Address":"82 Gilbertson Rd Kardinya WA 6163","Phone number":"(08) 9337 5413"},{"Postcode":"6163","Name":"C Dixon","Address":"22 Farmhouse Drv Bibra Lake WA 6163","Phone number":"(08) 9414 7525"},{"Postcode":"6163","Name":"K Dixon","Address":"33 Paddington Ct Bibra Lake WA 6163","Phone number":"(08) 9494 1978"},{"Postcode":"6163","Name":"K Dixon","Address":"7 65 Frederick Rd Hamilton Hill WA 6163","Phone number":"(04) 8831 8877"},{"Postcode":"6208","Name":"S Dixon","Address":"33 Cheyne Ct Pinjarra WA 6208","Phone number":"(04) 1220 3708"},{"Postcode":"6208","Name":"S W Dixon","Address":"2 Nuytsia Way Carcoola WA 6208","Phone number":"(08) 9531 2694"},{"Postcode":"6163","Name":"A D Dixon","Address":"14 A Park La Kardinya WA 6163","Phone number":"(08) 9310 9523"},{"Postcode":"6163","Name":"B & P Dixon","Address":"82 Gilbertson Rd Kardinya WA 6163","Phone number":"(08) 9337 5413"},{"Postcode":"6163","Name":"C Dixon","Address":"22 Farmhouse Drv Bibra Lake WA 6163","Phone number":"(08) 9414 7525"},{"Postcode":"6163","Name":"K Dixon","Address":"33 Paddington Ct Bibra Lake WA 6163","Phone number":"(08) 9494 1978"},{"Postcode":"6163","Name":"K Dixon","Address":"7 65 Frederick Rd Hamilton Hill WA 6163","Phone number":"(04) 8831 8877"},{"Postcode":"6208","Name":"S Dixon","Address":"33 Cheyne Ct Pinjarra WA 6208","Phone number":"(04) 1220 3708"},{"Postcode":"6208","Name":"S W Dixon","Address":"2 Nuytsia Way Carcoola WA 6208","Phone number":"(08) 9531 2694"},{"Postcode":"6027","Name":"J Dixon","Address":"22 Weldwood Rd Ocean Reef WA 6027","Phone number":"(08) 9307 2621"},{"Postcode":"6167","Name":"D J Dixon","Address":"12 Sanctuary Drv Bertram WA 6167","Phone number":"(08) 9439 3525"},{"Postcode":"6167","Name":"Ms K Dixon","Address":"14 Parkway Gardn Parmelia WA 6167","Phone number":"(08) 9439 3853"},{"Postcode":"6167","Name":"R M Dixon","Address":"10 Gale Ct Calista WA 6167","Phone number":"(04) 0021 9916"},{"Postcode":"6025","Name":"C N Dixon","Address":"11 Angove Drv Hillarys WA 6025","Phone number":"(08) 9402 3331"},{"Postcode":"6157","Name":"S D Dixon","Address":"Un 3 14 Fifth St Bicton WA 6157","Phone number":"(08) 9339 3032"},{"Postcode":"6233","Name":"F C Dixon","Address":"185 Old Coast Rd Australind WA 6233","Phone number":"(08) 9797 1187"},{"Postcode":"6210","Name":"B Dixon","Address":"9 Beachport Way Wannanup WA 6210","Phone number":"(08) 9534 4801"},{"Postcode":"6210","Name":"D Dixon","Address":"3 Bollard Cir Wannanup WA 6210","Phone number":"(04) 3990 9077"},{"Postcode":"6210","Name":"E & B F Dixon","Address":"22 Bronzewing Ct Erskine WA 6210","Phone number":"(08) 9581 5828"},{"Postcode":"6210","Name":"J F & L J Dixon","Address":"Un 58 2 Hungerford Ave Halls Head WA 6210","Phone number":"(08) 9535 4559"},{"Postcode":"6210","Name":"L J Dixon","Address":"16 Poinsettia Grn Halls Head WA 6210","Phone number":"(08) 9581 4008"},{"Postcode":"6210","Name":"N D & R Dixon","Address":"1 Sievewright St Silver Sands WA 6210","Phone number":"(08) 9581 6651"},{"Postcode":"6210","Name":"P Dixon","Address":"17 Ashburton Ct Dudley Park WA 6210","Phone number":"(08) 9583 5735"},{"Postcode":"6210","Name":"S Dixon","Address":"57 Shoveler Crs Erskine WA 6210","Phone number":"(08) 9534 4914"},{"Postcode":"6167","Name":"D J Dixon","Address":"12 Sanctuary Drv Bertram WA 6167","Phone number":"(08) 9439 3525"},{"Postcode":"6167","Name":"Ms K Dixon","Address":"14 Parkway Gardn Parmelia WA 6167","Phone number":"(08) 9439 3853"},{"Postcode":"6167","Name":"R M Dixon","Address":"10 Gale Ct Calista WA 6167","Phone number":"(04) 0021 9916"},{"Postcode":"6230","Name":"Mr & Mrs C Dixon","Address":"5 Morrissey St Glen Iris WA 6230","Phone number":"(08) 9725 4313"},{"Postcode":"6230","Name":"C & M Dixon","Address":"22 Houston Cres South Bunbury WA 6230","Phone number":"(08) 9721 2442"},{"Postcode":"6230","Name":"F F Dixon","Address":"71 Vittoria Rd Glen Iris WA 6230","Phone number":"(08) 9725 4458"},{"Postcode":"6230","Name":"S Dixon","Address":"63 Petherick St East Bunbury WA 6230","Phone number":"(08) 9721 3716"},{"Postcode":"6230","Name":"W Dixon","Address":"46 Tuart St Bunbury WA 6230","Phone number":"(08) 9721 3632"},{"Postcode":"6168","Name":"D Dixon","Address":"12 Mcnicholl St Rockingham WA 6168","Phone number":"(08) 9529 3874"},{"Postcode":"6168","Name":"M E Dixon","Address":"10A Clennett Cl Cooloongup WA 6168","Phone number":"(08) 9592 3998"},{"Postcode":"6168","Name":"N Dixon","Address":"2 Govener Rd Rockingham WA 6168","Phone number":"(04) 2771 7760"},{"Postcode":"6105","Name":"K D Dixon","Address":"6 Rowlands St Kewdale WA 6105","Phone number":"(08) 9361 3654"},{"Postcode":"6208","Name":"S Dixon","Address":"33 Cheyne Ct Pinjarra WA 6208","Phone number":"(04) 1220 3708"},{"Postcode":"6208","Name":"S W Dixon","Address":"2 Nuytsia Way Carcoola WA 6208","Phone number":"(08) 9531 2694"},{"Postcode":"6208","Name":"S Dixon","Address":"33 Cheyne Ct Pinjarra WA 6208","Phone number":"(04) 1220 3708"},{"Postcode":"6208","Name":"S W Dixon","Address":"2 Nuytsia Way Carcoola WA 6208","Phone number":"(08) 9531 2694"},{"Postcode":"6172","Name":"L Dixon","Address":"27 Castlereagh Crcle Port Kennedy WA 6172","Phone number":"(08) 9593 8808"},{"Postcode":"6172","Name":"Susan & Russell Dixon","Address":"7 Tammar Rd Port Kennedy WA 6172","Phone number":"(08) 9593 9792"},{"Postcode":"6167","Name":"D J Dixon","Address":"12 Sanctuary Drv Bertram WA 6167","Phone number":"(08) 9439 3525"},{"Postcode":"6167","Name":"Ms K Dixon","Address":"14 Parkway Gardn Parmelia WA 6167","Phone number":"(08) 9439 3853"},{"Postcode":"6167","Name":"R M Dixon","Address":"10 Gale Ct Calista WA 6167","Phone number":"(04) 0021 9916"},{"Postcode":"6107","Name":"Mr B A Dixon","Address":"41D Grey St Cannington WA 6107","Phone number":"(08) 9458 4838"},{"Postcode":"6107","Name":"D Dixon","Address":"Un 3 152 Wharf St Cannington WA 6107","Phone number":"(08) 9356 1027"},{"Postcode":"6107","Name":"P Dixon","Address":"16 Irene Mccormack Way Queens Park WA 6107","Phone number":"(08) 9258 5595"},{"Postcode":"6030","Name":"C Dixon","Address":"Un 170 76 Ridgewood Blv Ridgewood WA 6030","Phone number":"(08) 9304 4788"},{"Postcode":"6208","Name":"S Dixon","Address":"33 Cheyne Ct Pinjarra WA 6208","Phone number":"(04) 1220 3708"},{"Postcode":"6208","Name":"S W Dixon","Address":"2 Nuytsia Way Carcoola WA 6208","Phone number":"(08) 9531 2694"},{"Postcode":"6056","Name":"A G Dixon","Address":"39 Campolino Gdns Stratton WA 6056","Phone number":"(08) 9274 5105"},{"Postcode":"6030","Name":"C Dixon","Address":"Un 170 76 Ridgewood Blv Ridgewood WA 6030","Phone number":"(08) 9304 4788"},{"Postcode":"6168","Name":"D Dixon","Address":"12 Mcnicholl St Rockingham WA 6168","Phone number":"(08) 9529 3874"},{"Postcode":"6168","Name":"M E Dixon","Address":"10A Clennett Cl Cooloongup WA 6168","Phone number":"(08) 9592 3998"},{"Postcode":"6168","Name":"N Dixon","Address":"2 Govener Rd Rockingham WA 6168","Phone number":"(04) 2771 7760"},{"Postcode":"6111","Name":"Mrs K Dixon","Address":"68 Marmion St Kelmscott WA 6111","Phone number":"(08) 9390 3296"},{"Postcode":"6111","Name":"L J Dixon","Address":"FL 1 68 Marmion St Kelmscott WA 6111","Phone number":"(08) 9390 8880"},{"Postcode":"6111","Name":"M Dixon","Address":"6 O'Sullivan Drv Camillo WA 6111","Phone number":"(08) 9495 2496"},{"Postcode":"6169","Name":"D J & K Dixon","Address":"19 Trade Winds Drv Safety Bay WA 6169","Phone number":"(08) 9592 1026"},{"Postcode":"6169","Name":"G Dixon","Address":"4 Baybreeze Prm Shoalwater WA 6169","Phone number":"(08) 9592 9990"},{"Postcode":"6169","Name":"M & H Dixon","Address":"7 Second Ave Shoalwater WA 6169","Phone number":"(08) 9527 6287"},{"Postcode":"6169","Name":"R Dixon","Address":"126 Currie St Warnbro WA 6169","Phone number":"(08) 9593 2181"},{"Postcode":"6152","Name":"C M Dixon","Address":"40 Roebuck Drv Salter Point WA 6152","Phone number":"(08) 9313 3194"},{"Postcode":"6152","Name":"D C Dixon","Address":"Un 4 71 Ley St Como WA 6152","Phone number":"(08) 9450 2155"},{"Postcode":"6152","Name":"Mark & Colleen Dixon","Address":"89 Lockhart St Como WA 6152","Phone number":"(04) 1382 0071"},{"Postcode":"6163","Name":"A D Dixon","Address":"14 A Park La Kardinya WA 6163","Phone number":"(08) 9310 9523"},{"Postcode":"6163","Name":"B & P Dixon","Address":"82 Gilbertson Rd Kardinya WA 6163","Phone number":"(08) 9337 5413"},{"Postcode":"6163","Name":"C Dixon","Address":"22 Farmhouse Drv Bibra Lake WA 6163","Phone number":"(08) 9414 7525"},{"Postcode":"6163","Name":"K Dixon","Address":"33 Paddington Ct Bibra Lake WA 6163","Phone number":"(08) 9494 1978"},{"Postcode":"6163","Name":"K Dixon","Address":"7 65 Frederick Rd Hamilton Hill WA 6163","Phone number":"(04) 8831 8877"},{"Postcode":"6210","Name":"B Dixon","Address":"9 Beachport Way Wannanup WA 6210","Phone number":"(08) 9534 4801"},{"Postcode":"6210","Name":"D Dixon","Address":"3 Bollard Cir Wannanup WA 6210","Phone number":"(04) 3990 9077"},{"Postcode":"6210","Name":"E & B F Dixon","Address":"22 Bronzewing Ct Erskine WA 6210","Phone number":"(08) 9581 5828"},{"Postcode":"6210","Name":"J F & L J Dixon","Address":"Un 58 2 Hungerford Ave Halls Head WA 6210","Phone number":"(08) 9535 4559"},{"Postcode":"6210","Name":"L J Dixon","Address":"16 Poinsettia Grn Halls Head WA 6210","Phone number":"(08) 9581 4008"},{"Postcode":"6210","Name":"N D & R Dixon","Address":"1 Sievewright St Silver Sands WA 6210","Phone number":"(08) 9581 6651"},{"Postcode":"6210","Name":"P Dixon","Address":"17 Ashburton Ct Dudley Park WA 6210","Phone number":"(08) 9583 5735"},{"Postcode":"6210","Name":"S Dixon","Address":"57 Shoveler Crs Erskine WA 6210","Phone number":"(08) 9534 4914"},{"Postcode":"6173","Name":"J Dixon","Address":"46 Turtles Bend Secret Harbour WA 6173","Phone number":"(08) 6118 2568"}]