[{"Postcode":"6064","Name":"L Wong","Address":"10 A Thurburn Ret Marangaroo WA 6064","Phone number":"(08) 9247 4365"},{"Postcode":"6064","Name":"W Wong","Address":"11 Sabine Gr Alexander Heights WA 6064","Phone number":"(08) 9342 4886"},{"Postcode":"6154","Name":"C Wong","Address":"29 Chetwynd Way Booragoon WA 6154","Phone number":"(08) 9315 9207"},{"Postcode":"6038","Name":"S Wong","Address":"1 Holystone La Alkimos WA 6038","Phone number":"(08) 9562 0881"},{"Postcode":"6167","Name":"G Wong","Address":"9 Lipscombe Crt Medina WA 6167","Phone number":"(08) 9419 6597"},{"Postcode":"6167","Name":"J Wong","Address":"72 A Summerton Rd Calista WA 6167","Phone number":"(08) 9439 4140"},{"Postcode":"6153","Name":"Jacqueline Wong","Address":"14 Blaven Way Ardross WA 6153","Phone number":"(08) 9364 6929"},{"Postcode":"6153","Name":"L Wong","Address":"27b Kintail Rd Applecross WA 6153","Phone number":"(08) 9316 8009"},{"Postcode":"6153","Name":"R Wong","Address":"6 River View Tce Mt Pleasant WA 6153","Phone number":"(08) 9315 9469"},{"Postcode":"6153","Name":"S Wong","Address":"13 Links Rd Ardross WA 6153","Phone number":"(04) 3050 9719"},{"Postcode":"6153","Name":"V Wong","Address":"37 Alness St Applecross WA 6153","Phone number":"(08) 9316 0643"},{"Postcode":"6153","Name":"Jacqueline Wong","Address":"14 Blaven Way Ardross WA 6153","Phone number":"(08) 9364 6929"},{"Postcode":"6153","Name":"L Wong","Address":"27b Kintail Rd Applecross WA 6153","Phone number":"(08) 9316 8009"},{"Postcode":"6153","Name":"R Wong","Address":"6 River View Tce Mt Pleasant WA 6153","Phone number":"(08) 9315 9469"},{"Postcode":"6153","Name":"S Wong","Address":"13 Links Rd Ardross WA 6153","Phone number":"(04) 3050 9719"},{"Postcode":"6153","Name":"V Wong","Address":"37 Alness St Applecross WA 6153","Phone number":"(08) 9316 0643"},{"Postcode":"6112","Name":"A Wong","Address":"1 Ferry Crt Harrisdale WA 6112","Phone number":"(08) 9393 2464"},{"Postcode":"6112","Name":"C Wong","Address":"7 Roberta Rise Mt Nasura WA 6112","Phone number":"(08) 9399 7636"},{"Postcode":"6112","Name":"K Wong","Address":"20 Temple Way Piara Waters WA 6112","Phone number":"(08) 9397 2189"},{"Postcode":"6112","Name":"R Wong","Address":"36 Darling Range Drv Bedfordale WA 6112","Phone number":"(08) 9497 5535"},{"Postcode":"6112","Name":"W Wong","Address":"43 Freeman Rd Forrestdale WA 6112","Phone number":"(08) 9393 2000"},{"Postcode":"6156","Name":"J Wong","Address":"Un 4 137 North Lake Rd Willagee WA 6156","Phone number":"(08) 9314 3031"},{"Postcode":"6164","Name":"A Wong","Address":"73 Lesueur Pass Beeliar WA 6164","Phone number":"(08) 9437 4885"},{"Postcode":"6164","Name":"J Wong","Address":"21 Millstream Pl Success WA 6164","Phone number":"(08) 9499 4092"},{"Postcode":"6164","Name":"S L Wong","Address":"7 Swallowtail Ave Success WA 6164","Phone number":"(08) 9499 3368"},{"Postcode":"6164","Name":"T Wong","Address":"6 Touchell Ret Atwell WA 6164","Phone number":"(08) 9498 7979"},{"Postcode":"6164","Name":"V Wong","Address":"11 Brutia Pl Aubin Grove WA 6164","Phone number":"(08) 9414 6518"},{"Postcode":"6164","Name":"Vdd Wong","Address":"44 Pearson Drv Success WA 6164","Phone number":"(08) 9498 5780"},{"Postcode":"6164","Name":"A Wong","Address":"73 Lesueur Pass Beeliar WA 6164","Phone number":"(08) 9437 4885"},{"Postcode":"6164","Name":"J Wong","Address":"21 Millstream Pl Success WA 6164","Phone number":"(08) 9499 4092"},{"Postcode":"6164","Name":"S L Wong","Address":"7 Swallowtail Ave Success WA 6164","Phone number":"(08) 9499 3368"},{"Postcode":"6164","Name":"T Wong","Address":"6 Touchell Ret Atwell WA 6164","Phone number":"(08) 9498 7979"},{"Postcode":"6164","Name":"V Wong","Address":"11 Brutia Pl Aubin Grove WA 6164","Phone number":"(08) 9414 6518"},{"Postcode":"6164","Name":"Vdd Wong","Address":"44 Pearson Drv Success WA 6164","Phone number":"(08) 9498 5780"},{"Postcode":"6233","Name":"N Wong","Address":"4 A Kowari Way Australind WA 6233","Phone number":"(08) 9796 1943"},{"Postcode":"6021","Name":"K Y Wong","Address":"215 Jones St Balcatta WA 6914","Phone number":"(08) 6150 2849"},{"Postcode":"6061","Name":"C Wong","Address":"55   A Curlington Cres Balga WA 6061","Phone number":"(04) 3022 2476"},{"Postcode":"6061","Name":"Mr K Wong","Address":"55B Etchingham Rd Balga WA 6061","Phone number":"(08) 9440 6294"},{"Postcode":"6066","Name":"A Wong","Address":"14 Tropical Gardns Ballajura WA 6066","Phone number":"(08) 9249 8739"},{"Postcode":"6066","Name":"V J S Wong","Address":"10 Serene Cl Ballajura WA 6066","Phone number":"(08) 9249 8989"},{"Postcode":"6164","Name":"A Wong","Address":"73 Lesueur Pass Beeliar WA 6164","Phone number":"(08) 9437 4885"},{"Postcode":"6164","Name":"J Wong","Address":"21 Millstream Pl Success WA 6164","Phone number":"(08) 9499 4092"},{"Postcode":"6164","Name":"S L Wong","Address":"7 Swallowtail Ave Success WA 6164","Phone number":"(08) 9499 3368"},{"Postcode":"6164","Name":"T Wong","Address":"6 Touchell Ret Atwell WA 6164","Phone number":"(08) 9498 7979"},{"Postcode":"6164","Name":"V Wong","Address":"11 Brutia Pl Aubin Grove WA 6164","Phone number":"(08) 9414 6518"},{"Postcode":"6164","Name":"Vdd Wong","Address":"44 Pearson Drv Success WA 6164","Phone number":"(08) 9498 5780"},{"Postcode":"6031","Name":"W Wong","Address":"51 Sundowner Mndr Banksia Grove WA 6031","Phone number":"(08) 9306 8614"},{"Postcode":"6210","Name":"M & N Wong","Address":"8 St Laurent Cl Greenfields WA 6210","Phone number":"(08) 9586 2238"},{"Postcode":"6210","Name":"P H Wong","Address":"5 Lavender Gardns Halls Head WA 6210","Phone number":"(08) 9581 2476"},{"Postcode":"6054","Name":"H C Wong","Address":"6 Turstin Glen Kiara WA 6054","Phone number":"(08) 6150 0663"},{"Postcode":"6150","Name":"P Wong","Address":"10 Flecker Crt Winthrop WA 6150","Phone number":"(08) 9310 5880"},{"Postcode":"6150","Name":"S Wong","Address":"12 Raffaele Pl Murdoch WA 6150","Phone number":"(08) 9313 7450"},{"Postcode":"6150","Name":"T T Wong","Address":"26 Wilkinson Gardns Winthrop WA 6150","Phone number":"(08) 9310 7757"},{"Postcode":"6162","Name":"K Wong","Address":"40 Chester St South Fremantle WA 6162","Phone number":"(08) 9433 5584"},{"Postcode":"6107","Name":"Arnold & Sarah Wong","Address":"8 Old Lake Gr Wilson WA 6107","Phone number":"(08) 9458 9558"},{"Postcode":"6107","Name":"C Wong","Address":"55 Chichester Ave Beckenham WA 6107","Phone number":"(08) 9349 5659"},{"Postcode":"6107","Name":"C Wong","Address":"5 Illing Way East Cannington WA 6107","Phone number":"(08) 6244 9252"},{"Postcode":"6107","Name":"C Wong","Address":"13 Limerick Loop Wattle Grove WA 6107","Phone number":"(08) 9453 9430"},{"Postcode":"6107","Name":"L Wong","Address":"8 Brinkley St Cannington WA 6107","Phone number":"(08) 9451 3825"},{"Postcode":"6107","Name":"P Wong","Address":"28 Blacksmith St Queens Park WA 6107","Phone number":"(08) 9458 7339"},{"Postcode":"6107","Name":"R Wong","Address":"44 Serisier Pkwy Queens Park WA 6107","Phone number":"(08) 9458 3842"},{"Postcode":"6107","Name":"T Wong","Address":"23 Scarpview Pl East Cannington WA 6107","Phone number":"(08) 9451 4281"},{"Postcode":"6107","Name":"W Wong","Address":"212 Bickley Rd Beckenham WA 6107","Phone number":"(08) 9458 8841"},{"Postcode":"6107","Name":"Weilun G Wong","Address":"17 Liege St Cannington WA 6107","Phone number":"(08) 9258 8185"},{"Postcode":"6107","Name":"Y Wong","Address":"76 Kalari Drv Wattle Grove WA 6107","Phone number":"(08) 9359 1474"},{"Postcode":"6107","Name":"Mr Y C Wong","Address":"41 Camberwell St Beckenham WA 6107","Phone number":"(08) 9458 9107"},{"Postcode":"6052","Name":"S L Wong","Address":"89 Drummond St Bedford WA 6052","Phone number":"(08) 9272 5531"},{"Postcode":"6112","Name":"A Wong","Address":"1 Ferry Crt Harrisdale WA 6112","Phone number":"(08) 9393 2464"},{"Postcode":"6112","Name":"C Wong","Address":"7 Roberta Rise Mt Nasura WA 6112","Phone number":"(08) 9399 7636"},{"Postcode":"6112","Name":"K Wong","Address":"20 Temple Way Piara Waters WA 6112","Phone number":"(08) 9397 2189"},{"Postcode":"6112","Name":"R Wong","Address":"36 Darling Range Drv Bedfordale WA 6112","Phone number":"(08) 9497 5535"},{"Postcode":"6112","Name":"W Wong","Address":"43 Freeman Rd Forrestdale WA 6112","Phone number":"(08) 9393 2000"},{"Postcode":"6063","Name":"S B Wong","Address":"64 Danube Ave Beechboro WA 6063","Phone number":"(08) 9378 1337"},{"Postcode":"6164","Name":"A Wong","Address":"73 Lesueur Pass Beeliar WA 6164","Phone number":"(08) 9437 4885"},{"Postcode":"6164","Name":"J Wong","Address":"21 Millstream Pl Success WA 6164","Phone number":"(08) 9499 4092"},{"Postcode":"6164","Name":"S L Wong","Address":"7 Swallowtail Ave Success WA 6164","Phone number":"(08) 9499 3368"},{"Postcode":"6164","Name":"T Wong","Address":"6 Touchell Ret Atwell WA 6164","Phone number":"(08) 9498 7979"},{"Postcode":"6164","Name":"V Wong","Address":"11 Brutia Pl Aubin Grove WA 6164","Phone number":"(08) 9414 6518"},{"Postcode":"6164","Name":"Vdd Wong","Address":"44 Pearson Drv Success WA 6164","Phone number":"(08) 9498 5780"},{"Postcode":"6027","Name":"Mr S Wong","Address":"14 Whelk Pl Mullaloo WA 6027","Phone number":"(08) 9402 0282"},{"Postcode":"6102","Name":"P K Wong","Address":"38 Marquis St Bentley WA 6102","Phone number":"(08) 9258 8618"},{"Postcode":"6167","Name":"G Wong","Address":"9 Lipscombe Crt Medina WA 6167","Phone number":"(08) 9419 6597"},{"Postcode":"6167","Name":"J Wong","Address":"72 A Summerton Rd Calista WA 6167","Phone number":"(08) 9439 4140"},{"Postcode":"6163","Name":"G Wong","Address":"20 Mewstone Crs North Coogee WA 6163","Phone number":"(08) 9433 6456"},{"Postcode":"6163","Name":"J H Wong","Address":"37a Deller Drv Bibra Lake WA 6163","Phone number":"(08) 9434 6997"},{"Postcode":"6163","Name":"P Wong","Address":"17 B Gilbertson Rd Kardinya WA 6163","Phone number":"(08) 9337 8960"},{"Postcode":"6163","Name":"P Wong","Address":"283 Spearwood Ave Spearwood WA 6163","Phone number":"(04) 3309 8670"},{"Postcode":"6163","Name":"S Wong","Address":"113 Meller Rd Bibra Lake WA 6163","Phone number":"(08) 9414 7956"},{"Postcode":"6163","Name":"S Wong","Address":"15 Somerset Rse Kardinya WA 6163","Phone number":"(08) 6150 0554"},{"Postcode":"6233","Name":"N Wong","Address":"4 A Kowari Way Australind WA 6233","Phone number":"(08) 9796 1943"},{"Postcode":"6154","Name":"C Wong","Address":"29 Chetwynd Way Booragoon WA 6154","Phone number":"(08) 9315 9207"},{"Postcode":"6210","Name":"M & N Wong","Address":"8 St Laurent Cl Greenfields WA 6210","Phone number":"(08) 9586 2238"},{"Postcode":"6210","Name":"P H Wong","Address":"5 Lavender Gardns Halls Head WA 6210","Phone number":"(08) 9581 2476"},{"Postcode":"6153","Name":"Jacqueline Wong","Address":"14 Blaven Way Ardross WA 6153","Phone number":"(08) 9364 6929"},{"Postcode":"6153","Name":"L Wong","Address":"27b Kintail Rd Applecross WA 6153","Phone number":"(08) 9316 8009"},{"Postcode":"6153","Name":"R Wong","Address":"6 River View Tce Mt Pleasant WA 6153","Phone number":"(08) 9315 9469"},{"Postcode":"6153","Name":"S Wong","Address":"13 Links Rd Ardross WA 6153","Phone number":"(04) 3050 9719"},{"Postcode":"6153","Name":"V Wong","Address":"37 Alness St Applecross WA 6153","Phone number":"(08) 9316 0643"},{"Postcode":"6009","Name":"M Wong","Address":"18 Browne Ave Dalkeith WA 6009","Phone number":"(08) 6389 1828"},{"Postcode":"6112","Name":"A Wong","Address":"1 Ferry Crt Harrisdale WA 6112","Phone number":"(08) 9393 2464"},{"Postcode":"6112","Name":"C Wong","Address":"7 Roberta Rise Mt Nasura WA 6112","Phone number":"(08) 9399 7636"},{"Postcode":"6112","Name":"K Wong","Address":"20 Temple Way Piara Waters WA 6112","Phone number":"(08) 9397 2189"},{"Postcode":"6112","Name":"R Wong","Address":"36 Darling Range Drv Bedfordale WA 6112","Phone number":"(08) 9497 5535"},{"Postcode":"6112","Name":"W Wong","Address":"43 Freeman Rd Forrestdale WA 6112","Phone number":"(08) 9393 2000"},{"Postcode":"6149","Name":"J Wong","Address":"3 Maquire Way Bull Creek WA 6149","Phone number":"(08) 9312 7050"},{"Postcode":"6149","Name":"K Wong","Address":"27 Orbell Way Bull Creek WA 6149","Phone number":"(08) 9310 6360"},{"Postcode":"6149","Name":"W K Wong","Address":"11 Sanderson Rd Bull Creek WA 6149","Phone number":"(08) 9332 7981"},{"Postcode":"6149","Name":"H San Wong","Address":"73 Endeavour Ave Bullcreek WA 6149","Phone number":"(08) 6101 1091"},{"Postcode":"6230","Name":"H & J Wong","Address":"12 Bickerton Pl East Bunbury WA 6230","Phone number":"(08) 9721 6219"},{"Postcode":"6100","Name":"J Wong","Address":"Un 1 11 Miller St Victoria Park WA 6100","Phone number":"(08) 9221 3051"},{"Postcode":"6100","Name":"W C Wong","Address":"215 Berwick St Victoria Park WA 6100","Phone number":"(08) 9362 2992"},{"Postcode":"6036","Name":"T H Wong","Address":"8 Otley La Butler WA 6036","Phone number":"(08) 9562 0737"},{"Postcode":"6122","Name":"H Wong","Address":"7 Crillin Way Byford WA 6122","Phone number":"(08) 9525 4030"},{"Postcode":"6167","Name":"G Wong","Address":"9 Lipscombe Crt Medina WA 6167","Phone number":"(08) 9419 6597"},{"Postcode":"6167","Name":"J Wong","Address":"72 A Summerton Rd Calista WA 6167","Phone number":"(08) 9439 4140"},{"Postcode":"6153","Name":"Jacqueline Wong","Address":"14 Blaven Way Ardross WA 6153","Phone number":"(08) 9364 6929"},{"Postcode":"6153","Name":"L Wong","Address":"27b Kintail Rd Applecross WA 6153","Phone number":"(08) 9316 8009"},{"Postcode":"6153","Name":"R Wong","Address":"6 River View Tce Mt Pleasant WA 6153","Phone number":"(08) 9315 9469"},{"Postcode":"6153","Name":"S Wong","Address":"13 Links Rd Ardross WA 6153","Phone number":"(04) 3050 9719"},{"Postcode":"6153","Name":"V Wong","Address":"37 Alness St Applecross WA 6153","Phone number":"(08) 9316 0643"},{"Postcode":"6155","Name":"C Wong","Address":"32 Laggan Rd Canning Vale WA 6155","Phone number":"(08) 9456 0850"},{"Postcode":"6155","Name":"C Wong","Address":"8 Elgon Hl Willetton WA 6155","Phone number":"(08) 9259 6823"},{"Postcode":"6155","Name":"C K Wong","Address":"3 Bevan Pl Willetton WA 6155","Phone number":"(08) 9332 2118"},{"Postcode":"6155","Name":"D Wong","Address":"23 Quenda Drv Canning Vale WA 6155","Phone number":"(08) 9456 0921"},{"Postcode":"6155","Name":"K Wong","Address":"26 Goodwood Way Canning Vale WA 6155","Phone number":"(08) 6150 2171"},{"Postcode":"6155","Name":"K S Wong","Address":"5 Kissane Ct Willetton WA 6155","Phone number":"(04) 2589 9278"},{"Postcode":"6155","Name":"L Wong","Address":"4 Canton Vis Canning Vale WA 6155","Phone number":"(08) 9456 2059"},{"Postcode":"6155","Name":"M Wong","Address":"38 Macmillan Blv Canning Vale WA 6155","Phone number":"(08) 9455 1738"},{"Postcode":"6155","Name":"M Wong","Address":"27 Bottrell Way Canning Vale WA 6155","Phone number":"(08) 9455 1707"},{"Postcode":"6155","Name":"P Wong","Address":"4 Cranfield La Canning Vale WA 6155","Phone number":"(08) 6258 5194"},{"Postcode":"6155","Name":"Ms Sze Wong","Address":"4 Christopher Cl Willetton WA 6155","Phone number":"(08) 6186 5071"},{"Postcode":"6155","Name":"T Wong","Address":"86 Waratah Blv Canning Vale WA 6155","Phone number":"(08) 9256 2096"},{"Postcode":"6155","Name":"T L Wong","Address":"U 8 9 Parnell Way Canning Vale WA 6155","Phone number":"(04) 2120 3895"},{"Postcode":"6155","Name":"U Wong","Address":"43 Cromarty Gdns Canning Vale WA 6155","Phone number":"(08) 9455 1863"},{"Postcode":"6155","Name":"Mr W Wong","Address":"6 Plunkett Turn Canning Vale WA 6155","Phone number":"(08) 9455 4963"},{"Postcode":"6155","Name":"W Wong","Address":"18 Spotted Gum Way Willetton WA 6155","Phone number":"(08) 9354 8007"},{"Postcode":"6155","Name":"Y Wong","Address":"14 Carnation St Canning Vale WA 6155","Phone number":"(08) 6249 4350"},{"Postcode":"6155","Name":"Y W Wong","Address":"1 Oman Pass Canning Vale WA 6155","Phone number":"(08) 9456 1503"},{"Postcode":"6155","Name":"C Wong","Address":"32 Laggan Rd Canning Vale WA 6155","Phone number":"(08) 9456 0850"},{"Postcode":"6155","Name":"C Wong","Address":"8 Elgon Hl Willetton WA 6155","Phone number":"(08) 9259 6823"},{"Postcode":"6155","Name":"C K Wong","Address":"3 Bevan Pl Willetton WA 6155","Phone number":"(08) 9332 2118"},{"Postcode":"6155","Name":"D Wong","Address":"23 Quenda Drv Canning Vale WA 6155","Phone number":"(08) 9456 0921"},{"Postcode":"6155","Name":"K Wong","Address":"26 Goodwood Way Canning Vale WA 6155","Phone number":"(08) 6150 2171"},{"Postcode":"6155","Name":"K S Wong","Address":"5 Kissane Ct Willetton WA 6155","Phone number":"(04) 2589 9278"},{"Postcode":"6155","Name":"L Wong","Address":"4 Canton Vis Canning Vale WA 6155","Phone number":"(08) 9456 2059"},{"Postcode":"6155","Name":"M Wong","Address":"38 Macmillan Blv Canning Vale WA 6155","Phone number":"(08) 9455 1738"},{"Postcode":"6155","Name":"M Wong","Address":"27 Bottrell Way Canning Vale WA 6155","Phone number":"(08) 9455 1707"},{"Postcode":"6155","Name":"P Wong","Address":"4 Cranfield La Canning Vale WA 6155","Phone number":"(08) 6258 5194"},{"Postcode":"6155","Name":"Ms Sze Wong","Address":"4 Christopher Cl Willetton WA 6155","Phone number":"(08) 6186 5071"},{"Postcode":"6155","Name":"T Wong","Address":"86 Waratah Blv Canning Vale WA 6155","Phone number":"(08) 9256 2096"},{"Postcode":"6155","Name":"T L Wong","Address":"U 8 9 Parnell Way Canning Vale WA 6155","Phone number":"(04) 2120 3895"},{"Postcode":"6155","Name":"U Wong","Address":"43 Cromarty Gdns Canning Vale WA 6155","Phone number":"(08) 9455 1863"},{"Postcode":"6155","Name":"Mr W Wong","Address":"6 Plunkett Turn Canning Vale WA 6155","Phone number":"(08) 9455 4963"},{"Postcode":"6155","Name":"W Wong","Address":"18 Spotted Gum Way Willetton WA 6155","Phone number":"(08) 9354 8007"},{"Postcode":"6155","Name":"Y Wong","Address":"14 Carnation St Canning Vale WA 6155","Phone number":"(08) 6249 4350"},{"Postcode":"6155","Name":"Y W Wong","Address":"1 Oman Pass Canning Vale WA 6155","Phone number":"(08) 9456 1503"},{"Postcode":"6107","Name":"Arnold & Sarah Wong","Address":"8 Old Lake Gr Wilson WA 6107","Phone number":"(08) 9458 9558"},{"Postcode":"6107","Name":"C Wong","Address":"55 Chichester Ave Beckenham WA 6107","Phone number":"(08) 9349 5659"},{"Postcode":"6107","Name":"C Wong","Address":"5 Illing Way East Cannington WA 6107","Phone number":"(08) 6244 9252"},{"Postcode":"6107","Name":"C Wong","Address":"13 Limerick Loop Wattle Grove WA 6107","Phone number":"(08) 9453 9430"},{"Postcode":"6107","Name":"L Wong","Address":"8 Brinkley St Cannington WA 6107","Phone number":"(08) 9451 3825"},{"Postcode":"6107","Name":"P Wong","Address":"28 Blacksmith St Queens Park WA 6107","Phone number":"(08) 9458 7339"},{"Postcode":"6107","Name":"R Wong","Address":"44 Serisier Pkwy Queens Park WA 6107","Phone number":"(08) 9458 3842"},{"Postcode":"6107","Name":"T Wong","Address":"23 Scarpview Pl East Cannington WA 6107","Phone number":"(08) 9451 4281"},{"Postcode":"6107","Name":"W Wong","Address":"212 Bickley Rd Beckenham WA 6107","Phone number":"(08) 9458 8841"},{"Postcode":"6107","Name":"Weilun G Wong","Address":"17 Liege St Cannington WA 6107","Phone number":"(08) 9258 8185"},{"Postcode":"6107","Name":"Y Wong","Address":"76 Kalari Drv Wattle Grove WA 6107","Phone number":"(08) 9359 1474"},{"Postcode":"6107","Name":"Mr Y C Wong","Address":"41 Camberwell St Beckenham WA 6107","Phone number":"(08) 9458 9107"},{"Postcode":"6122","Name":"H Wong","Address":"7 Crillin Way Byford WA 6122","Phone number":"(08) 9525 4030"},{"Postcode":"6230","Name":"H & J Wong","Address":"12 Bickerton Pl East Bunbury WA 6230","Phone number":"(08) 9721 6219"},{"Postcode":"6020","Name":"C Wong","Address":"32 Wessex St Carine WA 6020","Phone number":"(08) 9448 4380"},{"Postcode":"6101","Name":"K W Wong","Address":"101 A Bank St East Victoria Park WA 6101","Phone number":"(08) 9362 6053"},{"Postcode":"6101","Name":"L Wong","Address":"UN 1 LV 1 966 Albany Hwy East Victoria Park WA 6101","Phone number":"(08) 9361 0042"},{"Postcode":"6101","Name":"Y W Wong","Address":"38 Devenish St East Victoria Park WA 6101","Phone number":"(08) 9361 1385"},{"Postcode":"6031","Name":"W Wong","Address":"51 Sundowner Mndr Banksia Grove WA 6031","Phone number":"(08) 9306 8614"},{"Postcode":"6167","Name":"G Wong","Address":"9 Lipscombe Crt Medina WA 6167","Phone number":"(08) 9419 6597"},{"Postcode":"6167","Name":"J Wong","Address":"72 A Summerton Rd Calista WA 6167","Phone number":"(08) 9439 4140"},{"Postcode":"6018","Name":"M Wong","Address":"25 Birchwood Ave Woodlands WA 6018","Phone number":"(08) 9445 8301"},{"Postcode":"6018","Name":"S Wong","Address":"274 North Beach Rd Karrinyup WA 6018","Phone number":"(08) 9448 4729"},{"Postcode":"6030","Name":"J Wong","Address":"7 Antibes Crt Mindarie WA 6030","Phone number":"(08) 9305 1533"},{"Postcode":"6030","Name":"Mr S Wong","Address":"2 Akita Crt Merriwa WA 6030","Phone number":"(08) 9304 4272"},{"Postcode":"6210","Name":"M & N Wong","Address":"8 St Laurent Cl Greenfields WA 6210","Phone number":"(08) 9586 2238"},{"Postcode":"6210","Name":"P H Wong","Address":"5 Lavender Gardns Halls Head WA 6210","Phone number":"(08) 9581 2476"},{"Postcode":"6230","Name":"H & J Wong","Address":"12 Bickerton Pl East Bunbury WA 6230","Phone number":"(08) 9721 6219"},{"Postcode":"6152","Name":"T L Wong","Address":"10 Gardner St Como WA 6152","Phone number":"(08) 9368 6736"},{"Postcode":"6027","Name":"Mr S Wong","Address":"14 Whelk Pl Mullaloo WA 6027","Phone number":"(08) 9402 0282"},{"Postcode":"6210","Name":"M & N Wong","Address":"8 St Laurent Cl Greenfields WA 6210","Phone number":"(08) 9586 2238"},{"Postcode":"6210","Name":"P H Wong","Address":"5 Lavender Gardns Halls Head WA 6210","Phone number":"(08) 9581 2476"},{"Postcode":"6163","Name":"G Wong","Address":"20 Mewstone Crs North Coogee WA 6163","Phone number":"(08) 9433 6456"},{"Postcode":"6163","Name":"J H Wong","Address":"37a Deller Drv Bibra Lake WA 6163","Phone number":"(08) 9434 6997"},{"Postcode":"6163","Name":"P Wong","Address":"17 B Gilbertson Rd Kardinya WA 6163","Phone number":"(08) 9337 8960"},{"Postcode":"6163","Name":"P Wong","Address":"283 Spearwood Ave Spearwood WA 6163","Phone number":"(04) 3309 8670"},{"Postcode":"6163","Name":"S Wong","Address":"113 Meller Rd Bibra Lake WA 6163","Phone number":"(08) 9414 7956"},{"Postcode":"6163","Name":"S Wong","Address":"15 Somerset Rse Kardinya WA 6163","Phone number":"(08) 6150 0554"},{"Postcode":"6025","Name":"Y Wong","Address":"57 Pinnaroo Drv Padbury WA 6025","Phone number":"(08) 9401 3258"},{"Postcode":"6009","Name":"M Wong","Address":"18 Browne Ave Dalkeith WA 6009","Phone number":"(08) 6389 1828"},{"Postcode":"6008","Name":"K J Wong","Address":"70a Evans St Shenton Park WA 6008","Phone number":"(04) 1219 8045"},{"Postcode":"6009","Name":"M Wong","Address":"18 Browne Ave Dalkeith WA 6009","Phone number":"(08) 6389 1828"},{"Postcode":"6230","Name":"H & J Wong","Address":"12 Bickerton Pl East Bunbury WA 6230","Phone number":"(08) 9721 6219"},{"Postcode":"6122","Name":"H Wong","Address":"7 Crillin Way Byford WA 6122","Phone number":"(08) 9525 4030"},{"Postcode":"6230","Name":"H & J Wong","Address":"12 Bickerton Pl East Bunbury WA 6230","Phone number":"(08) 9721 6219"},{"Postcode":"6210","Name":"M & N Wong","Address":"8 St Laurent Cl Greenfields WA 6210","Phone number":"(08) 9586 2238"},{"Postcode":"6210","Name":"P H Wong","Address":"5 Lavender Gardns Halls Head WA 6210","Phone number":"(08) 9581 2476"},{"Postcode":"6059","Name":"C Wong","Address":"102 Leeds St Dianella WA 6059","Phone number":"(08) 9375 7520"},{"Postcode":"6060","Name":"C & D Wong","Address":"5 Leslie Pl Tuart Hill WA 6060","Phone number":"(08) 9344 8696"},{"Postcode":"6060","Name":"K Y Wong","Address":"47A Grenville St Tuart Hill WA 6060","Phone number":"(08) 9344 2827"},{"Postcode":"6060","Name":"M Y Wong","Address":"87 Flinders St Yokine WA 6060","Phone number":"(08) 9443 9648"},{"Postcode":"6018","Name":"M Wong","Address":"25 Birchwood Ave Woodlands WA 6018","Phone number":"(08) 9445 8301"},{"Postcode":"6018","Name":"S Wong","Address":"274 North Beach Rd Karrinyup WA 6018","Phone number":"(08) 9448 4729"},{"Postcode":"6210","Name":"M & N Wong","Address":"8 St Laurent Cl Greenfields WA 6210","Phone number":"(08) 9586 2238"},{"Postcode":"6210","Name":"P H Wong","Address":"5 Lavender Gardns Halls Head WA 6210","Phone number":"(08) 9581 2476"},{"Postcode":"6230","Name":"H & J Wong","Address":"12 Bickerton Pl East Bunbury WA 6230","Phone number":"(08) 9721 6219"},{"Postcode":"6004","Name":"N Wong","Address":"Un 8 28 Waterloo Crs East Perth WA 6004","Phone number":"(08) 9325 4354"},{"Postcode":"6101","Name":"K W Wong","Address":"101 A Bank St East Victoria Park WA 6101","Phone number":"(08) 9362 6053"},{"Postcode":"6101","Name":"L Wong","Address":"UN 1 LV 1 966 Albany Hwy East Victoria Park WA 6101","Phone number":"(08) 9361 0042"},{"Postcode":"6101","Name":"Y W Wong","Address":"38 Devenish St East Victoria Park WA 6101","Phone number":"(08) 9361 1385"},{"Postcode":"6054","Name":"H C Wong","Address":"6 Turstin Glen Kiara WA 6054","Phone number":"(08) 6150 0663"},{"Postcode":"6027","Name":"Mr S Wong","Address":"14 Whelk Pl Mullaloo WA 6027","Phone number":"(08) 9402 0282"},{"Postcode":"6062","Name":"A Wong","Address":"14   a Linton Pl Morley WA 6062","Phone number":"(08) 6244 8916"},{"Postcode":"6062","Name":"K Wong","Address":"28 B Hewton St Morley WA 6062","Phone number":"(08) 9276 4140"},{"Postcode":"6062","Name":"M F Wong","Address":"378 North Beechboro Rd Morley WA 6062","Phone number":"(08) 9378 3168"},{"Postcode":"6062","Name":"T K Wong","Address":"22 Niagara Pl Morley WA 6062","Phone number":"(08) 9378 1220"},{"Postcode":"6210","Name":"M & N Wong","Address":"8 St Laurent Cl Greenfields WA 6210","Phone number":"(08) 9586 2238"},{"Postcode":"6210","Name":"P H Wong","Address":"5 Lavender Gardns Halls Head WA 6210","Phone number":"(08) 9581 2476"},{"Postcode":"6210","Name":"M & N Wong","Address":"8 St Laurent Cl Greenfields WA 6210","Phone number":"(08) 9586 2238"},{"Postcode":"6210","Name":"P H Wong","Address":"5 Lavender Gardns Halls Head WA 6210","Phone number":"(08) 9581 2476"},{"Postcode":"6148","Name":"S N Wong","Address":"100 Parklands Sq Riverton WA 6148","Phone number":"(08) 9259 6782"},{"Postcode":"6148","Name":"T Wong","Address":"Un 2 11 Valmae Rd Riverton WA 6148","Phone number":"(08) 9457 0501"},{"Postcode":"6148","Name":"W Wong","Address":"174 B Corinthian Rd East Riverton WA 6148","Phone number":"(08) 9259 1615"},{"Postcode":"6112","Name":"A Wong","Address":"1 Ferry Crt Harrisdale WA 6112","Phone number":"(08) 9393 2464"},{"Postcode":"6112","Name":"C Wong","Address":"7 Roberta Rise Mt Nasura WA 6112","Phone number":"(08) 9399 7636"},{"Postcode":"6112","Name":"K Wong","Address":"20 Temple Way Piara Waters WA 6112","Phone number":"(08) 9397 2189"},{"Postcode":"6112","Name":"R Wong","Address":"36 Darling Range Drv Bedfordale WA 6112","Phone number":"(08) 9497 5535"},{"Postcode":"6112","Name":"W Wong","Address":"43 Freeman Rd Forrestdale WA 6112","Phone number":"(08) 9393 2000"},{"Postcode":"6210","Name":"M & N Wong","Address":"8 St Laurent Cl Greenfields WA 6210","Phone number":"(08) 9586 2238"},{"Postcode":"6210","Name":"P H Wong","Address":"5 Lavender Gardns Halls Head WA 6210","Phone number":"(08) 9581 2476"},{"Postcode":"6230","Name":"H & J Wong","Address":"12 Bickerton Pl East Bunbury WA 6230","Phone number":"(08) 9721 6219"},{"Postcode":"6064","Name":"L Wong","Address":"10 A Thurburn Ret Marangaroo WA 6064","Phone number":"(08) 9247 4365"},{"Postcode":"6064","Name":"W Wong","Address":"11 Sabine Gr Alexander Heights WA 6064","Phone number":"(08) 9342 4886"},{"Postcode":"6230","Name":"H & J Wong","Address":"12 Bickerton Pl East Bunbury WA 6230","Phone number":"(08) 9721 6219"},{"Postcode":"6016","Name":"J Wong","Address":"103 Coogee St Mt Hawthorn WA 6016","Phone number":"(08) 9444 5347"},{"Postcode":"6110","Name":"C D Wong","Address":"1 Newell Loop Gosnells WA 6110","Phone number":"(08) 9398 5394"},{"Postcode":"6110","Name":"P Wong","Address":"24 Aldenham Drv Southern River WA 6110","Phone number":"(08) 9398 4566"},{"Postcode":"6110","Name":"R Wong","Address":"29 Leatherwood Way Huntingdale WA 6110","Phone number":"(08) 9490 5142"},{"Postcode":"6110","Name":"R Wong","Address":"22 Lakey St Southern River WA 6110","Phone number":"(08) 9398 1498"},{"Postcode":"6110","Name":"S F Wong","Address":"20 Quarram Way Gosnells WA 6110","Phone number":"(04) 1894 1164"},{"Postcode":"6110","Name":"W H Wong","Address":"7 Lakey St Southern River WA 6110","Phone number":"(08) 9490 7617"},{"Postcode":"6210","Name":"M & N Wong","Address":"8 St Laurent Cl Greenfields WA 6210","Phone number":"(08) 9586 2238"},{"Postcode":"6210","Name":"P H Wong","Address":"5 Lavender Gardns Halls Head WA 6210","Phone number":"(08) 9581 2476"},{"Postcode":"6018","Name":"M Wong","Address":"25 Birchwood Ave Woodlands WA 6018","Phone number":"(08) 9445 8301"},{"Postcode":"6018","Name":"S Wong","Address":"274 North Beach Rd Karrinyup WA 6018","Phone number":"(08) 9448 4729"},{"Postcode":"6210","Name":"M & N Wong","Address":"8 St Laurent Cl Greenfields WA 6210","Phone number":"(08) 9586 2238"},{"Postcode":"6210","Name":"P H Wong","Address":"5 Lavender Gardns Halls Head WA 6210","Phone number":"(08) 9581 2476"},{"Postcode":"6022","Name":"Mr W Wong","Address":"21 Pennine Way Hamersley WA 6022","Phone number":"(08) 9447 7326"},{"Postcode":"6163","Name":"G Wong","Address":"20 Mewstone Crs North Coogee WA 6163","Phone number":"(08) 9433 6456"},{"Postcode":"6163","Name":"J H Wong","Address":"37a Deller Drv Bibra Lake WA 6163","Phone number":"(08) 9434 6997"},{"Postcode":"6163","Name":"P Wong","Address":"17 B Gilbertson Rd Kardinya WA 6163","Phone number":"(08) 9337 8960"},{"Postcode":"6163","Name":"P Wong","Address":"283 Spearwood Ave Spearwood WA 6163","Phone number":"(04) 3309 8670"},{"Postcode":"6163","Name":"S Wong","Address":"113 Meller Rd Bibra Lake WA 6163","Phone number":"(08) 9414 7956"},{"Postcode":"6163","Name":"S Wong","Address":"15 Somerset Rse Kardinya WA 6163","Phone number":"(08) 6150 0554"},{"Postcode":"6164","Name":"A Wong","Address":"73 Lesueur Pass Beeliar WA 6164","Phone number":"(08) 9437 4885"},{"Postcode":"6164","Name":"J Wong","Address":"21 Millstream Pl Success WA 6164","Phone number":"(08) 9499 4092"},{"Postcode":"6164","Name":"S L Wong","Address":"7 Swallowtail Ave Success WA 6164","Phone number":"(08) 9499 3368"},{"Postcode":"6164","Name":"T Wong","Address":"6 Touchell Ret Atwell WA 6164","Phone number":"(08) 9498 7979"},{"Postcode":"6164","Name":"V Wong","Address":"11 Brutia Pl Aubin Grove WA 6164","Phone number":"(08) 9414 6518"},{"Postcode":"6164","Name":"Vdd Wong","Address":"44 Pearson Drv Success WA 6164","Phone number":"(08) 9498 5780"},{"Postcode":"6027","Name":"Mr S Wong","Address":"14 Whelk Pl Mullaloo WA 6027","Phone number":"(08) 9402 0282"},{"Postcode":"6210","Name":"M & N Wong","Address":"8 St Laurent Cl Greenfields WA 6210","Phone number":"(08) 9586 2238"},{"Postcode":"6210","Name":"P H Wong","Address":"5 Lavender Gardns Halls Head WA 6210","Phone number":"(08) 9581 2476"},{"Postcode":"6003","Name":"C Wong","Address":"Un 4 337 Lord St Highgate WA 6003","Phone number":"(08) 9227 7868"},{"Postcode":"6003","Name":"Mr C S Wong.","Address":"Unit 210 403 Newcastle St Northbridge WA 6003","Phone number":"(08) 9328 6308"},{"Postcode":"6025","Name":"Y Wong","Address":"57 Pinnaroo Drv Padbury WA 6025","Phone number":"(08) 9401 3258"},{"Postcode":"6163","Name":"G Wong","Address":"20 Mewstone Crs North Coogee WA 6163","Phone number":"(08) 9433 6456"},{"Postcode":"6163","Name":"J H Wong","Address":"37a Deller Drv Bibra Lake WA 6163","Phone number":"(08) 9434 6997"},{"Postcode":"6163","Name":"P Wong","Address":"17 B Gilbertson Rd Kardinya WA 6163","Phone number":"(08) 9337 8960"},{"Postcode":"6163","Name":"P Wong","Address":"283 Spearwood Ave Spearwood WA 6163","Phone number":"(04) 3309 8670"},{"Postcode":"6163","Name":"S Wong","Address":"113 Meller Rd Bibra Lake WA 6163","Phone number":"(08) 9414 7956"},{"Postcode":"6163","Name":"S Wong","Address":"15 Somerset Rse Kardinya WA 6163","Phone number":"(08) 6150 0554"},{"Postcode":"6110","Name":"C D Wong","Address":"1 Newell Loop Gosnells WA 6110","Phone number":"(08) 9398 5394"},{"Postcode":"6110","Name":"P Wong","Address":"24 Aldenham Drv Southern River WA 6110","Phone number":"(08) 9398 4566"},{"Postcode":"6110","Name":"R Wong","Address":"29 Leatherwood Way Huntingdale WA 6110","Phone number":"(08) 9490 5142"},{"Postcode":"6110","Name":"R Wong","Address":"22 Lakey St Southern River WA 6110","Phone number":"(08) 9398 1498"},{"Postcode":"6110","Name":"S F Wong","Address":"20 Quarram Way Gosnells WA 6110","Phone number":"(04) 1894 1164"},{"Postcode":"6110","Name":"W H Wong","Address":"7 Lakey St Southern River WA 6110","Phone number":"(08) 9490 7617"},{"Postcode":"6052","Name":"S L Wong","Address":"89 Drummond St Bedford WA 6052","Phone number":"(08) 9272 5531"},{"Postcode":"6018","Name":"M Wong","Address":"25 Birchwood Ave Woodlands WA 6018","Phone number":"(08) 9445 8301"},{"Postcode":"6018","Name":"S Wong","Address":"274 North Beach Rd Karrinyup WA 6018","Phone number":"(08) 9448 4729"},{"Postcode":"6164","Name":"A Wong","Address":"73 Lesueur Pass Beeliar WA 6164","Phone number":"(08) 9437 4885"},{"Postcode":"6164","Name":"J Wong","Address":"21 Millstream Pl Success WA 6164","Phone number":"(08) 9499 4092"},{"Postcode":"6164","Name":"S L Wong","Address":"7 Swallowtail Ave Success WA 6164","Phone number":"(08) 9499 3368"},{"Postcode":"6164","Name":"T Wong","Address":"6 Touchell Ret Atwell WA 6164","Phone number":"(08) 9498 7979"},{"Postcode":"6164","Name":"V Wong","Address":"11 Brutia Pl Aubin Grove WA 6164","Phone number":"(08) 9414 6518"},{"Postcode":"6164","Name":"Vdd Wong","Address":"44 Pearson Drv Success WA 6164","Phone number":"(08) 9498 5780"},{"Postcode":"6036","Name":"T H Wong","Address":"8 Otley La Butler WA 6036","Phone number":"(08) 9562 0737"},{"Postcode":"6027","Name":"Mr S Wong","Address":"14 Whelk Pl Mullaloo WA 6027","Phone number":"(08) 9402 0282"},{"Postcode":"6060","Name":"C & D Wong","Address":"5 Leslie Pl Tuart Hill WA 6060","Phone number":"(08) 9344 8696"},{"Postcode":"6060","Name":"K Y Wong","Address":"47A Grenville St Tuart Hill WA 6060","Phone number":"(08) 9344 2827"},{"Postcode":"6060","Name":"M Y Wong","Address":"87 Flinders St Yokine WA 6060","Phone number":"(08) 9443 9648"},{"Postcode":"6025","Name":"Y Wong","Address":"57 Pinnaroo Drv Padbury WA 6025","Phone number":"(08) 9401 3258"},{"Postcode":"6152","Name":"T L Wong","Address":"10 Gardner St Como WA 6152","Phone number":"(08) 9368 6736"},{"Postcode":"6163","Name":"G Wong","Address":"20 Mewstone Crs North Coogee WA 6163","Phone number":"(08) 9433 6456"},{"Postcode":"6163","Name":"J H Wong","Address":"37a Deller Drv Bibra Lake WA 6163","Phone number":"(08) 9434 6997"},{"Postcode":"6163","Name":"P Wong","Address":"17 B Gilbertson Rd Kardinya WA 6163","Phone number":"(08) 9337 8960"},{"Postcode":"6163","Name":"P Wong","Address":"283 Spearwood Ave Spearwood WA 6163","Phone number":"(04) 3309 8670"},{"Postcode":"6163","Name":"S Wong","Address":"113 Meller Rd Bibra Lake WA 6163","Phone number":"(08) 9414 7956"},{"Postcode":"6163","Name":"S Wong","Address":"15 Somerset Rse Kardinya WA 6163","Phone number":"(08) 6150 0554"},{"Postcode":"6122","Name":"H Wong","Address":"7 Crillin Way Byford WA 6122","Phone number":"(08) 9525 4030"},{"Postcode":"6018","Name":"M Wong","Address":"25 Birchwood Ave Woodlands WA 6018","Phone number":"(08) 9445 8301"},{"Postcode":"6018","Name":"S Wong","Address":"274 North Beach Rd Karrinyup WA 6018","Phone number":"(08) 9448 4729"},{"Postcode":"6151","Name":"C M Wong","Address":"55 Ranelagh Crs South Perth WA 6151","Phone number":"(08) 9474 3728"},{"Postcode":"6151","Name":"S Wong","Address":"13 Allen St South Perth WA 6151","Phone number":"(08) 9367 6918"},{"Postcode":"6107","Name":"Arnold & Sarah Wong","Address":"8 Old Lake Gr Wilson WA 6107","Phone number":"(08) 9458 9558"},{"Postcode":"6107","Name":"C Wong","Address":"55 Chichester Ave Beckenham WA 6107","Phone number":"(08) 9349 5659"},{"Postcode":"6107","Name":"C Wong","Address":"5 Illing Way East Cannington WA 6107","Phone number":"(08) 6244 9252"},{"Postcode":"6107","Name":"C Wong","Address":"13 Limerick Loop Wattle Grove WA 6107","Phone number":"(08) 9453 9430"},{"Postcode":"6107","Name":"L Wong","Address":"8 Brinkley St Cannington WA 6107","Phone number":"(08) 9451 3825"},{"Postcode":"6107","Name":"P Wong","Address":"28 Blacksmith St Queens Park WA 6107","Phone number":"(08) 9458 7339"},{"Postcode":"6107","Name":"R Wong","Address":"44 Serisier Pkwy Queens Park WA 6107","Phone number":"(08) 9458 3842"},{"Postcode":"6107","Name":"T Wong","Address":"23 Scarpview Pl East Cannington WA 6107","Phone number":"(08) 9451 4281"},{"Postcode":"6107","Name":"W Wong","Address":"212 Bickley Rd Beckenham WA 6107","Phone number":"(08) 9458 8841"},{"Postcode":"6107","Name":"Weilun G Wong","Address":"17 Liege St Cannington WA 6107","Phone number":"(08) 9258 8185"},{"Postcode":"6107","Name":"Y Wong","Address":"76 Kalari Drv Wattle Grove WA 6107","Phone number":"(08) 9359 1474"},{"Postcode":"6107","Name":"Mr Y C Wong","Address":"41 Camberwell St Beckenham WA 6107","Phone number":"(08) 9458 9107"},{"Postcode":"6054","Name":"H C Wong","Address":"6 Turstin Glen Kiara WA 6054","Phone number":"(08) 6150 0663"},{"Postcode":"6026","Name":"J Wong","Address":"137 Woodvale Drv Woodvale WA 6026","Phone number":"(08) 9309 5064"},{"Postcode":"6064","Name":"L Wong","Address":"10 A Thurburn Ret Marangaroo WA 6064","Phone number":"(08) 9247 4365"},{"Postcode":"6064","Name":"W Wong","Address":"11 Sabine Gr Alexander Heights WA 6064","Phone number":"(08) 9342 4886"},{"Postcode":"6167","Name":"G Wong","Address":"9 Lipscombe Crt Medina WA 6167","Phone number":"(08) 9419 6597"},{"Postcode":"6167","Name":"J Wong","Address":"72 A Summerton Rd Calista WA 6167","Phone number":"(08) 9439 4140"},{"Postcode":"6167","Name":"G Wong","Address":"9 Lipscombe Crt Medina WA 6167","Phone number":"(08) 9419 6597"},{"Postcode":"6167","Name":"J Wong","Address":"72 A Summerton Rd Calista WA 6167","Phone number":"(08) 9439 4140"},{"Postcode":"6210","Name":"M & N Wong","Address":"8 St Laurent Cl Greenfields WA 6210","Phone number":"(08) 9586 2238"},{"Postcode":"6210","Name":"P H Wong","Address":"5 Lavender Gardns Halls Head WA 6210","Phone number":"(08) 9581 2476"},{"Postcode":"6147","Name":"C Wong","Address":"1 Cameron St Langford WA 6147","Phone number":"(08) 9356 5079"},{"Postcode":"6147","Name":"S Wong","Address":"28 Tantini Cl Parkwood WA 6147","Phone number":"(08) 9354 7446"},{"Postcode":"6100","Name":"J Wong","Address":"Un 1 11 Miller St Victoria Park WA 6100","Phone number":"(08) 9221 3051"},{"Postcode":"6100","Name":"W C Wong","Address":"215 Berwick St Victoria Park WA 6100","Phone number":"(08) 9362 2992"},{"Postcode":"6170","Name":"C Wong","Address":"11 Greenstead Way Wellard WA 6170","Phone number":"(08) 9419 2490"},{"Postcode":"6170","Name":"D Wong","Address":"90 Bellingham Pde Wellard WA 6170","Phone number":"(08) 9439 1554"},{"Postcode":"6170","Name":"S C Wong","Address":"1 Morton Ave Wellard WA 6170","Phone number":"(08) 6245 7309"},{"Postcode":"6149","Name":"J Wong","Address":"3 Maquire Way Bull Creek WA 6149","Phone number":"(08) 9312 7050"},{"Postcode":"6149","Name":"K Wong","Address":"27 Orbell Way Bull Creek WA 6149","Phone number":"(08) 9310 6360"},{"Postcode":"6149","Name":"W K Wong","Address":"11 Sanderson Rd Bull Creek WA 6149","Phone number":"(08) 9332 7981"},{"Postcode":"6149","Name":"H San Wong","Address":"73 Endeavour Ave Bullcreek WA 6149","Phone number":"(08) 6101 1091"},{"Postcode":"6233","Name":"N Wong","Address":"4 A Kowari Way Australind WA 6233","Phone number":"(08) 9796 1943"},{"Postcode":"6054","Name":"H C Wong","Address":"6 Turstin Glen Kiara WA 6054","Phone number":"(08) 6150 0663"},{"Postcode":"6147","Name":"C Wong","Address":"1 Cameron St Langford WA 6147","Phone number":"(08) 9356 5079"},{"Postcode":"6147","Name":"S Wong","Address":"28 Tantini Cl Parkwood WA 6147","Phone number":"(08) 9354 7446"},{"Postcode":"6210","Name":"M & N Wong","Address":"8 St Laurent Cl Greenfields WA 6210","Phone number":"(08) 9586 2238"},{"Postcode":"6210","Name":"P H Wong","Address":"5 Lavender Gardns Halls Head WA 6210","Phone number":"(08) 9581 2476"},{"Postcode":"6167","Name":"G Wong","Address":"9 Lipscombe Crt Medina WA 6167","Phone number":"(08) 9419 6597"},{"Postcode":"6167","Name":"J Wong","Address":"72 A Summerton Rd Calista WA 6167","Phone number":"(08) 9439 4140"},{"Postcode":"6210","Name":"M & N Wong","Address":"8 St Laurent Cl Greenfields WA 6210","Phone number":"(08) 9586 2238"},{"Postcode":"6210","Name":"P H Wong","Address":"5 Lavender Gardns Halls Head WA 6210","Phone number":"(08) 9581 2476"},{"Postcode":"6210","Name":"M & N Wong","Address":"8 St Laurent Cl Greenfields WA 6210","Phone number":"(08) 9586 2238"},{"Postcode":"6210","Name":"P H Wong","Address":"5 Lavender Gardns Halls Head WA 6210","Phone number":"(08) 9581 2476"},{"Postcode":"6210","Name":"M & N Wong","Address":"8 St Laurent Cl Greenfields WA 6210","Phone number":"(08) 9586 2238"},{"Postcode":"6210","Name":"P H Wong","Address":"5 Lavender Gardns Halls Head WA 6210","Phone number":"(08) 9581 2476"},{"Postcode":"6152","Name":"T L Wong","Address":"10 Gardner St Como WA 6152","Phone number":"(08) 9368 6736"},{"Postcode":"6064","Name":"L Wong","Address":"10 A Thurburn Ret Marangaroo WA 6064","Phone number":"(08) 9247 4365"},{"Postcode":"6064","Name":"W Wong","Address":"11 Sabine Gr Alexander Heights WA 6064","Phone number":"(08) 9342 4886"},{"Postcode":"6020","Name":"C Wong","Address":"32 Wessex St Carine WA 6020","Phone number":"(08) 9448 4380"},{"Postcode":"6110","Name":"C D Wong","Address":"1 Newell Loop Gosnells WA 6110","Phone number":"(08) 9398 5394"},{"Postcode":"6110","Name":"P Wong","Address":"24 Aldenham Drv Southern River WA 6110","Phone number":"(08) 9398 4566"},{"Postcode":"6110","Name":"R Wong","Address":"29 Leatherwood Way Huntingdale WA 6110","Phone number":"(08) 9490 5142"},{"Postcode":"6110","Name":"R Wong","Address":"22 Lakey St Southern River WA 6110","Phone number":"(08) 9398 1498"},{"Postcode":"6110","Name":"S F Wong","Address":"20 Quarram Way Gosnells WA 6110","Phone number":"(04) 1894 1164"},{"Postcode":"6110","Name":"W H Wong","Address":"7 Lakey St Southern River WA 6110","Phone number":"(08) 9490 7617"},{"Postcode":"6210","Name":"M & N Wong","Address":"8 St Laurent Cl Greenfields WA 6210","Phone number":"(08) 9586 2238"},{"Postcode":"6210","Name":"P H Wong","Address":"5 Lavender Gardns Halls Head WA 6210","Phone number":"(08) 9581 2476"},{"Postcode":"6167","Name":"G Wong","Address":"9 Lipscombe Crt Medina WA 6167","Phone number":"(08) 9419 6597"},{"Postcode":"6167","Name":"J Wong","Address":"72 A Summerton Rd Calista WA 6167","Phone number":"(08) 9439 4140"},{"Postcode":"6156","Name":"J Wong","Address":"Un 4 137 North Lake Rd Willagee WA 6156","Phone number":"(08) 9314 3031"},{"Postcode":"6030","Name":"J Wong","Address":"7 Antibes Crt Mindarie WA 6030","Phone number":"(08) 9305 1533"},{"Postcode":"6030","Name":"Mr S Wong","Address":"2 Akita Crt Merriwa WA 6030","Phone number":"(08) 9304 4272"},{"Postcode":"6030","Name":"J Wong","Address":"7 Antibes Crt Mindarie WA 6030","Phone number":"(08) 9305 1533"},{"Postcode":"6030","Name":"Mr S Wong","Address":"2 Akita Crt Merriwa WA 6030","Phone number":"(08) 9304 4272"},{"Postcode":"6061","Name":"C Wong","Address":"55   A Curlington Cres Balga WA 6061","Phone number":"(04) 3022 2476"},{"Postcode":"6061","Name":"Mr K Wong","Address":"55B Etchingham Rd Balga WA 6061","Phone number":"(08) 9440 6294"},{"Postcode":"6062","Name":"A Wong","Address":"14   a Linton Pl Morley WA 6062","Phone number":"(08) 6244 8916"},{"Postcode":"6062","Name":"K Wong","Address":"28 B Hewton St Morley WA 6062","Phone number":"(08) 9276 4140"},{"Postcode":"6062","Name":"M F Wong","Address":"378 North Beechboro Rd Morley WA 6062","Phone number":"(08) 9378 3168"},{"Postcode":"6062","Name":"T K Wong","Address":"22 Niagara Pl Morley WA 6062","Phone number":"(08) 9378 1220"},{"Postcode":"6012","Name":"G & C Wong","Address":"Mosman Park WA 6012","Phone number":"(08) 9284 5808"},{"Postcode":"6016","Name":"J Wong","Address":"103 Coogee St Mt Hawthorn WA 6016","Phone number":"(08) 9444 5347"},{"Postcode":"6112","Name":"A Wong","Address":"1 Ferry Crt Harrisdale WA 6112","Phone number":"(08) 9393 2464"},{"Postcode":"6112","Name":"C Wong","Address":"7 Roberta Rise Mt Nasura WA 6112","Phone number":"(08) 9399 7636"},{"Postcode":"6112","Name":"K Wong","Address":"20 Temple Way Piara Waters WA 6112","Phone number":"(08) 9397 2189"},{"Postcode":"6112","Name":"R Wong","Address":"36 Darling Range Drv Bedfordale WA 6112","Phone number":"(08) 9497 5535"},{"Postcode":"6112","Name":"W Wong","Address":"43 Freeman Rd Forrestdale WA 6112","Phone number":"(08) 9393 2000"},{"Postcode":"6153","Name":"Jacqueline Wong","Address":"14 Blaven Way Ardross WA 6153","Phone number":"(08) 9364 6929"},{"Postcode":"6153","Name":"L Wong","Address":"27b Kintail Rd Applecross WA 6153","Phone number":"(08) 9316 8009"},{"Postcode":"6153","Name":"R Wong","Address":"6 River View Tce Mt Pleasant WA 6153","Phone number":"(08) 9315 9469"},{"Postcode":"6153","Name":"S Wong","Address":"13 Links Rd Ardross WA 6153","Phone number":"(04) 3050 9719"},{"Postcode":"6153","Name":"V Wong","Address":"37 Alness St Applecross WA 6153","Phone number":"(08) 9316 0643"},{"Postcode":"6112","Name":"A Wong","Address":"1 Ferry Crt Harrisdale WA 6112","Phone number":"(08) 9393 2464"},{"Postcode":"6112","Name":"C Wong","Address":"7 Roberta Rise Mt Nasura WA 6112","Phone number":"(08) 9399 7636"},{"Postcode":"6112","Name":"K Wong","Address":"20 Temple Way Piara Waters WA 6112","Phone number":"(08) 9397 2189"},{"Postcode":"6112","Name":"R Wong","Address":"36 Darling Range Drv Bedfordale WA 6112","Phone number":"(08) 9497 5535"},{"Postcode":"6112","Name":"W Wong","Address":"43 Freeman Rd Forrestdale WA 6112","Phone number":"(08) 9393 2000"},{"Postcode":"6027","Name":"Mr S Wong","Address":"14 Whelk Pl Mullaloo WA 6027","Phone number":"(08) 9402 0282"},{"Postcode":"6150","Name":"P Wong","Address":"10 Flecker Crt Winthrop WA 6150","Phone number":"(08) 9310 5880"},{"Postcode":"6150","Name":"S Wong","Address":"12 Raffaele Pl Murdoch WA 6150","Phone number":"(08) 9313 7450"},{"Postcode":"6150","Name":"T T Wong","Address":"26 Wilkinson Gardns Winthrop WA 6150","Phone number":"(08) 9310 7757"},{"Postcode":"6154","Name":"C Wong","Address":"29 Chetwynd Way Booragoon WA 6154","Phone number":"(08) 9315 9207"},{"Postcode":"6009","Name":"M Wong","Address":"18 Browne Ave Dalkeith WA 6009","Phone number":"(08) 6389 1828"},{"Postcode":"6031","Name":"W Wong","Address":"51 Sundowner Mndr Banksia Grove WA 6031","Phone number":"(08) 9306 8614"},{"Postcode":"6061","Name":"C Wong","Address":"55   A Curlington Cres Balga WA 6061","Phone number":"(04) 3022 2476"},{"Postcode":"6061","Name":"Mr K Wong","Address":"55B Etchingham Rd Balga WA 6061","Phone number":"(08) 9440 6294"},{"Postcode":"6062","Name":"A Wong","Address":"14   a Linton Pl Morley WA 6062","Phone number":"(08) 6244 8916"},{"Postcode":"6062","Name":"K Wong","Address":"28 B Hewton St Morley WA 6062","Phone number":"(08) 9276 4140"},{"Postcode":"6062","Name":"M F Wong","Address":"378 North Beechboro Rd Morley WA 6062","Phone number":"(08) 9378 3168"},{"Postcode":"6062","Name":"T K Wong","Address":"22 Niagara Pl Morley WA 6062","Phone number":"(08) 9378 1220"},{"Postcode":"6020","Name":"C Wong","Address":"32 Wessex St Carine WA 6020","Phone number":"(08) 9448 4380"},{"Postcode":"6163","Name":"G Wong","Address":"20 Mewstone Crs North Coogee WA 6163","Phone number":"(08) 9433 6456"},{"Postcode":"6163","Name":"J H Wong","Address":"37a Deller Drv Bibra Lake WA 6163","Phone number":"(08) 9434 6997"},{"Postcode":"6163","Name":"P Wong","Address":"17 B Gilbertson Rd Kardinya WA 6163","Phone number":"(08) 9337 8960"},{"Postcode":"6163","Name":"P Wong","Address":"283 Spearwood Ave Spearwood WA 6163","Phone number":"(04) 3309 8670"},{"Postcode":"6163","Name":"S Wong","Address":"113 Meller Rd Bibra Lake WA 6163","Phone number":"(08) 9414 7956"},{"Postcode":"6163","Name":"S Wong","Address":"15 Somerset Rse Kardinya WA 6163","Phone number":"(08) 6150 0554"},{"Postcode":"6003","Name":"C Wong","Address":"Un 4 337 Lord St Highgate WA 6003","Phone number":"(08) 9227 7868"},{"Postcode":"6003","Name":"Mr C S Wong.","Address":"Unit 210 403 Newcastle St Northbridge WA 6003","Phone number":"(08) 9328 6308"},{"Postcode":"6163","Name":"G Wong","Address":"20 Mewstone Crs North Coogee WA 6163","Phone number":"(08) 9433 6456"},{"Postcode":"6163","Name":"J H Wong","Address":"37a Deller Drv Bibra Lake WA 6163","Phone number":"(08) 9434 6997"},{"Postcode":"6163","Name":"P Wong","Address":"17 B Gilbertson Rd Kardinya WA 6163","Phone number":"(08) 9337 8960"},{"Postcode":"6163","Name":"P Wong","Address":"283 Spearwood Ave Spearwood WA 6163","Phone number":"(04) 3309 8670"},{"Postcode":"6163","Name":"S Wong","Address":"113 Meller Rd Bibra Lake WA 6163","Phone number":"(08) 9414 7956"},{"Postcode":"6163","Name":"S Wong","Address":"15 Somerset Rse Kardinya WA 6163","Phone number":"(08) 6150 0554"},{"Postcode":"6027","Name":"Mr S Wong","Address":"14 Whelk Pl Mullaloo WA 6027","Phone number":"(08) 9402 0282"},{"Postcode":"6167","Name":"G Wong","Address":"9 Lipscombe Crt Medina WA 6167","Phone number":"(08) 9419 6597"},{"Postcode":"6167","Name":"J Wong","Address":"72 A Summerton Rd Calista WA 6167","Phone number":"(08) 9439 4140"},{"Postcode":"6017","Name":"K Wong","Address":"Un 2 208 Albert St Osborne Park WA 6017","Phone number":"(08) 9344 7570"},{"Postcode":"6017","Name":"P Wong","Address":"25 David Cl Osborne Park WA 6017","Phone number":"(08) 9443 4005"},{"Postcode":"6025","Name":"Y Wong","Address":"57 Pinnaroo Drv Padbury WA 6025","Phone number":"(08) 9401 3258"},{"Postcode":"6233","Name":"N Wong","Address":"4 A Kowari Way Australind WA 6233","Phone number":"(08) 9796 1943"},{"Postcode":"6210","Name":"M & N Wong","Address":"8 St Laurent Cl Greenfields WA 6210","Phone number":"(08) 9586 2238"},{"Postcode":"6210","Name":"P H Wong","Address":"5 Lavender Gardns Halls Head WA 6210","Phone number":"(08) 9581 2476"},{"Postcode":"6147","Name":"C Wong","Address":"1 Cameron St Langford WA 6147","Phone number":"(08) 9356 5079"},{"Postcode":"6147","Name":"S Wong","Address":"28 Tantini Cl Parkwood WA 6147","Phone number":"(08) 9354 7446"},{"Postcode":"6167","Name":"G Wong","Address":"9 Lipscombe Crt Medina WA 6167","Phone number":"(08) 9419 6597"},{"Postcode":"6167","Name":"J Wong","Address":"72 A Summerton Rd Calista WA 6167","Phone number":"(08) 9439 4140"},{"Postcode":"6230","Name":"H & J Wong","Address":"12 Bickerton Pl East Bunbury WA 6230","Phone number":"(08) 9721 6219"},{"Postcode":"6167","Name":"G Wong","Address":"9 Lipscombe Crt Medina WA 6167","Phone number":"(08) 9419 6597"},{"Postcode":"6167","Name":"J Wong","Address":"72 A Summerton Rd Calista WA 6167","Phone number":"(08) 9439 4140"},{"Postcode":"6107","Name":"Arnold & Sarah Wong","Address":"8 Old Lake Gr Wilson WA 6107","Phone number":"(08) 9458 9558"},{"Postcode":"6107","Name":"C Wong","Address":"55 Chichester Ave Beckenham WA 6107","Phone number":"(08) 9349 5659"},{"Postcode":"6107","Name":"C Wong","Address":"5 Illing Way East Cannington WA 6107","Phone number":"(08) 6244 9252"},{"Postcode":"6107","Name":"C Wong","Address":"13 Limerick Loop Wattle Grove WA 6107","Phone number":"(08) 9453 9430"},{"Postcode":"6107","Name":"L Wong","Address":"8 Brinkley St Cannington WA 6107","Phone number":"(08) 9451 3825"},{"Postcode":"6107","Name":"P Wong","Address":"28 Blacksmith St Queens Park WA 6107","Phone number":"(08) 9458 7339"},{"Postcode":"6107","Name":"R Wong","Address":"44 Serisier Pkwy Queens Park WA 6107","Phone number":"(08) 9458 3842"},{"Postcode":"6107","Name":"T Wong","Address":"23 Scarpview Pl East Cannington WA 6107","Phone number":"(08) 9451 4281"},{"Postcode":"6107","Name":"W Wong","Address":"212 Bickley Rd Beckenham WA 6107","Phone number":"(08) 9458 8841"},{"Postcode":"6107","Name":"Weilun G Wong","Address":"17 Liege St Cannington WA 6107","Phone number":"(08) 9258 8185"},{"Postcode":"6107","Name":"Y Wong","Address":"76 Kalari Drv Wattle Grove WA 6107","Phone number":"(08) 9359 1474"},{"Postcode":"6107","Name":"Mr Y C Wong","Address":"41 Camberwell St Beckenham WA 6107","Phone number":"(08) 9458 9107"},{"Postcode":"6030","Name":"J Wong","Address":"7 Antibes Crt Mindarie WA 6030","Phone number":"(08) 9305 1533"},{"Postcode":"6030","Name":"Mr S Wong","Address":"2 Akita Crt Merriwa WA 6030","Phone number":"(08) 9304 4272"},{"Postcode":"6030","Name":"J Wong","Address":"7 Antibes Crt Mindarie WA 6030","Phone number":"(08) 9305 1533"},{"Postcode":"6030","Name":"Mr S Wong","Address":"2 Akita Crt Merriwa WA 6030","Phone number":"(08) 9304 4272"},{"Postcode":"6148","Name":"S N Wong","Address":"100 Parklands Sq Riverton WA 6148","Phone number":"(08) 9259 6782"},{"Postcode":"6148","Name":"T Wong","Address":"Un 2 11 Valmae Rd Riverton WA 6148","Phone number":"(08) 9457 0501"},{"Postcode":"6148","Name":"W Wong","Address":"174 B Corinthian Rd East Riverton WA 6148","Phone number":"(08) 9259 1615"},{"Postcode":"6103","Name":"A Wong","Address":"Un 19b 48 Nannine Pl Rivervale WA 6103","Phone number":"(08) 9355 5278"},{"Postcode":"6148","Name":"S N Wong","Address":"100 Parklands Sq Riverton WA 6148","Phone number":"(08) 9259 6782"},{"Postcode":"6148","Name":"T Wong","Address":"Un 2 11 Valmae Rd Riverton WA 6148","Phone number":"(08) 9457 0501"},{"Postcode":"6148","Name":"W Wong","Address":"174 B Corinthian Rd East Riverton WA 6148","Phone number":"(08) 9259 1615"}]