[{"Postcode":"6167","Name":"J H Saunders","Address":"65 Sharman St Medina WA 6167","Phone number":"(08) 9419 5291"},{"Postcode":"6153","Name":"L Saunders","Address":"57B Matheson Rd Applecross WA 6153","Phone number":"(08) 9315 3002"},{"Postcode":"6153","Name":"P M Saunders","Address":"42 Dunvegan Rd Applecross WA 6153","Phone number":"(08) 9364 6397"},{"Postcode":"6153","Name":"L Saunders","Address":"57B Matheson Rd Applecross WA 6153","Phone number":"(08) 9315 3002"},{"Postcode":"6153","Name":"P M Saunders","Address":"42 Dunvegan Rd Applecross WA 6153","Phone number":"(08) 9364 6397"},{"Postcode":"6112","Name":"M Saunders","Address":"4 Cowra Crt Armadale WA 6112","Phone number":"(08) 9399 4030"},{"Postcode":"6112","Name":"M Saunders","Address":"4 Cowra Crt Armadale WA 6112","Phone number":"(08) 9393 9480"},{"Postcode":"6112","Name":"R Saunders","Address":"U 10 19 Milano Loop Seville Grove WA 6112","Phone number":"(08) 9495 2428"},{"Postcode":"6112","Name":"Mr W Saunders.","Address":"37 Fifth Rd Armadale WA 6112","Phone number":"(08) 9399 2695"},{"Postcode":"6104","Name":"L Saunders","Address":"9 Somers St Belmont WA 6104","Phone number":"(04) 0084 4891"},{"Postcode":"6065","Name":"Mr C Saunders","Address":"24 Bonannella Ent Sinagra WA 6065","Phone number":"(08) 9206 1854"},{"Postcode":"6065","Name":"S Saunders","Address":"11 Jimbiri Way Wanneroo WA 6065","Phone number":"(08) 9306 4250"},{"Postcode":"6054","Name":"Mrs J Saunders","Address":"14 Ivythorne Gr Kiara WA 6054","Phone number":"(08) 9379 1415"},{"Postcode":"6156","Name":"D S Saunders","Address":"Un 2 13 Luffingham St Melville WA 6156","Phone number":"(08) 9317 7571"},{"Postcode":"6156","Name":"S Saunders","Address":"3 Finney St Willagee WA 6156","Phone number":"(08) 9337 8396"},{"Postcode":"6164","Name":"Mr L Saunders","Address":"13 Wildfinch St Beeliar WA 6164","Phone number":"(08) 9437 4382"},{"Postcode":"6164","Name":"Mr S Saunders.","Address":"63 Steiner Ave Success WA 6164","Phone number":"(08) 9499 3398"},{"Postcode":"6233","Name":"C J & E M Saunders","Address":"34 Barnes Ave Australind WA 6233","Phone number":"(08) 9797 0151"},{"Postcode":"6233","Name":"N Saunders","Address":"22 Eckersley Way Australind WA 6233","Phone number":"(08) 9725 9485"},{"Postcode":"6171","Name":"L Saunders","Address":"32 Whinhill Loop Baldivis WA 6171","Phone number":"(08) 9529 0346"},{"Postcode":"6171","Name":"W Saunders","Address":"3 Hiscox Crs Baldivis WA 6171","Phone number":"(08) 9523 8619"},{"Postcode":"6061","Name":"I A & B J Saunders","Address":"22 Woodchester Pl Nollamara WA 6061","Phone number":"(08) 9349 2918"},{"Postcode":"6061","Name":"P Saunders","Address":"9 Farnesian Crcle Mirrabooka WA 6061","Phone number":"(08) 9249 6890"},{"Postcode":"6066","Name":"B J & M E Saunders","Address":"19 Boorabbin Pl Ballajura WA 6066","Phone number":"(08) 9249 2492"},{"Postcode":"6066","Name":"R W Saunders","Address":"6 Dew Cl Ballajura WA 6066","Phone number":"(08) 9248 6897"},{"Postcode":"6164","Name":"Mr L Saunders","Address":"13 Wildfinch St Beeliar WA 6164","Phone number":"(08) 9437 4382"},{"Postcode":"6164","Name":"Mr S Saunders.","Address":"63 Steiner Ave Success WA 6164","Phone number":"(08) 9499 3398"},{"Postcode":"6031","Name":"M Saunders","Address":"8 Willeroo Ch Carramar WA 6031","Phone number":"(08) 9206 0217"},{"Postcode":"6031","Name":"T Saunders","Address":"22 Cheriton Drv Carramar WA 6031","Phone number":"(08) 9206 0580"},{"Postcode":"6210","Name":"A J Saunders","Address":"Un 10 3 The Palladio Mandurah WA 6210","Phone number":"(08) 9581 5176"},{"Postcode":"6210","Name":"N Saunders","Address":"5 Ellinwood Loop Meadow Springs WA 6210","Phone number":"(04) 1894 7345"},{"Postcode":"6210","Name":"N Saunders","Address":"5 Ellinwood Loop Meadow Springs WA 6210","Phone number":"(08) 9583 3226"},{"Postcode":"6210","Name":"R P Saunders","Address":"67 Darwin Tce Dudley Park WA 6210","Phone number":"(08) 9586 8168"},{"Postcode":"6210","Name":"S Saunders","Address":"18 Oaklands Ave Halls Head WA 6210","Phone number":"(08) 9535 3512"},{"Postcode":"6056","Name":"A Saunders","Address":"14 Helen St Bellevue WA 6056","Phone number":"(04) 3867 4854"},{"Postcode":"6056","Name":"H Saunders","Address":"15 Koolgoo Way Koongamia WA 6056","Phone number":"(08) 9255 4432"},{"Postcode":"6056","Name":"K Saunders","Address":"65 Railway Ave Middle Swan WA 6056","Phone number":"(04) 3330 6624"},{"Postcode":"6056","Name":"Mr R Saunders","Address":"220 Alidja Lane Swan View WA 6056","Phone number":"(08) 9294 3085"},{"Postcode":"6056","Name":"T T Saunders","Address":"4130 Helena Valley Rd Helena Valley WA 6056","Phone number":"(08) 9294 1156"},{"Postcode":"6054","Name":"Mrs J Saunders","Address":"14 Ivythorne Gr Kiara WA 6054","Phone number":"(08) 9379 1415"},{"Postcode":"6150","Name":"Mrs Betty Saunders Saunders","Address":"Un 161 22 Windelya Rd Murdoch WA 6150","Phone number":"(08) 9332 7769"},{"Postcode":"6053","Name":"M Saunders","Address":"140 Broadway Bayswater WA 6053","Phone number":"(08) 9279 6757"},{"Postcode":"6162","Name":"D Saunders","Address":"18 Fullston Way Beaconsfield WA 6162","Phone number":"(08) 9336 5719"},{"Postcode":"6162","Name":"P R I & A K Saunders","Address":"5 A Minilya Ave White Gum Valley WA 6162","Phone number":"(08) 9335 8586"},{"Postcode":"6107","Name":"J Saunders","Address":"30 Phoenix Drv Kenwick WA 6107","Phone number":"(08) 9493 4970"},{"Postcode":"6107","Name":"J W & C A Saunders","Address":"69 Centre St Queens Park WA 6107","Phone number":"(08) 9458 7469"},{"Postcode":"6107","Name":"K Saunders","Address":"Un 5 178 Fern Rd Wilson WA 6107","Phone number":"(08) 9312 3103"},{"Postcode":"6107","Name":"S Saunders","Address":"82 Lalor Rd Kenwick WA 6107","Phone number":"(08) 9452 0509"},{"Postcode":"6112","Name":"M Saunders","Address":"4 Cowra Crt Armadale WA 6112","Phone number":"(08) 9399 4030"},{"Postcode":"6112","Name":"M Saunders","Address":"4 Cowra Crt Armadale WA 6112","Phone number":"(08) 9393 9480"},{"Postcode":"6112","Name":"R Saunders","Address":"U 10 19 Milano Loop Seville Grove WA 6112","Phone number":"(08) 9495 2428"},{"Postcode":"6112","Name":"Mr W Saunders.","Address":"37 Fifth Rd Armadale WA 6112","Phone number":"(08) 9399 2695"},{"Postcode":"6164","Name":"Mr L Saunders","Address":"13 Wildfinch St Beeliar WA 6164","Phone number":"(08) 9437 4382"},{"Postcode":"6164","Name":"Mr S Saunders.","Address":"63 Steiner Ave Success WA 6164","Phone number":"(08) 9499 3398"},{"Postcode":"6027","Name":"A Saunders","Address":"162 Caridean St Heathridge WA 6027","Phone number":"(08) 9307 4210"},{"Postcode":"6027","Name":"A J & Y Saunders","Address":"50 Diamond Drv Ocean Reef WA 6027","Phone number":"(08) 9402 1424"},{"Postcode":"6027","Name":"D H Saunders","Address":"29 Montebello Ave Heathridge WA 6027","Phone number":"(08) 9403 2664"},{"Postcode":"6027","Name":"M Saunders","Address":"45 Royal Melbourne Ave Connolly WA 6027","Phone number":"(08) 9300 1024"},{"Postcode":"6027","Name":"N Saunders","Address":"143 Gradient Wy Beldon WA 6027","Phone number":"(08) 9401 1472"},{"Postcode":"6069","Name":"Bandy J Saunders","Address":"33 Berrington Trl The Vines WA 6069","Phone number":"(08) 9297 6307"},{"Postcode":"6069","Name":"D M Saunders","Address":"21 Ponte Vecchio Blv Ellenbrook WA 6069","Phone number":"(08) 9297 6458"},{"Postcode":"6069","Name":"E Saunders","Address":"25 Tully Pde Ellenbrook WA 6069","Phone number":"(08) 6296 6976"},{"Postcode":"6069","Name":"N Saunders","Address":"35 Wexcombe Way Aveley WA 6069","Phone number":"(04) 4713 8340"},{"Postcode":"6056","Name":"A Saunders","Address":"14 Helen St Bellevue WA 6056","Phone number":"(04) 3867 4854"},{"Postcode":"6056","Name":"H Saunders","Address":"15 Koolgoo Way Koongamia WA 6056","Phone number":"(08) 9255 4432"},{"Postcode":"6056","Name":"K Saunders","Address":"65 Railway Ave Middle Swan WA 6056","Phone number":"(04) 3330 6624"},{"Postcode":"6056","Name":"Mr R Saunders","Address":"220 Alidja Lane Swan View WA 6056","Phone number":"(08) 9294 3085"},{"Postcode":"6056","Name":"T T Saunders","Address":"4130 Helena Valley Rd Helena Valley WA 6056","Phone number":"(08) 9294 1156"},{"Postcode":"6104","Name":"L Saunders","Address":"9 Somers St Belmont WA 6104","Phone number":"(04) 0084 4891"},{"Postcode":"6102","Name":"C Saunders","Address":"54A Palmerston St St James WA 6102","Phone number":"(08) 9258 8927"},{"Postcode":"6102","Name":"M Saunders","Address":"Hillview Tce Bentley WA 6102","Phone number":"(08) 6363 6768"},{"Postcode":"6102","Name":"M Saunders","Address":"29 A Wyndham St St James WA 6102","Phone number":"(08) 9361 2603"},{"Postcode":"6167","Name":"J H Saunders","Address":"65 Sharman St Medina WA 6167","Phone number":"(08) 9419 5291"},{"Postcode":"6163","Name":"M Saunders","Address":"11 Hilory St Coolbellup WA 6163","Phone number":"(08) 9314 6739"},{"Postcode":"6076","Name":"C Saunders","Address":"106 Huntley St Gooseberry Hill WA 6076","Phone number":"(08) 9257 1192"},{"Postcode":"6076","Name":"D Saunders","Address":"30 Verticordia Rd Walliston WA 6076","Phone number":"(08) 9291 5669"},{"Postcode":"6076","Name":"J Saunders","Address":"61 Gilchrist Rd Lesmurdie WA 6076","Phone number":"(08) 9291 8195"},{"Postcode":"6076","Name":"K R Saunders","Address":"23 Glen Rd Lesmurdie WA 6076","Phone number":"(08) 9291 6026"},{"Postcode":"6076","Name":"Y Saunders","Address":"59 Basildon Rd Lesmurdie WA 6076","Phone number":"(08) 9291 8150"},{"Postcode":"6157","Name":"P Saunders","Address":"44 Point Walter Rd Bicton WA 6157","Phone number":"(08) 6161 6250"},{"Postcode":"6233","Name":"C J & E M Saunders","Address":"34 Barnes Ave Australind WA 6233","Phone number":"(08) 9797 0151"},{"Postcode":"6233","Name":"N Saunders","Address":"22 Eckersley Way Australind WA 6233","Phone number":"(08) 9725 9485"},{"Postcode":"6208","Name":"M Saunders","Address":"17A Congdon Ave Pinjarra WA 6208","Phone number":"(08) 9531 1714"},{"Postcode":"6210","Name":"A J Saunders","Address":"Un 10 3 The Palladio Mandurah WA 6210","Phone number":"(08) 9581 5176"},{"Postcode":"6210","Name":"N Saunders","Address":"5 Ellinwood Loop Meadow Springs WA 6210","Phone number":"(04) 1894 7345"},{"Postcode":"6210","Name":"N Saunders","Address":"5 Ellinwood Loop Meadow Springs WA 6210","Phone number":"(08) 9583 3226"},{"Postcode":"6210","Name":"R P Saunders","Address":"67 Darwin Tce Dudley Park WA 6210","Phone number":"(08) 9586 8168"},{"Postcode":"6210","Name":"S Saunders","Address":"18 Oaklands Ave Halls Head WA 6210","Phone number":"(08) 9535 3512"},{"Postcode":"6056","Name":"A Saunders","Address":"14 Helen St Bellevue WA 6056","Phone number":"(04) 3867 4854"},{"Postcode":"6056","Name":"H Saunders","Address":"15 Koolgoo Way Koongamia WA 6056","Phone number":"(08) 9255 4432"},{"Postcode":"6056","Name":"K Saunders","Address":"65 Railway Ave Middle Swan WA 6056","Phone number":"(04) 3330 6624"},{"Postcode":"6056","Name":"Mr R Saunders","Address":"220 Alidja Lane Swan View WA 6056","Phone number":"(08) 9294 3085"},{"Postcode":"6056","Name":"T T Saunders","Address":"4130 Helena Valley Rd Helena Valley WA 6056","Phone number":"(08) 9294 1156"},{"Postcode":"6153","Name":"L Saunders","Address":"57B Matheson Rd Applecross WA 6153","Phone number":"(08) 9315 3002"},{"Postcode":"6153","Name":"P M Saunders","Address":"42 Dunvegan Rd Applecross WA 6153","Phone number":"(08) 9364 6397"},{"Postcode":"6069","Name":"Bandy J Saunders","Address":"33 Berrington Trl The Vines WA 6069","Phone number":"(08) 9297 6307"},{"Postcode":"6069","Name":"D M Saunders","Address":"21 Ponte Vecchio Blv Ellenbrook WA 6069","Phone number":"(08) 9297 6458"},{"Postcode":"6069","Name":"E Saunders","Address":"25 Tully Pde Ellenbrook WA 6069","Phone number":"(08) 6296 6976"},{"Postcode":"6069","Name":"N Saunders","Address":"35 Wexcombe Way Aveley WA 6069","Phone number":"(04) 4713 8340"},{"Postcode":"6009","Name":"D Saunders","Address":"61 Verdun St Nedlands WA 6009","Phone number":"(08) 9380 9596"},{"Postcode":"6112","Name":"M Saunders","Address":"4 Cowra Crt Armadale WA 6112","Phone number":"(08) 9399 4030"},{"Postcode":"6112","Name":"M Saunders","Address":"4 Cowra Crt Armadale WA 6112","Phone number":"(08) 9393 9480"},{"Postcode":"6112","Name":"R Saunders","Address":"U 10 19 Milano Loop Seville Grove WA 6112","Phone number":"(08) 9495 2428"},{"Postcode":"6112","Name":"Mr W Saunders.","Address":"37 Fifth Rd Armadale WA 6112","Phone number":"(08) 9399 2695"},{"Postcode":"6084","Name":"J Saunders","Address":"356 Hart Drv Chittering WA 6084","Phone number":"(08) 9576 0098"},{"Postcode":"6230","Name":"B L & E D Saunders","Address":"16 Knight St South Bunbury WA 6230","Phone number":"(08) 9721 5203"},{"Postcode":"6230","Name":"Mr G T Saunders","Address":"25 Oliver St East Bunbury WA 6230","Phone number":"(08) 9791 2117"},{"Postcode":"6230","Name":"P D Saunders","Address":"16 Eulalia St Carey Park WA 6230","Phone number":"(08) 9791 7010"},{"Postcode":"6028","Name":"C Saunders","Address":"24 Callander Ave Kinross WA 6028","Phone number":"(08) 9305 5536"},{"Postcode":"6122","Name":"Mr D Saunders","Address":"12 Padra Turn Byford WA 6122","Phone number":"(08) 9526 8068"},{"Postcode":"6122","Name":"J L Saunders","Address":"27 Portwine Ave Byford WA 6122","Phone number":"(08) 9525 1596"},{"Postcode":"6122","Name":"K Saunders","Address":"Un 2 5 C Walters Rd Byford WA 6122","Phone number":"(08) 9525 1267"},{"Postcode":"6122","Name":"L Saunders","Address":"185 Bournbrook Ave Cardup WA 6122","Phone number":"(08) 9526 2273"},{"Postcode":"6122","Name":"S Saunders","Address":"25 Ballawarra Ave Byford WA 6122","Phone number":"(08) 9526 2108"},{"Postcode":"6122","Name":"L Hain-Saunders","Address":"20 Portwine Ave Byford WA 6122","Phone number":"(04) 1746 0319"},{"Postcode":"6167","Name":"J H Saunders","Address":"65 Sharman St Medina WA 6167","Phone number":"(08) 9419 5291"},{"Postcode":"6153","Name":"L Saunders","Address":"57B Matheson Rd Applecross WA 6153","Phone number":"(08) 9315 3002"},{"Postcode":"6153","Name":"P M Saunders","Address":"42 Dunvegan Rd Applecross WA 6153","Phone number":"(08) 9364 6397"},{"Postcode":"6111","Name":"J B & J B Saunders","Address":"758 Brookton Hwy Roleystone WA 6111","Phone number":"(08) 9496 0224"},{"Postcode":"6155","Name":"Ms C Saunders","Address":"4 Gamenya St Canning Vale WA 6155","Phone number":"(08) 9456 2432"},{"Postcode":"6155","Name":"K J & W E Saunders","Address":"135 Eucalyptus Bvd Canning Vale WA 6155","Phone number":"(08) 9455 2135"},{"Postcode":"6155","Name":"Ms C Saunders","Address":"4 Gamenya St Canning Vale WA 6155","Phone number":"(08) 9456 2432"},{"Postcode":"6155","Name":"K J & W E Saunders","Address":"135 Eucalyptus Bvd Canning Vale WA 6155","Phone number":"(08) 9455 2135"},{"Postcode":"6107","Name":"J Saunders","Address":"30 Phoenix Drv Kenwick WA 6107","Phone number":"(08) 9493 4970"},{"Postcode":"6107","Name":"J W & C A Saunders","Address":"69 Centre St Queens Park WA 6107","Phone number":"(08) 9458 7469"},{"Postcode":"6107","Name":"K Saunders","Address":"Un 5 178 Fern Rd Wilson WA 6107","Phone number":"(08) 9312 3103"},{"Postcode":"6107","Name":"S Saunders","Address":"82 Lalor Rd Kenwick WA 6107","Phone number":"(08) 9452 0509"},{"Postcode":"6041","Name":"P & C Saunders","Address":"38 Cornish Ct Gabbadah WA 6041","Phone number":"(08) 9577 1090"},{"Postcode":"6122","Name":"Mr D Saunders","Address":"12 Padra Turn Byford WA 6122","Phone number":"(08) 9526 8068"},{"Postcode":"6122","Name":"J L Saunders","Address":"27 Portwine Ave Byford WA 6122","Phone number":"(08) 9525 1596"},{"Postcode":"6122","Name":"K Saunders","Address":"Un 2 5 C Walters Rd Byford WA 6122","Phone number":"(08) 9525 1267"},{"Postcode":"6122","Name":"L Saunders","Address":"185 Bournbrook Ave Cardup WA 6122","Phone number":"(08) 9526 2273"},{"Postcode":"6122","Name":"S Saunders","Address":"25 Ballawarra Ave Byford WA 6122","Phone number":"(08) 9526 2108"},{"Postcode":"6122","Name":"L Hain-Saunders","Address":"20 Portwine Ave Byford WA 6122","Phone number":"(04) 1746 0319"},{"Postcode":"6230","Name":"B L & E D Saunders","Address":"16 Knight St South Bunbury WA 6230","Phone number":"(08) 9721 5203"},{"Postcode":"6230","Name":"Mr G T Saunders","Address":"25 Oliver St East Bunbury WA 6230","Phone number":"(08) 9791 2117"},{"Postcode":"6230","Name":"P D Saunders","Address":"16 Eulalia St Carey Park WA 6230","Phone number":"(08) 9791 7010"},{"Postcode":"6020","Name":"B & E Saunders","Address":"11 Copper Cl Carine WA 6020","Phone number":"(08) 9448 9856"},{"Postcode":"6076","Name":"C Saunders","Address":"106 Huntley St Gooseberry Hill WA 6076","Phone number":"(08) 9257 1192"},{"Postcode":"6076","Name":"D Saunders","Address":"30 Verticordia Rd Walliston WA 6076","Phone number":"(08) 9291 5669"},{"Postcode":"6076","Name":"J Saunders","Address":"61 Gilchrist Rd Lesmurdie WA 6076","Phone number":"(08) 9291 8195"},{"Postcode":"6076","Name":"K R Saunders","Address":"23 Glen Rd Lesmurdie WA 6076","Phone number":"(08) 9291 6026"},{"Postcode":"6076","Name":"Y Saunders","Address":"59 Basildon Rd Lesmurdie WA 6076","Phone number":"(08) 9291 8150"},{"Postcode":"6031","Name":"M Saunders","Address":"8 Willeroo Ch Carramar WA 6031","Phone number":"(08) 9206 0217"},{"Postcode":"6031","Name":"T Saunders","Address":"22 Cheriton Drv Carramar WA 6031","Phone number":"(08) 9206 0580"},{"Postcode":"6167","Name":"J H Saunders","Address":"65 Sharman St Medina WA 6167","Phone number":"(08) 9419 5291"},{"Postcode":"6111","Name":"J B & J B Saunders","Address":"758 Brookton Hwy Roleystone WA 6111","Phone number":"(08) 9496 0224"},{"Postcode":"6084","Name":"J Saunders","Address":"356 Hart Drv Chittering WA 6084","Phone number":"(08) 9576 0098"},{"Postcode":"6018","Name":"L G & M E Saunders","Address":"7 Pinnata Mews Churchlands WA 6018","Phone number":"(08) 9284 9000"},{"Postcode":"6018","Name":"R S Saunders","Address":"17 Hertha Pl Innaloo WA 6018","Phone number":"(08) 9446 6593"},{"Postcode":"6015","Name":"Douglas George Saunders","Address":"10 Perina Way City Beach WA 6015","Phone number":"(08) 9341 5946"},{"Postcode":"6010","Name":"J T Saunders","Address":"25 Grange St Claremont WA 6010","Phone number":"(08) 9384 1152"},{"Postcode":"6010","Name":"J T Saunders","Address":"25 Grange St Claremont WA 6010","Phone number":"(08) 9384 1152"},{"Postcode":"6030","Name":"H Saunders","Address":"33 Quinns Rd Quinns Rocks WA 6030","Phone number":"(04) 1759 4705"},{"Postcode":"6030","Name":"J K Saunders","Address":"3 Burnett Drv Clarkson WA 6030","Phone number":"(08) 9305 9121"},{"Postcode":"6030","Name":"J P Saunders","Address":"1 Lakewood Tce Clarkson WA 6030","Phone number":"(08) 9407 9263"},{"Postcode":"6210","Name":"A J Saunders","Address":"Un 10 3 The Palladio Mandurah WA 6210","Phone number":"(08) 9581 5176"},{"Postcode":"6210","Name":"N Saunders","Address":"5 Ellinwood Loop Meadow Springs WA 6210","Phone number":"(04) 1894 7345"},{"Postcode":"6210","Name":"N Saunders","Address":"5 Ellinwood Loop Meadow Springs WA 6210","Phone number":"(08) 9583 3226"},{"Postcode":"6210","Name":"R P Saunders","Address":"67 Darwin Tce Dudley Park WA 6210","Phone number":"(08) 9586 8168"},{"Postcode":"6210","Name":"S Saunders","Address":"18 Oaklands Ave Halls Head WA 6210","Phone number":"(08) 9535 3512"},{"Postcode":"6230","Name":"B L & E D Saunders","Address":"16 Knight St South Bunbury WA 6230","Phone number":"(08) 9721 5203"},{"Postcode":"6230","Name":"Mr G T Saunders","Address":"25 Oliver St East Bunbury WA 6230","Phone number":"(08) 9791 2117"},{"Postcode":"6230","Name":"P D Saunders","Address":"16 Eulalia St Carey Park WA 6230","Phone number":"(08) 9791 7010"},{"Postcode":"6027","Name":"A Saunders","Address":"162 Caridean St Heathridge WA 6027","Phone number":"(08) 9307 4210"},{"Postcode":"6027","Name":"A J & Y Saunders","Address":"50 Diamond Drv Ocean Reef WA 6027","Phone number":"(08) 9402 1424"},{"Postcode":"6027","Name":"D H Saunders","Address":"29 Montebello Ave Heathridge WA 6027","Phone number":"(08) 9403 2664"},{"Postcode":"6027","Name":"M Saunders","Address":"45 Royal Melbourne Ave Connolly WA 6027","Phone number":"(08) 9300 1024"},{"Postcode":"6027","Name":"N Saunders","Address":"143 Gradient Wy Beldon WA 6027","Phone number":"(08) 9401 1472"},{"Postcode":"6210","Name":"A J Saunders","Address":"Un 10 3 The Palladio Mandurah WA 6210","Phone number":"(08) 9581 5176"},{"Postcode":"6210","Name":"N Saunders","Address":"5 Ellinwood Loop Meadow Springs WA 6210","Phone number":"(04) 1894 7345"},{"Postcode":"6210","Name":"N Saunders","Address":"5 Ellinwood Loop Meadow Springs WA 6210","Phone number":"(08) 9583 3226"},{"Postcode":"6210","Name":"R P Saunders","Address":"67 Darwin Tce Dudley Park WA 6210","Phone number":"(08) 9586 8168"},{"Postcode":"6210","Name":"S Saunders","Address":"18 Oaklands Ave Halls Head WA 6210","Phone number":"(08) 9535 3512"},{"Postcode":"6163","Name":"M Saunders","Address":"11 Hilory St Coolbellup WA 6163","Phone number":"(08) 9314 6739"},{"Postcode":"6168","Name":"N Saunders","Address":"41 Adina Way Rockingham WA 6168","Phone number":"(08) 9591 1475"},{"Postcode":"6011","Name":"M H Saunders","Address":"3 Henry Rd Cottesloe WA 6011","Phone number":"(08) 9383 2347"},{"Postcode":"6025","Name":"D C & R Saunders","Address":"6 Oleander Way Kallaroo WA 6025","Phone number":"(08) 9307 8157"},{"Postcode":"6025","Name":"R J & S E Saunders","Address":"115 Giles Ave Padbury WA 6025","Phone number":"(08) 9401 0498"},{"Postcode":"6025","Name":"S Saunders","Address":"115 Giles Av Padbury WA 6025","Phone number":"(04) 2982 6247"},{"Postcode":"6009","Name":"D Saunders","Address":"61 Verdun St Nedlands WA 6009","Phone number":"(08) 9380 9596"},{"Postcode":"6028","Name":"C Saunders","Address":"24 Callander Ave Kinross WA 6028","Phone number":"(08) 9305 5536"},{"Postcode":"6009","Name":"D Saunders","Address":"61 Verdun St Nedlands WA 6009","Phone number":"(08) 9380 9596"},{"Postcode":"6230","Name":"B L & E D Saunders","Address":"16 Knight St South Bunbury WA 6230","Phone number":"(08) 9721 5203"},{"Postcode":"6230","Name":"Mr G T Saunders","Address":"25 Oliver St East Bunbury WA 6230","Phone number":"(08) 9791 2117"},{"Postcode":"6230","Name":"P D Saunders","Address":"16 Eulalia St Carey Park WA 6230","Phone number":"(08) 9791 7010"},{"Postcode":"6065","Name":"Mr C Saunders","Address":"24 Bonannella Ent Sinagra WA 6065","Phone number":"(08) 9206 1854"},{"Postcode":"6065","Name":"S Saunders","Address":"11 Jimbiri Way Wanneroo WA 6065","Phone number":"(08) 9306 4250"},{"Postcode":"6122","Name":"Mr D Saunders","Address":"12 Padra Turn Byford WA 6122","Phone number":"(08) 9526 8068"},{"Postcode":"6122","Name":"J L Saunders","Address":"27 Portwine Ave Byford WA 6122","Phone number":"(08) 9525 1596"},{"Postcode":"6122","Name":"K Saunders","Address":"Un 2 5 C Walters Rd Byford WA 6122","Phone number":"(08) 9525 1267"},{"Postcode":"6122","Name":"L Saunders","Address":"185 Bournbrook Ave Cardup WA 6122","Phone number":"(08) 9526 2273"},{"Postcode":"6122","Name":"S Saunders","Address":"25 Ballawarra Ave Byford WA 6122","Phone number":"(08) 9526 2108"},{"Postcode":"6122","Name":"L Hain-Saunders","Address":"20 Portwine Ave Byford WA 6122","Phone number":"(04) 1746 0319"},{"Postcode":"6230","Name":"B L & E D Saunders","Address":"16 Knight St South Bunbury WA 6230","Phone number":"(08) 9721 5203"},{"Postcode":"6230","Name":"Mr G T Saunders","Address":"25 Oliver St East Bunbury WA 6230","Phone number":"(08) 9791 2117"},{"Postcode":"6230","Name":"P D Saunders","Address":"16 Eulalia St Carey Park WA 6230","Phone number":"(08) 9791 7010"},{"Postcode":"6210","Name":"A J Saunders","Address":"Un 10 3 The Palladio Mandurah WA 6210","Phone number":"(08) 9581 5176"},{"Postcode":"6210","Name":"N Saunders","Address":"5 Ellinwood Loop Meadow Springs WA 6210","Phone number":"(04) 1894 7345"},{"Postcode":"6210","Name":"N Saunders","Address":"5 Ellinwood Loop Meadow Springs WA 6210","Phone number":"(08) 9583 3226"},{"Postcode":"6210","Name":"R P Saunders","Address":"67 Darwin Tce Dudley Park WA 6210","Phone number":"(08) 9586 8168"},{"Postcode":"6210","Name":"S Saunders","Address":"18 Oaklands Ave Halls Head WA 6210","Phone number":"(08) 9535 3512"},{"Postcode":"6059","Name":"Mr G Saunders.","Address":"31 Ashington St Dianella WA 6059","Phone number":"(08) 9375 9242"},{"Postcode":"6059","Name":"M Saunders","Address":"13 A Houston Ave Dianella WA 6059","Phone number":"(08) 9275 8210"},{"Postcode":"6060","Name":"A Saunders","Address":"Un 3 38 York St Tuart Hill WA 6060","Phone number":"(08) 9207 1835"},{"Postcode":"6018","Name":"L G & M E Saunders","Address":"7 Pinnata Mews Churchlands WA 6018","Phone number":"(08) 9284 9000"},{"Postcode":"6018","Name":"R S Saunders","Address":"17 Hertha Pl Innaloo WA 6018","Phone number":"(08) 9446 6593"},{"Postcode":"6210","Name":"A J Saunders","Address":"Un 10 3 The Palladio Mandurah WA 6210","Phone number":"(08) 9581 5176"},{"Postcode":"6210","Name":"N Saunders","Address":"5 Ellinwood Loop Meadow Springs WA 6210","Phone number":"(04) 1894 7345"},{"Postcode":"6210","Name":"N Saunders","Address":"5 Ellinwood Loop Meadow Springs WA 6210","Phone number":"(08) 9583 3226"},{"Postcode":"6210","Name":"R P Saunders","Address":"67 Darwin Tce Dudley Park WA 6210","Phone number":"(08) 9586 8168"},{"Postcode":"6210","Name":"S Saunders","Address":"18 Oaklands Ave Halls Head WA 6210","Phone number":"(08) 9535 3512"},{"Postcode":"6023","Name":"A P & R Saunders","Address":"16 Winster Cl Duncraig WA 6023","Phone number":"(08) 9448 7094"},{"Postcode":"6023","Name":"C M & I D Saunders","Address":"40 Melene Rd Duncraig WA 6023","Phone number":"(08) 9447 8636"},{"Postcode":"6023","Name":"Grae Saunders","Address":"8 Macfarlane Rse Duncraig WA 6023","Phone number":"(08) 9246 4237"},{"Postcode":"6023","Name":"H Saunders","Address":"35 Castlefern Way Duncraig WA 6023","Phone number":"(08) 9246 0940"},{"Postcode":"6230","Name":"B L & E D Saunders","Address":"16 Knight St South Bunbury WA 6230","Phone number":"(08) 9721 5203"},{"Postcode":"6230","Name":"Mr G T Saunders","Address":"25 Oliver St East Bunbury WA 6230","Phone number":"(08) 9791 2117"},{"Postcode":"6230","Name":"P D Saunders","Address":"16 Eulalia St Carey Park WA 6230","Phone number":"(08) 9791 7010"},{"Postcode":"6168","Name":"N Saunders","Address":"41 Adina Way Rockingham WA 6168","Phone number":"(08) 9591 1475"},{"Postcode":"6232","Name":"D V Saunders","Address":"2 Cudliss St Eaton WA 6232","Phone number":"(08) 9725 0859"},{"Postcode":"6232","Name":"G Saunders","Address":"69 Hamilton Rd Eaton WA 6232","Phone number":"(08) 9724 1246"},{"Postcode":"6232","Name":"J G Saunders","Address":"42 Eaton Dr Eaton WA 6232","Phone number":"(08) 9725 3212"},{"Postcode":"6054","Name":"Mrs J Saunders","Address":"14 Ivythorne Gr Kiara WA 6054","Phone number":"(08) 9379 1415"},{"Postcode":"6027","Name":"A Saunders","Address":"162 Caridean St Heathridge WA 6027","Phone number":"(08) 9307 4210"},{"Postcode":"6027","Name":"A J & Y Saunders","Address":"50 Diamond Drv Ocean Reef WA 6027","Phone number":"(08) 9402 1424"},{"Postcode":"6027","Name":"D H Saunders","Address":"29 Montebello Ave Heathridge WA 6027","Phone number":"(08) 9403 2664"},{"Postcode":"6027","Name":"M Saunders","Address":"45 Royal Melbourne Ave Connolly WA 6027","Phone number":"(08) 9300 1024"},{"Postcode":"6027","Name":"N Saunders","Address":"143 Gradient Wy Beldon WA 6027","Phone number":"(08) 9401 1472"},{"Postcode":"6034","Name":"M Saunders-Barker","Address":"16 Alizarin Loop Eglinton WA 6034","Phone number":"(08) 6201 5210"},{"Postcode":"6069","Name":"Bandy J Saunders","Address":"33 Berrington Trl The Vines WA 6069","Phone number":"(08) 9297 6307"},{"Postcode":"6069","Name":"D M Saunders","Address":"21 Ponte Vecchio Blv Ellenbrook WA 6069","Phone number":"(08) 9297 6458"},{"Postcode":"6069","Name":"E Saunders","Address":"25 Tully Pde Ellenbrook WA 6069","Phone number":"(08) 6296 6976"},{"Postcode":"6069","Name":"N Saunders","Address":"35 Wexcombe Way Aveley WA 6069","Phone number":"(04) 4713 8340"},{"Postcode":"6069","Name":"Bandy J Saunders","Address":"33 Berrington Trl The Vines WA 6069","Phone number":"(08) 9297 6307"},{"Postcode":"6069","Name":"D M Saunders","Address":"21 Ponte Vecchio Blv Ellenbrook WA 6069","Phone number":"(08) 9297 6458"},{"Postcode":"6069","Name":"E Saunders","Address":"25 Tully Pde Ellenbrook WA 6069","Phone number":"(08) 6296 6976"},{"Postcode":"6069","Name":"N Saunders","Address":"35 Wexcombe Way Aveley WA 6069","Phone number":"(04) 4713 8340"},{"Postcode":"6062","Name":"J A Saunders","Address":"9 Elstead Way Morley WA 6062","Phone number":"(08) 9276 4944"},{"Postcode":"6210","Name":"A J Saunders","Address":"Un 10 3 The Palladio Mandurah WA 6210","Phone number":"(08) 9581 5176"},{"Postcode":"6210","Name":"N Saunders","Address":"5 Ellinwood Loop Meadow Springs WA 6210","Phone number":"(04) 1894 7345"},{"Postcode":"6210","Name":"N Saunders","Address":"5 Ellinwood Loop Meadow Springs WA 6210","Phone number":"(08) 9583 3226"},{"Postcode":"6210","Name":"R P Saunders","Address":"67 Darwin Tce Dudley Park WA 6210","Phone number":"(08) 9586 8168"},{"Postcode":"6210","Name":"S Saunders","Address":"18 Oaklands Ave Halls Head WA 6210","Phone number":"(08) 9535 3512"},{"Postcode":"6208","Name":"M Saunders","Address":"17A Congdon Ave Pinjarra WA 6208","Phone number":"(08) 9531 1714"},{"Postcode":"6210","Name":"A J Saunders","Address":"Un 10 3 The Palladio Mandurah WA 6210","Phone number":"(08) 9581 5176"},{"Postcode":"6210","Name":"N Saunders","Address":"5 Ellinwood Loop Meadow Springs WA 6210","Phone number":"(04) 1894 7345"},{"Postcode":"6210","Name":"N Saunders","Address":"5 Ellinwood Loop Meadow Springs WA 6210","Phone number":"(08) 9583 3226"},{"Postcode":"6210","Name":"R P Saunders","Address":"67 Darwin Tce Dudley Park WA 6210","Phone number":"(08) 9586 8168"},{"Postcode":"6210","Name":"S Saunders","Address":"18 Oaklands Ave Halls Head WA 6210","Phone number":"(08) 9535 3512"},{"Postcode":"6014","Name":"M P Saunders","Address":"18 Kilkenny Rd Floreat WA 6014","Phone number":"(04) 1904 5365"},{"Postcode":"6112","Name":"M Saunders","Address":"4 Cowra Crt Armadale WA 6112","Phone number":"(08) 9399 4030"},{"Postcode":"6112","Name":"M Saunders","Address":"4 Cowra Crt Armadale WA 6112","Phone number":"(08) 9393 9480"},{"Postcode":"6112","Name":"R Saunders","Address":"U 10 19 Milano Loop Seville Grove WA 6112","Phone number":"(08) 9495 2428"},{"Postcode":"6112","Name":"Mr W Saunders.","Address":"37 Fifth Rd Armadale WA 6112","Phone number":"(08) 9399 2695"},{"Postcode":"6058","Name":"T Saunders","Address":"23 Camellia Loop Forrestfield WA 6058","Phone number":"(08) 9453 3926"},{"Postcode":"6210","Name":"A J Saunders","Address":"Un 10 3 The Palladio Mandurah WA 6210","Phone number":"(08) 9581 5176"},{"Postcode":"6210","Name":"N Saunders","Address":"5 Ellinwood Loop Meadow Springs WA 6210","Phone number":"(04) 1894 7345"},{"Postcode":"6210","Name":"N Saunders","Address":"5 Ellinwood Loop Meadow Springs WA 6210","Phone number":"(08) 9583 3226"},{"Postcode":"6210","Name":"R P Saunders","Address":"67 Darwin Tce Dudley Park WA 6210","Phone number":"(08) 9586 8168"},{"Postcode":"6210","Name":"S Saunders","Address":"18 Oaklands Ave Halls Head WA 6210","Phone number":"(08) 9535 3512"},{"Postcode":"6041","Name":"P & C Saunders","Address":"38 Cornish Ct Gabbadah WA 6041","Phone number":"(08) 9577 1090"},{"Postcode":"6168","Name":"N Saunders","Address":"41 Adina Way Rockingham WA 6168","Phone number":"(08) 9591 1475"},{"Postcode":"6230","Name":"B L & E D Saunders","Address":"16 Knight St South Bunbury WA 6230","Phone number":"(08) 9721 5203"},{"Postcode":"6230","Name":"Mr G T Saunders","Address":"25 Oliver St East Bunbury WA 6230","Phone number":"(08) 9791 2117"},{"Postcode":"6230","Name":"P D Saunders","Address":"16 Eulalia St Carey Park WA 6230","Phone number":"(08) 9791 7010"},{"Postcode":"6083","Name":"Mrs M L Saunders","Address":"67 Gogulger Stock Route Rd Gidgegannup WA 6083","Phone number":"(08) 9574 6696"},{"Postcode":"6071","Name":"R Saunders","Address":"1580 Ryecroft Glen Forrest WA 6071","Phone number":"(04) 3322 3994"},{"Postcode":"6230","Name":"B L & E D Saunders","Address":"16 Knight St South Bunbury WA 6230","Phone number":"(08) 9721 5203"},{"Postcode":"6230","Name":"Mr G T Saunders","Address":"25 Oliver St East Bunbury WA 6230","Phone number":"(08) 9791 2117"},{"Postcode":"6230","Name":"P D Saunders","Address":"16 Eulalia St Carey Park WA 6230","Phone number":"(08) 9791 7010"},{"Postcode":"6023","Name":"A P & R Saunders","Address":"16 Winster Cl Duncraig WA 6023","Phone number":"(08) 9448 7094"},{"Postcode":"6023","Name":"C M & I D Saunders","Address":"40 Melene Rd Duncraig WA 6023","Phone number":"(08) 9447 8636"},{"Postcode":"6023","Name":"Grae Saunders","Address":"8 Macfarlane Rse Duncraig WA 6023","Phone number":"(08) 9246 4237"},{"Postcode":"6023","Name":"H Saunders","Address":"35 Castlefern Way Duncraig WA 6023","Phone number":"(08) 9246 0940"},{"Postcode":"6065","Name":"Mr C Saunders","Address":"24 Bonannella Ent Sinagra WA 6065","Phone number":"(08) 9206 1854"},{"Postcode":"6065","Name":"S Saunders","Address":"11 Jimbiri Way Wanneroo WA 6065","Phone number":"(08) 9306 4250"},{"Postcode":"6076","Name":"C Saunders","Address":"106 Huntley St Gooseberry Hill WA 6076","Phone number":"(08) 9257 1192"},{"Postcode":"6076","Name":"D Saunders","Address":"30 Verticordia Rd Walliston WA 6076","Phone number":"(08) 9291 5669"},{"Postcode":"6076","Name":"J Saunders","Address":"61 Gilchrist Rd Lesmurdie WA 6076","Phone number":"(08) 9291 8195"},{"Postcode":"6076","Name":"K R Saunders","Address":"23 Glen Rd Lesmurdie WA 6076","Phone number":"(08) 9291 6026"},{"Postcode":"6076","Name":"Y Saunders","Address":"59 Basildon Rd Lesmurdie WA 6076","Phone number":"(08) 9291 8150"},{"Postcode":"6110","Name":"C A Saunders","Address":"19 Jacana Pl Gosnells WA 6110","Phone number":"(08) 9398 3010"},{"Postcode":"6110","Name":"C E Saunders","Address":"30 Goodall St Gosnells WA 6110","Phone number":"(08) 9398 8817"},{"Postcode":"6110","Name":"R W & R Saunders","Address":"16 Millstream Drv Southern River WA 6110","Phone number":"(08) 9398 2280"},{"Postcode":"6210","Name":"A J Saunders","Address":"Un 10 3 The Palladio Mandurah WA 6210","Phone number":"(08) 9581 5176"},{"Postcode":"6210","Name":"N Saunders","Address":"5 Ellinwood Loop Meadow Springs WA 6210","Phone number":"(04) 1894 7345"},{"Postcode":"6210","Name":"N Saunders","Address":"5 Ellinwood Loop Meadow Springs WA 6210","Phone number":"(08) 9583 3226"},{"Postcode":"6210","Name":"R P Saunders","Address":"67 Darwin Tce Dudley Park WA 6210","Phone number":"(08) 9586 8168"},{"Postcode":"6210","Name":"S Saunders","Address":"18 Oaklands Ave Halls Head WA 6210","Phone number":"(08) 9535 3512"},{"Postcode":"6056","Name":"A Saunders","Address":"14 Helen St Bellevue WA 6056","Phone number":"(04) 3867 4854"},{"Postcode":"6056","Name":"H Saunders","Address":"15 Koolgoo Way Koongamia WA 6056","Phone number":"(08) 9255 4432"},{"Postcode":"6056","Name":"K Saunders","Address":"65 Railway Ave Middle Swan WA 6056","Phone number":"(04) 3330 6624"},{"Postcode":"6056","Name":"Mr R Saunders","Address":"220 Alidja Lane Swan View WA 6056","Phone number":"(08) 9294 3085"},{"Postcode":"6056","Name":"T T Saunders","Address":"4130 Helena Valley Rd Helena Valley WA 6056","Phone number":"(08) 9294 1156"},{"Postcode":"6024","Name":"A Saunders","Address":"4 Ollis St Greenwood WA 6024","Phone number":"(08) 9343 4836"},{"Postcode":"6024","Name":"G A Saunders","Address":"34 Sherington Rd Greenwood WA 6024","Phone number":"(08) 9342 7912"},{"Postcode":"6041","Name":"P & C Saunders","Address":"38 Cornish Ct Gabbadah WA 6041","Phone number":"(08) 9577 1090"},{"Postcode":"6018","Name":"L G & M E Saunders","Address":"7 Pinnata Mews Churchlands WA 6018","Phone number":"(08) 9284 9000"},{"Postcode":"6018","Name":"R S Saunders","Address":"17 Hertha Pl Innaloo WA 6018","Phone number":"(08) 9446 6593"},{"Postcode":"6076","Name":"C Saunders","Address":"106 Huntley St Gooseberry Hill WA 6076","Phone number":"(08) 9257 1192"},{"Postcode":"6076","Name":"D Saunders","Address":"30 Verticordia Rd Walliston WA 6076","Phone number":"(08) 9291 5669"},{"Postcode":"6076","Name":"J Saunders","Address":"61 Gilchrist Rd Lesmurdie WA 6076","Phone number":"(08) 9291 8195"},{"Postcode":"6076","Name":"K R Saunders","Address":"23 Glen Rd Lesmurdie WA 6076","Phone number":"(08) 9291 6026"},{"Postcode":"6076","Name":"Y Saunders","Address":"59 Basildon Rd Lesmurdie WA 6076","Phone number":"(08) 9291 8150"},{"Postcode":"6210","Name":"A J Saunders","Address":"Un 10 3 The Palladio Mandurah WA 6210","Phone number":"(08) 9581 5176"},{"Postcode":"6210","Name":"N Saunders","Address":"5 Ellinwood Loop Meadow Springs WA 6210","Phone number":"(04) 1894 7345"},{"Postcode":"6210","Name":"N Saunders","Address":"5 Ellinwood Loop Meadow Springs WA 6210","Phone number":"(08) 9583 3226"},{"Postcode":"6210","Name":"R P Saunders","Address":"67 Darwin Tce Dudley Park WA 6210","Phone number":"(08) 9586 8168"},{"Postcode":"6210","Name":"S Saunders","Address":"18 Oaklands Ave Halls Head WA 6210","Phone number":"(08) 9535 3512"},{"Postcode":"6163","Name":"M Saunders","Address":"11 Hilory St Coolbellup WA 6163","Phone number":"(08) 9314 6739"},{"Postcode":"6164","Name":"Mr L Saunders","Address":"13 Wildfinch St Beeliar WA 6164","Phone number":"(08) 9437 4382"},{"Postcode":"6164","Name":"Mr S Saunders.","Address":"63 Steiner Ave Success WA 6164","Phone number":"(08) 9499 3398"},{"Postcode":"6027","Name":"A Saunders","Address":"162 Caridean St Heathridge WA 6027","Phone number":"(08) 9307 4210"},{"Postcode":"6027","Name":"A J & Y Saunders","Address":"50 Diamond Drv Ocean Reef WA 6027","Phone number":"(08) 9402 1424"},{"Postcode":"6027","Name":"D H Saunders","Address":"29 Montebello Ave Heathridge WA 6027","Phone number":"(08) 9403 2664"},{"Postcode":"6027","Name":"M Saunders","Address":"45 Royal Melbourne Ave Connolly WA 6027","Phone number":"(08) 9300 1024"},{"Postcode":"6027","Name":"N Saunders","Address":"143 Gradient Wy Beldon WA 6027","Phone number":"(08) 9401 1472"},{"Postcode":"6056","Name":"A Saunders","Address":"14 Helen St Bellevue WA 6056","Phone number":"(04) 3867 4854"},{"Postcode":"6056","Name":"H Saunders","Address":"15 Koolgoo Way Koongamia WA 6056","Phone number":"(08) 9255 4432"},{"Postcode":"6056","Name":"K Saunders","Address":"65 Railway Ave Middle Swan WA 6056","Phone number":"(04) 3330 6624"},{"Postcode":"6056","Name":"Mr R Saunders","Address":"220 Alidja Lane Swan View WA 6056","Phone number":"(08) 9294 3085"},{"Postcode":"6056","Name":"T T Saunders","Address":"4130 Helena Valley Rd Helena Valley WA 6056","Phone number":"(08) 9294 1156"},{"Postcode":"6056","Name":"A Saunders","Address":"14 Helen St Bellevue WA 6056","Phone number":"(04) 3867 4854"},{"Postcode":"6056","Name":"H Saunders","Address":"15 Koolgoo Way Koongamia WA 6056","Phone number":"(08) 9255 4432"},{"Postcode":"6056","Name":"K Saunders","Address":"65 Railway Ave Middle Swan WA 6056","Phone number":"(04) 3330 6624"},{"Postcode":"6056","Name":"Mr R Saunders","Address":"220 Alidja Lane Swan View WA 6056","Phone number":"(08) 9294 3085"},{"Postcode":"6056","Name":"T T Saunders","Address":"4130 Helena Valley Rd Helena Valley WA 6056","Phone number":"(08) 9294 1156"},{"Postcode":"6210","Name":"A J Saunders","Address":"Un 10 3 The Palladio Mandurah WA 6210","Phone number":"(08) 9581 5176"},{"Postcode":"6210","Name":"N Saunders","Address":"5 Ellinwood Loop Meadow Springs WA 6210","Phone number":"(04) 1894 7345"},{"Postcode":"6210","Name":"N Saunders","Address":"5 Ellinwood Loop Meadow Springs WA 6210","Phone number":"(08) 9583 3226"},{"Postcode":"6210","Name":"R P Saunders","Address":"67 Darwin Tce Dudley Park WA 6210","Phone number":"(08) 9586 8168"},{"Postcode":"6210","Name":"S Saunders","Address":"18 Oaklands Ave Halls Head WA 6210","Phone number":"(08) 9535 3512"},{"Postcode":"6025","Name":"D C & R Saunders","Address":"6 Oleander Way Kallaroo WA 6025","Phone number":"(08) 9307 8157"},{"Postcode":"6025","Name":"R J & S E Saunders","Address":"115 Giles Ave Padbury WA 6025","Phone number":"(08) 9401 0498"},{"Postcode":"6025","Name":"S Saunders","Address":"115 Giles Av Padbury WA 6025","Phone number":"(04) 2982 6247"},{"Postcode":"6168","Name":"N Saunders","Address":"41 Adina Way Rockingham WA 6168","Phone number":"(08) 9591 1475"},{"Postcode":"6163","Name":"M Saunders","Address":"11 Hilory St Coolbellup WA 6163","Phone number":"(08) 9314 6739"},{"Postcode":"6065","Name":"Mr C Saunders","Address":"24 Bonannella Ent Sinagra WA 6065","Phone number":"(08) 9206 1854"},{"Postcode":"6065","Name":"S Saunders","Address":"11 Jimbiri Way Wanneroo WA 6065","Phone number":"(08) 9306 4250"},{"Postcode":"6071","Name":"R Saunders","Address":"1580 Ryecroft Glen Forrest WA 6071","Phone number":"(04) 3322 3994"},{"Postcode":"6110","Name":"C A Saunders","Address":"19 Jacana Pl Gosnells WA 6110","Phone number":"(08) 9398 3010"},{"Postcode":"6110","Name":"C E Saunders","Address":"30 Goodall St Gosnells WA 6110","Phone number":"(08) 9398 8817"},{"Postcode":"6110","Name":"R W & R Saunders","Address":"16 Millstream Drv Southern River WA 6110","Phone number":"(08) 9398 2280"},{"Postcode":"6028","Name":"C Saunders","Address":"24 Callander Ave Kinross WA 6028","Phone number":"(08) 9305 5536"},{"Postcode":"6018","Name":"L G & M E Saunders","Address":"7 Pinnata Mews Churchlands WA 6018","Phone number":"(08) 9284 9000"},{"Postcode":"6018","Name":"R S Saunders","Address":"17 Hertha Pl Innaloo WA 6018","Phone number":"(08) 9446 6593"},{"Postcode":"6065","Name":"Mr C Saunders","Address":"24 Bonannella Ent Sinagra WA 6065","Phone number":"(08) 9206 1854"},{"Postcode":"6065","Name":"S Saunders","Address":"11 Jimbiri Way Wanneroo WA 6065","Phone number":"(08) 9306 4250"},{"Postcode":"6164","Name":"Mr L Saunders","Address":"13 Wildfinch St Beeliar WA 6164","Phone number":"(08) 9437 4382"},{"Postcode":"6164","Name":"Mr S Saunders.","Address":"63 Steiner Ave Success WA 6164","Phone number":"(08) 9499 3398"},{"Postcode":"6056","Name":"A Saunders","Address":"14 Helen St Bellevue WA 6056","Phone number":"(04) 3867 4854"},{"Postcode":"6056","Name":"H Saunders","Address":"15 Koolgoo Way Koongamia WA 6056","Phone number":"(08) 9255 4432"},{"Postcode":"6056","Name":"K Saunders","Address":"65 Railway Ave Middle Swan WA 6056","Phone number":"(04) 3330 6624"},{"Postcode":"6056","Name":"Mr R Saunders","Address":"220 Alidja Lane Swan View WA 6056","Phone number":"(08) 9294 3085"},{"Postcode":"6056","Name":"T T Saunders","Address":"4130 Helena Valley Rd Helena Valley WA 6056","Phone number":"(08) 9294 1156"},{"Postcode":"6014","Name":"M P Saunders","Address":"18 Kilkenny Rd Floreat WA 6014","Phone number":"(04) 1904 5365"},{"Postcode":"6027","Name":"A Saunders","Address":"162 Caridean St Heathridge WA 6027","Phone number":"(08) 9307 4210"},{"Postcode":"6027","Name":"A J & Y Saunders","Address":"50 Diamond Drv Ocean Reef WA 6027","Phone number":"(08) 9402 1424"},{"Postcode":"6027","Name":"D H Saunders","Address":"29 Montebello Ave Heathridge WA 6027","Phone number":"(08) 9403 2664"},{"Postcode":"6027","Name":"M Saunders","Address":"45 Royal Melbourne Ave Connolly WA 6027","Phone number":"(08) 9300 1024"},{"Postcode":"6027","Name":"N Saunders","Address":"143 Gradient Wy Beldon WA 6027","Phone number":"(08) 9401 1472"},{"Postcode":"6060","Name":"A Saunders","Address":"Un 3 38 York St Tuart Hill WA 6060","Phone number":"(08) 9207 1835"},{"Postcode":"6076","Name":"C Saunders","Address":"106 Huntley St Gooseberry Hill WA 6076","Phone number":"(08) 9257 1192"},{"Postcode":"6076","Name":"D Saunders","Address":"30 Verticordia Rd Walliston WA 6076","Phone number":"(08) 9291 5669"},{"Postcode":"6076","Name":"J Saunders","Address":"61 Gilchrist Rd Lesmurdie WA 6076","Phone number":"(08) 9291 8195"},{"Postcode":"6076","Name":"K R Saunders","Address":"23 Glen Rd Lesmurdie WA 6076","Phone number":"(08) 9291 6026"},{"Postcode":"6076","Name":"Y Saunders","Address":"59 Basildon Rd Lesmurdie WA 6076","Phone number":"(08) 9291 8150"},{"Postcode":"6025","Name":"D C & R Saunders","Address":"6 Oleander Way Kallaroo WA 6025","Phone number":"(08) 9307 8157"},{"Postcode":"6025","Name":"R J & S E Saunders","Address":"115 Giles Ave Padbury WA 6025","Phone number":"(08) 9401 0498"},{"Postcode":"6025","Name":"S Saunders","Address":"115 Giles Av Padbury WA 6025","Phone number":"(04) 2982 6247"},{"Postcode":"6163","Name":"M Saunders","Address":"11 Hilory St Coolbellup WA 6163","Phone number":"(08) 9314 6739"},{"Postcode":"6111","Name":"J B & J B Saunders","Address":"758 Brookton Hwy Roleystone WA 6111","Phone number":"(08) 9496 0224"},{"Postcode":"6010","Name":"J T Saunders","Address":"25 Grange St Claremont WA 6010","Phone number":"(08) 9384 1152"},{"Postcode":"6122","Name":"Mr D Saunders","Address":"12 Padra Turn Byford WA 6122","Phone number":"(08) 9526 8068"},{"Postcode":"6122","Name":"J L Saunders","Address":"27 Portwine Ave Byford WA 6122","Phone number":"(08) 9525 1596"},{"Postcode":"6122","Name":"K Saunders","Address":"Un 2 5 C Walters Rd Byford WA 6122","Phone number":"(08) 9525 1267"},{"Postcode":"6122","Name":"L Saunders","Address":"185 Bournbrook Ave Cardup WA 6122","Phone number":"(08) 9526 2273"},{"Postcode":"6122","Name":"S Saunders","Address":"25 Ballawarra Ave Byford WA 6122","Phone number":"(08) 9526 2108"},{"Postcode":"6122","Name":"L Hain-Saunders","Address":"20 Portwine Ave Byford WA 6122","Phone number":"(04) 1746 0319"},{"Postcode":"6018","Name":"L G & M E Saunders","Address":"7 Pinnata Mews Churchlands WA 6018","Phone number":"(08) 9284 9000"},{"Postcode":"6018","Name":"R S Saunders","Address":"17 Hertha Pl Innaloo WA 6018","Phone number":"(08) 9446 6593"},{"Postcode":"6111","Name":"J B & J B Saunders","Address":"758 Brookton Hwy Roleystone WA 6111","Phone number":"(08) 9496 0224"},{"Postcode":"6107","Name":"J Saunders","Address":"30 Phoenix Drv Kenwick WA 6107","Phone number":"(08) 9493 4970"},{"Postcode":"6107","Name":"J W & C A Saunders","Address":"69 Centre St Queens Park WA 6107","Phone number":"(08) 9458 7469"},{"Postcode":"6107","Name":"K Saunders","Address":"Un 5 178 Fern Rd Wilson WA 6107","Phone number":"(08) 9312 3103"},{"Postcode":"6107","Name":"S Saunders","Address":"82 Lalor Rd Kenwick WA 6107","Phone number":"(08) 9452 0509"},{"Postcode":"6054","Name":"Mrs J Saunders","Address":"14 Ivythorne Gr Kiara WA 6054","Phone number":"(08) 9379 1415"},{"Postcode":"6005","Name":"I Saunders","Address":"929 Wellington St West Perth WA 6005","Phone number":"(04) 0199 5162"},{"Postcode":"6026","Name":"G Saunders","Address":"Un 53u 50 Woodlake Ret Kingsley WA 6026","Phone number":"(08) 9409 2889"},{"Postcode":"6026","Name":"G R & C A Saunders","Address":"6 Linden Crt Kingsley WA 6026","Phone number":"(08) 9309 5752"},{"Postcode":"6065","Name":"Mr C Saunders","Address":"24 Bonannella Ent Sinagra WA 6065","Phone number":"(08) 9206 1854"},{"Postcode":"6065","Name":"S Saunders","Address":"11 Jimbiri Way Wanneroo WA 6065","Phone number":"(08) 9306 4250"},{"Postcode":"6028","Name":"C Saunders","Address":"24 Callander Ave Kinross WA 6028","Phone number":"(08) 9305 5536"},{"Postcode":"6056","Name":"A Saunders","Address":"14 Helen St Bellevue WA 6056","Phone number":"(04) 3867 4854"},{"Postcode":"6056","Name":"H Saunders","Address":"15 Koolgoo Way Koongamia WA 6056","Phone number":"(08) 9255 4432"},{"Postcode":"6056","Name":"K Saunders","Address":"65 Railway Ave Middle Swan WA 6056","Phone number":"(04) 3330 6624"},{"Postcode":"6056","Name":"Mr R Saunders","Address":"220 Alidja Lane Swan View WA 6056","Phone number":"(08) 9294 3085"},{"Postcode":"6056","Name":"T T Saunders","Address":"4130 Helena Valley Rd Helena Valley WA 6056","Phone number":"(08) 9294 1156"},{"Postcode":"6167","Name":"J H Saunders","Address":"65 Sharman St Medina WA 6167","Phone number":"(08) 9419 5291"},{"Postcode":"6167","Name":"J H Saunders","Address":"65 Sharman St Medina WA 6167","Phone number":"(08) 9419 5291"},{"Postcode":"6210","Name":"A J Saunders","Address":"Un 10 3 The Palladio Mandurah WA 6210","Phone number":"(08) 9581 5176"},{"Postcode":"6210","Name":"N Saunders","Address":"5 Ellinwood Loop Meadow Springs WA 6210","Phone number":"(04) 1894 7345"},{"Postcode":"6210","Name":"N Saunders","Address":"5 Ellinwood Loop Meadow Springs WA 6210","Phone number":"(08) 9583 3226"},{"Postcode":"6210","Name":"R P Saunders","Address":"67 Darwin Tce Dudley Park WA 6210","Phone number":"(08) 9586 8168"},{"Postcode":"6210","Name":"S Saunders","Address":"18 Oaklands Ave Halls Head WA 6210","Phone number":"(08) 9535 3512"},{"Postcode":"6065","Name":"Mr C Saunders","Address":"24 Bonannella Ent Sinagra WA 6065","Phone number":"(08) 9206 1854"},{"Postcode":"6065","Name":"S Saunders","Address":"11 Jimbiri Way Wanneroo WA 6065","Phone number":"(08) 9306 4250"},{"Postcode":"6147","Name":"L M Saunders","Address":"2 Eastbourne St Lynwood WA 6147","Phone number":"(08) 9458 6392"},{"Postcode":"6147","Name":"W S Saunders","Address":"9 Waite Crt Parkwood WA 6147","Phone number":"(08) 9457 9729"},{"Postcode":"6147","Name":"V Saunders-Francis","Address":"129 Vellgrove Ave Parkwood WA 6147","Phone number":"(08) 9259 5697"},{"Postcode":"6233","Name":"C J & E M Saunders","Address":"34 Barnes Ave Australind WA 6233","Phone number":"(08) 9797 0151"},{"Postcode":"6233","Name":"N Saunders","Address":"22 Eckersley Way Australind WA 6233","Phone number":"(08) 9725 9485"},{"Postcode":"6076","Name":"C Saunders","Address":"106 Huntley St Gooseberry Hill WA 6076","Phone number":"(08) 9257 1192"},{"Postcode":"6076","Name":"D Saunders","Address":"30 Verticordia Rd Walliston WA 6076","Phone number":"(08) 9291 5669"},{"Postcode":"6076","Name":"J Saunders","Address":"61 Gilchrist Rd Lesmurdie WA 6076","Phone number":"(08) 9291 8195"},{"Postcode":"6076","Name":"K R Saunders","Address":"23 Glen Rd Lesmurdie WA 6076","Phone number":"(08) 9291 6026"},{"Postcode":"6076","Name":"Y Saunders","Address":"59 Basildon Rd Lesmurdie WA 6076","Phone number":"(08) 9291 8150"},{"Postcode":"6065","Name":"Mr C Saunders","Address":"24 Bonannella Ent Sinagra WA 6065","Phone number":"(08) 9206 1854"},{"Postcode":"6065","Name":"S Saunders","Address":"11 Jimbiri Way Wanneroo WA 6065","Phone number":"(08) 9306 4250"},{"Postcode":"6054","Name":"Mrs J Saunders","Address":"14 Ivythorne Gr Kiara WA 6054","Phone number":"(08) 9379 1415"},{"Postcode":"6084","Name":"J Saunders","Address":"356 Hart Drv Chittering WA 6084","Phone number":"(08) 9576 0098"},{"Postcode":"6147","Name":"L M Saunders","Address":"2 Eastbourne St Lynwood WA 6147","Phone number":"(08) 9458 6392"},{"Postcode":"6147","Name":"W S Saunders","Address":"9 Waite Crt Parkwood WA 6147","Phone number":"(08) 9457 9729"},{"Postcode":"6147","Name":"V Saunders-Francis","Address":"129 Vellgrove Ave Parkwood WA 6147","Phone number":"(08) 9259 5697"},{"Postcode":"6109","Name":"J & P Saunders","Address":"Un 5 12 Attfield St Maddington WA 6109","Phone number":"(08) 9493 1363"},{"Postcode":"6065","Name":"Mr C Saunders","Address":"24 Bonannella Ent Sinagra WA 6065","Phone number":"(08) 9206 1854"},{"Postcode":"6065","Name":"S Saunders","Address":"11 Jimbiri Way Wanneroo WA 6065","Phone number":"(08) 9306 4250"},{"Postcode":"6210","Name":"A J Saunders","Address":"Un 10 3 The Palladio Mandurah WA 6210","Phone number":"(08) 9581 5176"},{"Postcode":"6210","Name":"N Saunders","Address":"5 Ellinwood Loop Meadow Springs WA 6210","Phone number":"(04) 1894 7345"},{"Postcode":"6210","Name":"N Saunders","Address":"5 Ellinwood Loop Meadow Springs WA 6210","Phone number":"(08) 9583 3226"},{"Postcode":"6210","Name":"R P Saunders","Address":"67 Darwin Tce Dudley Park WA 6210","Phone number":"(08) 9586 8168"},{"Postcode":"6210","Name":"S Saunders","Address":"18 Oaklands Ave Halls Head WA 6210","Phone number":"(08) 9535 3512"},{"Postcode":"6167","Name":"J H Saunders","Address":"65 Sharman St Medina WA 6167","Phone number":"(08) 9419 5291"},{"Postcode":"6210","Name":"A J Saunders","Address":"Un 10 3 The Palladio Mandurah WA 6210","Phone number":"(08) 9581 5176"},{"Postcode":"6210","Name":"N Saunders","Address":"5 Ellinwood Loop Meadow Springs WA 6210","Phone number":"(04) 1894 7345"},{"Postcode":"6210","Name":"N Saunders","Address":"5 Ellinwood Loop Meadow Springs WA 6210","Phone number":"(08) 9583 3226"},{"Postcode":"6210","Name":"R P Saunders","Address":"67 Darwin Tce Dudley Park WA 6210","Phone number":"(08) 9586 8168"},{"Postcode":"6210","Name":"S Saunders","Address":"18 Oaklands Ave Halls Head WA 6210","Phone number":"(08) 9535 3512"},{"Postcode":"6210","Name":"A J Saunders","Address":"Un 10 3 The Palladio Mandurah WA 6210","Phone number":"(08) 9581 5176"},{"Postcode":"6210","Name":"N Saunders","Address":"5 Ellinwood Loop Meadow Springs WA 6210","Phone number":"(04) 1894 7345"},{"Postcode":"6210","Name":"N Saunders","Address":"5 Ellinwood Loop Meadow Springs WA 6210","Phone number":"(08) 9583 3226"},{"Postcode":"6210","Name":"R P Saunders","Address":"67 Darwin Tce Dudley Park WA 6210","Phone number":"(08) 9586 8168"},{"Postcode":"6210","Name":"S Saunders","Address":"18 Oaklands Ave Halls Head WA 6210","Phone number":"(08) 9535 3512"},{"Postcode":"6210","Name":"A J Saunders","Address":"Un 10 3 The Palladio Mandurah WA 6210","Phone number":"(08) 9581 5176"},{"Postcode":"6210","Name":"N Saunders","Address":"5 Ellinwood Loop Meadow Springs WA 6210","Phone number":"(04) 1894 7345"},{"Postcode":"6210","Name":"N Saunders","Address":"5 Ellinwood Loop Meadow Springs WA 6210","Phone number":"(08) 9583 3226"},{"Postcode":"6210","Name":"R P Saunders","Address":"67 Darwin Tce Dudley Park WA 6210","Phone number":"(08) 9586 8168"},{"Postcode":"6210","Name":"S Saunders","Address":"18 Oaklands Ave Halls Head WA 6210","Phone number":"(08) 9535 3512"},{"Postcode":"6065","Name":"Mr C Saunders","Address":"24 Bonannella Ent Sinagra WA 6065","Phone number":"(08) 9206 1854"},{"Postcode":"6065","Name":"S Saunders","Address":"11 Jimbiri Way Wanneroo WA 6065","Phone number":"(08) 9306 4250"},{"Postcode":"6020","Name":"B & E Saunders","Address":"11 Copper Cl Carine WA 6020","Phone number":"(08) 9448 9856"},{"Postcode":"6110","Name":"C A Saunders","Address":"19 Jacana Pl Gosnells WA 6110","Phone number":"(08) 9398 3010"},{"Postcode":"6110","Name":"C E Saunders","Address":"30 Goodall St Gosnells WA 6110","Phone number":"(08) 9398 8817"},{"Postcode":"6110","Name":"R W & R Saunders","Address":"16 Millstream Drv Southern River WA 6110","Phone number":"(08) 9398 2280"},{"Postcode":"6051","Name":"D J Saunders","Address":"126 Whatley Crs Maylands WA 6051","Phone number":"(08) 9371 0656"},{"Postcode":"6210","Name":"A J Saunders","Address":"Un 10 3 The Palladio Mandurah WA 6210","Phone number":"(08) 9581 5176"},{"Postcode":"6210","Name":"N Saunders","Address":"5 Ellinwood Loop Meadow Springs WA 6210","Phone number":"(04) 1894 7345"},{"Postcode":"6210","Name":"N Saunders","Address":"5 Ellinwood Loop Meadow Springs WA 6210","Phone number":"(08) 9583 3226"},{"Postcode":"6210","Name":"R P Saunders","Address":"67 Darwin Tce Dudley Park WA 6210","Phone number":"(08) 9586 8168"},{"Postcode":"6210","Name":"S Saunders","Address":"18 Oaklands Ave Halls Head WA 6210","Phone number":"(08) 9535 3512"},{"Postcode":"6167","Name":"J H Saunders","Address":"65 Sharman St Medina WA 6167","Phone number":"(08) 9419 5291"},{"Postcode":"6208","Name":"M Saunders","Address":"17A Congdon Ave Pinjarra WA 6208","Phone number":"(08) 9531 1714"},{"Postcode":"6065","Name":"Mr C Saunders","Address":"24 Bonannella Ent Sinagra WA 6065","Phone number":"(08) 9206 1854"},{"Postcode":"6065","Name":"S Saunders","Address":"11 Jimbiri Way Wanneroo WA 6065","Phone number":"(08) 9306 4250"},{"Postcode":"6156","Name":"D S Saunders","Address":"Un 2 13 Luffingham St Melville WA 6156","Phone number":"(08) 9317 7571"},{"Postcode":"6156","Name":"S Saunders","Address":"3 Finney St Willagee WA 6156","Phone number":"(08) 9337 8396"},{"Postcode":"6030","Name":"H Saunders","Address":"33 Quinns Rd Quinns Rocks WA 6030","Phone number":"(04) 1759 4705"},{"Postcode":"6030","Name":"J K Saunders","Address":"3 Burnett Drv Clarkson WA 6030","Phone number":"(08) 9305 9121"},{"Postcode":"6030","Name":"J P Saunders","Address":"1 Lakewood Tce Clarkson WA 6030","Phone number":"(08) 9407 9263"},{"Postcode":"6056","Name":"A Saunders","Address":"14 Helen St Bellevue WA 6056","Phone number":"(04) 3867 4854"},{"Postcode":"6056","Name":"H Saunders","Address":"15 Koolgoo Way Koongamia WA 6056","Phone number":"(08) 9255 4432"},{"Postcode":"6056","Name":"K Saunders","Address":"65 Railway Ave Middle Swan WA 6056","Phone number":"(04) 3330 6624"},{"Postcode":"6056","Name":"Mr R Saunders","Address":"220 Alidja Lane Swan View WA 6056","Phone number":"(08) 9294 3085"},{"Postcode":"6056","Name":"T T Saunders","Address":"4130 Helena Valley Rd Helena Valley WA 6056","Phone number":"(08) 9294 1156"},{"Postcode":"6056","Name":"A Saunders","Address":"14 Helen St Bellevue WA 6056","Phone number":"(04) 3867 4854"},{"Postcode":"6056","Name":"H Saunders","Address":"15 Koolgoo Way Koongamia WA 6056","Phone number":"(08) 9255 4432"},{"Postcode":"6056","Name":"K Saunders","Address":"65 Railway Ave Middle Swan WA 6056","Phone number":"(04) 3330 6624"},{"Postcode":"6056","Name":"Mr R Saunders","Address":"220 Alidja Lane Swan View WA 6056","Phone number":"(08) 9294 3085"},{"Postcode":"6056","Name":"T T Saunders","Address":"4130 Helena Valley Rd Helena Valley WA 6056","Phone number":"(08) 9294 1156"},{"Postcode":"6056","Name":"A Saunders","Address":"14 Helen St Bellevue WA 6056","Phone number":"(04) 3867 4854"},{"Postcode":"6056","Name":"H Saunders","Address":"15 Koolgoo Way Koongamia WA 6056","Phone number":"(08) 9255 4432"},{"Postcode":"6056","Name":"K Saunders","Address":"65 Railway Ave Middle Swan WA 6056","Phone number":"(04) 3330 6624"},{"Postcode":"6056","Name":"Mr R Saunders","Address":"220 Alidja Lane Swan View WA 6056","Phone number":"(08) 9294 3085"},{"Postcode":"6056","Name":"T T Saunders","Address":"4130 Helena Valley Rd Helena Valley WA 6056","Phone number":"(08) 9294 1156"},{"Postcode":"6232","Name":"D V Saunders","Address":"2 Cudliss St Eaton WA 6232","Phone number":"(08) 9725 0859"},{"Postcode":"6232","Name":"G Saunders","Address":"69 Hamilton Rd Eaton WA 6232","Phone number":"(08) 9724 1246"},{"Postcode":"6232","Name":"J G Saunders","Address":"42 Eaton Dr Eaton WA 6232","Phone number":"(08) 9725 3212"},{"Postcode":"6056","Name":"A Saunders","Address":"14 Helen St Bellevue WA 6056","Phone number":"(04) 3867 4854"},{"Postcode":"6056","Name":"H Saunders","Address":"15 Koolgoo Way Koongamia WA 6056","Phone number":"(08) 9255 4432"},{"Postcode":"6056","Name":"K Saunders","Address":"65 Railway Ave Middle Swan WA 6056","Phone number":"(04) 3330 6624"},{"Postcode":"6056","Name":"Mr R Saunders","Address":"220 Alidja Lane Swan View WA 6056","Phone number":"(08) 9294 3085"},{"Postcode":"6056","Name":"T T Saunders","Address":"4130 Helena Valley Rd Helena Valley WA 6056","Phone number":"(08) 9294 1156"},{"Postcode":"6030","Name":"H Saunders","Address":"33 Quinns Rd Quinns Rocks WA 6030","Phone number":"(04) 1759 4705"},{"Postcode":"6030","Name":"J K Saunders","Address":"3 Burnett Drv Clarkson WA 6030","Phone number":"(08) 9305 9121"},{"Postcode":"6030","Name":"J P Saunders","Address":"1 Lakewood Tce Clarkson WA 6030","Phone number":"(08) 9407 9263"},{"Postcode":"6061","Name":"I A & B J Saunders","Address":"22 Woodchester Pl Nollamara WA 6061","Phone number":"(08) 9349 2918"},{"Postcode":"6061","Name":"P Saunders","Address":"9 Farnesian Crcle Mirrabooka WA 6061","Phone number":"(08) 9249 6890"},{"Postcode":"6083","Name":"Mrs M L Saunders","Address":"67 Gogulger Stock Route Rd Gidgegannup WA 6083","Phone number":"(08) 9574 6696"},{"Postcode":"6062","Name":"J A Saunders","Address":"9 Elstead Way Morley WA 6062","Phone number":"(08) 9276 4944"},{"Postcode":"6010","Name":"J T Saunders","Address":"25 Grange St Claremont WA 6010","Phone number":"(08) 9384 1152"},{"Postcode":"6112","Name":"M Saunders","Address":"4 Cowra Crt Armadale WA 6112","Phone number":"(08) 9399 4030"},{"Postcode":"6112","Name":"M Saunders","Address":"4 Cowra Crt Armadale WA 6112","Phone number":"(08) 9393 9480"},{"Postcode":"6112","Name":"R Saunders","Address":"U 10 19 Milano Loop Seville Grove WA 6112","Phone number":"(08) 9495 2428"},{"Postcode":"6112","Name":"Mr W Saunders.","Address":"37 Fifth Rd Armadale WA 6112","Phone number":"(08) 9399 2695"},{"Postcode":"6153","Name":"L Saunders","Address":"57B Matheson Rd Applecross WA 6153","Phone number":"(08) 9315 3002"},{"Postcode":"6153","Name":"P M Saunders","Address":"42 Dunvegan Rd Applecross WA 6153","Phone number":"(08) 9364 6397"},{"Postcode":"6112","Name":"M Saunders","Address":"4 Cowra Crt Armadale WA 6112","Phone number":"(08) 9399 4030"},{"Postcode":"6112","Name":"M Saunders","Address":"4 Cowra Crt Armadale WA 6112","Phone number":"(08) 9393 9480"},{"Postcode":"6112","Name":"R Saunders","Address":"U 10 19 Milano Loop Seville Grove WA 6112","Phone number":"(08) 9495 2428"},{"Postcode":"6112","Name":"Mr W Saunders.","Address":"37 Fifth Rd Armadale WA 6112","Phone number":"(08) 9399 2695"},{"Postcode":"6027","Name":"A Saunders","Address":"162 Caridean St Heathridge WA 6027","Phone number":"(08) 9307 4210"},{"Postcode":"6027","Name":"A J & Y Saunders","Address":"50 Diamond Drv Ocean Reef WA 6027","Phone number":"(08) 9402 1424"},{"Postcode":"6027","Name":"D H Saunders","Address":"29 Montebello Ave Heathridge WA 6027","Phone number":"(08) 9403 2664"},{"Postcode":"6027","Name":"M Saunders","Address":"45 Royal Melbourne Ave Connolly WA 6027","Phone number":"(08) 9300 1024"},{"Postcode":"6027","Name":"N Saunders","Address":"143 Gradient Wy Beldon WA 6027","Phone number":"(08) 9401 1472"},{"Postcode":"6150","Name":"Mrs Betty Saunders Saunders","Address":"Un 161 22 Windelya Rd Murdoch WA 6150","Phone number":"(08) 9332 7769"},{"Postcode":"6009","Name":"D Saunders","Address":"61 Verdun St Nedlands WA 6009","Phone number":"(08) 9380 9596"},{"Postcode":"6031","Name":"M Saunders","Address":"8 Willeroo Ch Carramar WA 6031","Phone number":"(08) 9206 0217"},{"Postcode":"6031","Name":"T Saunders","Address":"22 Cheriton Drv Carramar WA 6031","Phone number":"(08) 9206 0580"},{"Postcode":"6208","Name":"M Saunders","Address":"17A Congdon Ave Pinjarra WA 6208","Phone number":"(08) 9531 1714"},{"Postcode":"6061","Name":"I A & B J Saunders","Address":"22 Woodchester Pl Nollamara WA 6061","Phone number":"(08) 9349 2918"},{"Postcode":"6061","Name":"P Saunders","Address":"9 Farnesian Crcle Mirrabooka WA 6061","Phone number":"(08) 9249 6890"},{"Postcode":"6062","Name":"J A Saunders","Address":"9 Elstead Way Morley WA 6062","Phone number":"(08) 9276 4944"},{"Postcode":"6020","Name":"B & E Saunders","Address":"11 Copper Cl Carine WA 6020","Phone number":"(08) 9448 9856"},{"Postcode":"6163","Name":"M Saunders","Address":"11 Hilory St Coolbellup WA 6163","Phone number":"(08) 9314 6739"},{"Postcode":"6208","Name":"M Saunders","Address":"17A Congdon Ave Pinjarra WA 6208","Phone number":"(08) 9531 1714"},{"Postcode":"6163","Name":"M Saunders","Address":"11 Hilory St Coolbellup WA 6163","Phone number":"(08) 9314 6739"},{"Postcode":"6208","Name":"M Saunders","Address":"17A Congdon Ave Pinjarra WA 6208","Phone number":"(08) 9531 1714"},{"Postcode":"6027","Name":"A Saunders","Address":"162 Caridean St Heathridge WA 6027","Phone number":"(08) 9307 4210"},{"Postcode":"6027","Name":"A J & Y Saunders","Address":"50 Diamond Drv Ocean Reef WA 6027","Phone number":"(08) 9402 1424"},{"Postcode":"6027","Name":"D H Saunders","Address":"29 Montebello Ave Heathridge WA 6027","Phone number":"(08) 9403 2664"},{"Postcode":"6027","Name":"M Saunders","Address":"45 Royal Melbourne Ave Connolly WA 6027","Phone number":"(08) 9300 1024"},{"Postcode":"6027","Name":"N Saunders","Address":"143 Gradient Wy Beldon WA 6027","Phone number":"(08) 9401 1472"},{"Postcode":"6109","Name":"J & P Saunders","Address":"Un 5 12 Attfield St Maddington WA 6109","Phone number":"(08) 9493 1363"},{"Postcode":"6167","Name":"J H Saunders","Address":"65 Sharman St Medina WA 6167","Phone number":"(08) 9419 5291"},{"Postcode":"6025","Name":"D C & R Saunders","Address":"6 Oleander Way Kallaroo WA 6025","Phone number":"(08) 9307 8157"},{"Postcode":"6025","Name":"R J & S E Saunders","Address":"115 Giles Ave Padbury WA 6025","Phone number":"(08) 9401 0498"},{"Postcode":"6025","Name":"S Saunders","Address":"115 Giles Av Padbury WA 6025","Phone number":"(04) 2982 6247"},{"Postcode":"6157","Name":"P Saunders","Address":"44 Point Walter Rd Bicton WA 6157","Phone number":"(08) 6161 6250"},{"Postcode":"6081","Name":"D Saunders","Address":"510 Highlands Drv Parkerville WA 6081","Phone number":"(08) 9295 5923"},{"Postcode":"6081","Name":"D Saunders","Address":"8 Buttercup Rd Parkerville WA 6081","Phone number":"(08) 9295 4825"},{"Postcode":"6233","Name":"C J & E M Saunders","Address":"34 Barnes Ave Australind WA 6233","Phone number":"(08) 9797 0151"},{"Postcode":"6233","Name":"N Saunders","Address":"22 Eckersley Way Australind WA 6233","Phone number":"(08) 9725 9485"},{"Postcode":"6210","Name":"A J Saunders","Address":"Un 10 3 The Palladio Mandurah WA 6210","Phone number":"(08) 9581 5176"},{"Postcode":"6210","Name":"N Saunders","Address":"5 Ellinwood Loop Meadow Springs WA 6210","Phone number":"(04) 1894 7345"},{"Postcode":"6210","Name":"N Saunders","Address":"5 Ellinwood Loop Meadow Springs WA 6210","Phone number":"(08) 9583 3226"},{"Postcode":"6210","Name":"R P Saunders","Address":"67 Darwin Tce Dudley Park WA 6210","Phone number":"(08) 9586 8168"},{"Postcode":"6210","Name":"S Saunders","Address":"18 Oaklands Ave Halls Head WA 6210","Phone number":"(08) 9535 3512"},{"Postcode":"6147","Name":"L M Saunders","Address":"2 Eastbourne St Lynwood WA 6147","Phone number":"(08) 9458 6392"},{"Postcode":"6147","Name":"W S Saunders","Address":"9 Waite Crt Parkwood WA 6147","Phone number":"(08) 9457 9729"},{"Postcode":"6147","Name":"V Saunders-Francis","Address":"129 Vellgrove Ave Parkwood WA 6147","Phone number":"(08) 9259 5697"},{"Postcode":"6167","Name":"J H Saunders","Address":"65 Sharman St Medina WA 6167","Phone number":"(08) 9419 5291"},{"Postcode":"6076","Name":"C Saunders","Address":"106 Huntley St Gooseberry Hill WA 6076","Phone number":"(08) 9257 1192"},{"Postcode":"6076","Name":"D Saunders","Address":"30 Verticordia Rd Walliston WA 6076","Phone number":"(08) 9291 5669"},{"Postcode":"6076","Name":"J Saunders","Address":"61 Gilchrist Rd Lesmurdie WA 6076","Phone number":"(08) 9291 8195"},{"Postcode":"6076","Name":"K R Saunders","Address":"23 Glen Rd Lesmurdie WA 6076","Phone number":"(08) 9291 6026"},{"Postcode":"6076","Name":"Y Saunders","Address":"59 Basildon Rd Lesmurdie WA 6076","Phone number":"(08) 9291 8150"},{"Postcode":"6065","Name":"Mr C Saunders","Address":"24 Bonannella Ent Sinagra WA 6065","Phone number":"(08) 9206 1854"},{"Postcode":"6065","Name":"S Saunders","Address":"11 Jimbiri Way Wanneroo WA 6065","Phone number":"(08) 9306 4250"},{"Postcode":"6230","Name":"B L & E D Saunders","Address":"16 Knight St South Bunbury WA 6230","Phone number":"(08) 9721 5203"},{"Postcode":"6230","Name":"Mr G T Saunders","Address":"25 Oliver St East Bunbury WA 6230","Phone number":"(08) 9791 2117"},{"Postcode":"6230","Name":"P D Saunders","Address":"16 Eulalia St Carey Park WA 6230","Phone number":"(08) 9791 7010"},{"Postcode":"6011","Name":"M H Saunders","Address":"3 Henry Rd Cottesloe WA 6011","Phone number":"(08) 9383 2347"},{"Postcode":"6168","Name":"N Saunders","Address":"41 Adina Way Rockingham WA 6168","Phone number":"(08) 9591 1475"}]