[{"Postcode":"6064","Name":"P A Watts","Address":"22 Northumberland Ave Alexander Heights WA 6064","Phone number":"(08) 9343 4999"},{"Postcode":"6153","Name":"G Watts","Address":"10 Reddington Way Brentwood WA 6153","Phone number":"(08) 9316 4535"},{"Postcode":"6153","Name":"V M Watts","Address":"63A Moolyeen Rd Brentwood WA 6153","Phone number":"(08) 9316 0216"},{"Postcode":"6153","Name":"G Watts","Address":"10 Reddington Way Brentwood WA 6153","Phone number":"(08) 9316 4535"},{"Postcode":"6153","Name":"V M Watts","Address":"63A Moolyeen Rd Brentwood WA 6153","Phone number":"(08) 9316 0216"},{"Postcode":"6112","Name":"J Watts","Address":"30 Gallinago Cnr Harrisdale WA 6112","Phone number":"(08) 9393 2724"},{"Postcode":"6112","Name":"M Watts","Address":"41 Grafham Rd Brookdale WA 6112","Phone number":"(08) 6196 2611"},{"Postcode":"6112","Name":"M Watts","Address":"7 Moore St Wungong WA 6112","Phone number":"(08) 9399 9019"},{"Postcode":"6112","Name":"P Watts","Address":"14 Montpellier Way Piara Waters WA 6112","Phone number":"(08) 9397 1705"},{"Postcode":"6112","Name":"S Watts","Address":"3 Marbella Ave Seville Grove WA 6112","Phone number":"(08) 9498 3525"},{"Postcode":"6112","Name":"T Watts","Address":"14 Global Ave Harrisdale WA 6112","Phone number":"(08) 9393 2263"},{"Postcode":"6065","Name":"A J Watts","Address":"10 Adler St Ashby WA 6065","Phone number":"(08) 9404 8255"},{"Postcode":"6065","Name":"C T Watts","Address":"4 Chartwell Bnd Hocking WA 6065","Phone number":"(08) 9405 4495"},{"Postcode":"6065","Name":"E Watts","Address":"51 Appleby Drv Darch WA 6065","Phone number":"(08) 9302 2694"},{"Postcode":"6065","Name":"N E Watts","Address":"Un 610 55 Belgrade Rd Wanneroo WA 6065","Phone number":"(08) 9405 8226"},{"Postcode":"6065","Name":"R E Watts","Address":"19 Pilbeam Cct Landsdale WA 6065","Phone number":"(08) 9302 1580"},{"Postcode":"6054","Name":"K Watts","Address":"19 A Clarke Way Bassendean WA 6054","Phone number":"(08) 9379 2148"},{"Postcode":"6156","Name":"M Watts","Address":"8 Brooksby St Melville WA 6156","Phone number":"(04) 0763 4104"},{"Postcode":"6156","Name":"M Watts","Address":"8 Brooksby St Melville WA 6156","Phone number":"(08) 9317 7642"},{"Postcode":"6164","Name":"J Watts","Address":"7 Jacksonia Prm Success WA 6164","Phone number":"(08) 6595 3584"},{"Postcode":"6164","Name":"Mr T Watts","Address":"12 Gilbride Cove Atwell WA 6164","Phone number":"(08) 9498 7633"},{"Postcode":"6021","Name":"J Watts","Address":"65 Elyard Crs Stirling WA 6021","Phone number":"(08) 9445 7468"},{"Postcode":"6021","Name":"L Watts","Address":"62A Jones St Stirling WA 6021","Phone number":"(08) 9349 1482"},{"Postcode":"6061","Name":"B Watts","Address":"34 Mottlecah Way Mirrabooka WA 6061","Phone number":"(08) 9343 2117"},{"Postcode":"6061","Name":"Mr G Watts.","Address":"Unit 1 93 Morley Drv Nollamara WA 6061","Phone number":"(08) 9349 6025"},{"Postcode":"6061","Name":"Mrs M Watts","Address":"5 Barrows Way Balga WA 6061","Phone number":"(08) 9342 5229"},{"Postcode":"6164","Name":"J Watts","Address":"7 Jacksonia Prm Success WA 6164","Phone number":"(08) 6595 3584"},{"Postcode":"6164","Name":"Mr T Watts","Address":"12 Gilbride Cove Atwell WA 6164","Phone number":"(08) 9498 7633"},{"Postcode":"6213","Name":"E A G Watts","Address":"68 McLarty St Dwellingup WA 6213","Phone number":"(08) 9538 1185"},{"Postcode":"6210","Name":"B Watts","Address":"3 Heron St Dudley Park WA 6210","Phone number":"(08) 9535 5505"},{"Postcode":"6210","Name":"B E Watts","Address":"9 Shashta Drv Greenfields WA 6210","Phone number":"(08) 9535 9084"},{"Postcode":"6210","Name":"D G & N Watts","Address":"5 Chennile Vsta Halls Head WA 6210","Phone number":"(08) 9586 3649"},{"Postcode":"6210","Name":"Glenn Thomas Watts","Address":"15 Gilmore St Madora Bay WA 6210","Phone number":"(08) 9584 9014"},{"Postcode":"6210","Name":"J R & P M Watts","Address":"39 Luckhurst Drv Mandurah WA 6210","Phone number":"(08) 9535 7712"},{"Postcode":"6210","Name":"L Watts","Address":"15 Fairfield Way Halls Head WA 6210","Phone number":"(04) 1893 0636"},{"Postcode":"6210","Name":"L Watts","Address":"123 Pebble Beach Blv Meadow Springs WA 6210","Phone number":"(08) 9581 8442"},{"Postcode":"6210","Name":"L A Watts","Address":"21 Chimneys Rtt Erskine WA 6210","Phone number":"(08) 9535 7540"},{"Postcode":"6210","Name":"Ms M Watts","Address":"Old Coast Rd Mandurah WA 6210","Phone number":"(08) 9739 1065"},{"Postcode":"6210","Name":"P Watts","Address":"39 Luckhurst Dr Mandurah WA 6210","Phone number":"(04) 2835 7954"},{"Postcode":"6210","Name":"R L Watts","Address":"22 Terry Crs Mandurah WA 6210","Phone number":"(08) 9582 8929"},{"Postcode":"6210","Name":"Mrs S Watts","Address":"13 Carnarvon Way Erskine WA 6210","Phone number":"(08) 9581 2119"},{"Postcode":"6210","Name":"S Watts","Address":"5 Laidley Way Greenfields WA 6210","Phone number":"(08) 9584 4642"},{"Postcode":"6210","Name":"T A Watts","Address":"149 Pebble Beach Blv Meadow Springs WA 6210","Phone number":"(08) 9583 3554"},{"Postcode":"6056","Name":"H Watts","Address":"3 Nyanda Rse Jane Brook WA 6056","Phone number":"(08) 9294 2507"},{"Postcode":"6056","Name":"I Watts","Address":"8 Mount St Bellevue WA 6056","Phone number":"(04) 0798 1550"},{"Postcode":"6056","Name":"I Watts","Address":"8 Mount St Bellevue WA 6056","Phone number":"(08) 9255 3496"},{"Postcode":"6056","Name":"M Watts","Address":"49 Scott St Koongamia WA 6056","Phone number":"(08) 9294 3560"},{"Postcode":"6054","Name":"K Watts","Address":"19 A Clarke Way Bassendean WA 6054","Phone number":"(08) 9379 2148"},{"Postcode":"6112","Name":"J Watts","Address":"30 Gallinago Cnr Harrisdale WA 6112","Phone number":"(08) 9393 2724"},{"Postcode":"6112","Name":"M Watts","Address":"41 Grafham Rd Brookdale WA 6112","Phone number":"(08) 6196 2611"},{"Postcode":"6112","Name":"M Watts","Address":"7 Moore St Wungong WA 6112","Phone number":"(08) 9399 9019"},{"Postcode":"6112","Name":"P Watts","Address":"14 Montpellier Way Piara Waters WA 6112","Phone number":"(08) 9397 1705"},{"Postcode":"6112","Name":"S Watts","Address":"3 Marbella Ave Seville Grove WA 6112","Phone number":"(08) 9498 3525"},{"Postcode":"6112","Name":"T Watts","Address":"14 Global Ave Harrisdale WA 6112","Phone number":"(08) 9393 2263"},{"Postcode":"6164","Name":"J Watts","Address":"7 Jacksonia Prm Success WA 6164","Phone number":"(08) 6595 3584"},{"Postcode":"6164","Name":"Mr T Watts","Address":"12 Gilbride Cove Atwell WA 6164","Phone number":"(08) 9498 7633"},{"Postcode":"6027","Name":"C M Watts","Address":"57 Windermere Cir Joondalup WA 6027","Phone number":"(08) 9301 0003"},{"Postcode":"6027","Name":"Mrs K Watts","Address":"41 Venturi Drv Ocean Reef WA 6027","Phone number":"(08) 9307 8547"},{"Postcode":"6069","Name":"K Watts","Address":"39 Parnham Ave Ellenbrook WA 6069","Phone number":"(04) 1868 9050"},{"Postcode":"6056","Name":"H Watts","Address":"3 Nyanda Rse Jane Brook WA 6056","Phone number":"(08) 9294 2507"},{"Postcode":"6056","Name":"I Watts","Address":"8 Mount St Bellevue WA 6056","Phone number":"(04) 0798 1550"},{"Postcode":"6056","Name":"I Watts","Address":"8 Mount St Bellevue WA 6056","Phone number":"(08) 9255 3496"},{"Postcode":"6056","Name":"M Watts","Address":"49 Scott St Koongamia WA 6056","Phone number":"(08) 9294 3560"},{"Postcode":"6102","Name":"Geoff & Judith Watts","Address":"28 Centenary Bentley WA 6102","Phone number":"(08) 6363 6553"},{"Postcode":"6102","Name":"I F Mrs Watts","Address":"Bentley WA 6102","Phone number":"(08) 6250 0530"},{"Postcode":"6102","Name":"P Watts","Address":"2 Sill St Bentley WA 6102","Phone number":"(08) 9356 9632"},{"Postcode":"6163","Name":"B & J Watts","Address":"U 33/ 84 Collick St Hilton WA 6163","Phone number":"(08) 9467 1931"},{"Postcode":"6163","Name":"J Watts","Address":"2 Maritime Ave Kardinya WA 6163","Phone number":"(08) 9337 7296"},{"Postcode":"6076","Name":"C Watts","Address":"1 Valencia Rd Carmel WA 6076","Phone number":"(08) 9293 5830"},{"Postcode":"6076","Name":"H Watts","Address":"9 Brooks St Kalamunda WA 6076","Phone number":"(08) 9293 2454"},{"Postcode":"6076","Name":"Phil & Alaina Watts","Address":"15 Shasta Rd Lesmurdie WA 6076","Phone number":"(08) 9291 6777"},{"Postcode":"6076","Name":"R J & R C Watts","Address":"40 Chislehurst Rd Lesmurdie WA 6076","Phone number":"(08) 9291 7275"},{"Postcode":"6157","Name":"J C Watts","Address":"96 Solomon St Palmyra WA 6157","Phone number":"(08) 9319 8105"},{"Postcode":"6208","Name":"C A Watts","Address":"James Eden Dr West Pinjarra WA 6208","Phone number":"(08) 9531 3326"},{"Postcode":"6208","Name":"D A Watts","Address":"5 Heritage La Pinjarra WA 6208","Phone number":"(08) 9531 1618"},{"Postcode":"6208","Name":"L Watts","Address":"41 Country Rd Pinjarra WA 6208","Phone number":"(08) 9531 3203"},{"Postcode":"6210","Name":"B Watts","Address":"3 Heron St Dudley Park WA 6210","Phone number":"(08) 9535 5505"},{"Postcode":"6210","Name":"B E Watts","Address":"9 Shashta Drv Greenfields WA 6210","Phone number":"(08) 9535 9084"},{"Postcode":"6210","Name":"D G & N Watts","Address":"5 Chennile Vsta Halls Head WA 6210","Phone number":"(08) 9586 3649"},{"Postcode":"6210","Name":"Glenn Thomas Watts","Address":"15 Gilmore St Madora Bay WA 6210","Phone number":"(08) 9584 9014"},{"Postcode":"6210","Name":"J R & P M Watts","Address":"39 Luckhurst Drv Mandurah WA 6210","Phone number":"(08) 9535 7712"},{"Postcode":"6210","Name":"L Watts","Address":"15 Fairfield Way Halls Head WA 6210","Phone number":"(04) 1893 0636"},{"Postcode":"6210","Name":"L Watts","Address":"123 Pebble Beach Blv Meadow Springs WA 6210","Phone number":"(08) 9581 8442"},{"Postcode":"6210","Name":"L A Watts","Address":"21 Chimneys Rtt Erskine WA 6210","Phone number":"(08) 9535 7540"},{"Postcode":"6210","Name":"Ms M Watts","Address":"Old Coast Rd Mandurah WA 6210","Phone number":"(08) 9739 1065"},{"Postcode":"6210","Name":"P Watts","Address":"39 Luckhurst Dr Mandurah WA 6210","Phone number":"(04) 2835 7954"},{"Postcode":"6210","Name":"R L Watts","Address":"22 Terry Crs Mandurah WA 6210","Phone number":"(08) 9582 8929"},{"Postcode":"6210","Name":"Mrs S Watts","Address":"13 Carnarvon Way Erskine WA 6210","Phone number":"(08) 9581 2119"},{"Postcode":"6210","Name":"S Watts","Address":"5 Laidley Way Greenfields WA 6210","Phone number":"(08) 9584 4642"},{"Postcode":"6210","Name":"T A Watts","Address":"149 Pebble Beach Blv Meadow Springs WA 6210","Phone number":"(08) 9583 3554"},{"Postcode":"6056","Name":"H Watts","Address":"3 Nyanda Rse Jane Brook WA 6056","Phone number":"(08) 9294 2507"},{"Postcode":"6056","Name":"I Watts","Address":"8 Mount St Bellevue WA 6056","Phone number":"(04) 0798 1550"},{"Postcode":"6056","Name":"I Watts","Address":"8 Mount St Bellevue WA 6056","Phone number":"(08) 9255 3496"},{"Postcode":"6056","Name":"M Watts","Address":"49 Scott St Koongamia WA 6056","Phone number":"(08) 9294 3560"},{"Postcode":"6153","Name":"G Watts","Address":"10 Reddington Way Brentwood WA 6153","Phone number":"(08) 9316 4535"},{"Postcode":"6153","Name":"V M Watts","Address":"63A Moolyeen Rd Brentwood WA 6153","Phone number":"(08) 9316 0216"},{"Postcode":"6069","Name":"K Watts","Address":"39 Parnham Ave Ellenbrook WA 6069","Phone number":"(04) 1868 9050"},{"Postcode":"6112","Name":"J Watts","Address":"30 Gallinago Cnr Harrisdale WA 6112","Phone number":"(08) 9393 2724"},{"Postcode":"6112","Name":"M Watts","Address":"41 Grafham Rd Brookdale WA 6112","Phone number":"(08) 6196 2611"},{"Postcode":"6112","Name":"M Watts","Address":"7 Moore St Wungong WA 6112","Phone number":"(08) 9399 9019"},{"Postcode":"6112","Name":"P Watts","Address":"14 Montpellier Way Piara Waters WA 6112","Phone number":"(08) 9397 1705"},{"Postcode":"6112","Name":"S Watts","Address":"3 Marbella Ave Seville Grove WA 6112","Phone number":"(08) 9498 3525"},{"Postcode":"6112","Name":"T Watts","Address":"14 Global Ave Harrisdale WA 6112","Phone number":"(08) 9393 2263"},{"Postcode":"6149","Name":"Mr D Watts","Address":"111 Casserly Drv Leeming WA 6149","Phone number":"(08) 9332 4609"},{"Postcode":"6230","Name":"B & A Watts","Address":"20 Kularda Rd Dalyellup WA 6230","Phone number":"(08) 9795 8882"},{"Postcode":"6230","Name":"C Watts","Address":"3A Nenke Way Glen Iris WA 6230","Phone number":"(08) 9725 4087"},{"Postcode":"6230","Name":"D J Watts","Address":"6 Troon Crt Pelican Point WA 6230","Phone number":"(08) 9725 2717"},{"Postcode":"6230","Name":"J Watts","Address":"34 B Floyd Crss Usher WA 6230","Phone number":"(08) 9795 4516"},{"Postcode":"6230","Name":"J & B Watts","Address":"50 Gelorup Rse Gelorup WA 6230","Phone number":"(08) 9795 9207"},{"Postcode":"6230","Name":"L J Watts","Address":"15 Durack St Dalyellup WA 6230","Phone number":"(08) 9795 6008"},{"Postcode":"6230","Name":"S C Watts","Address":"64 Chisholm Rd Dalyellup WA 6230","Phone number":"(08) 9795 4994"},{"Postcode":"6230","Name":"S D Watts","Address":"20 Rose St Bunbury WA 6230","Phone number":"(08) 9721 9719"},{"Postcode":"6100","Name":"M Watts","Address":"80 Howick St Lathlain WA 6100","Phone number":"(04) 1796 1664"},{"Postcode":"6100","Name":"N & J Watts","Address":"21 Bow River Crs Burswood WA 6100","Phone number":"(08) 9355 4485"},{"Postcode":"6100","Name":"Mr T Watts","Address":"16 Rayment St Lathlain WA 6100","Phone number":"(08) 9361 9826"},{"Postcode":"6036","Name":"F H Watts","Address":"27 Haslingfield Way Butler WA 6036","Phone number":"(08) 9562 0389"},{"Postcode":"6122","Name":"D Watts","Address":"38 Gingerale Crcle Byford WA 6122","Phone number":"(08) 9525 0623"},{"Postcode":"6153","Name":"G Watts","Address":"10 Reddington Way Brentwood WA 6153","Phone number":"(08) 9316 4535"},{"Postcode":"6153","Name":"V M Watts","Address":"63A Moolyeen Rd Brentwood WA 6153","Phone number":"(08) 9316 0216"},{"Postcode":"6111","Name":"C A Watts","Address":"13 Salicina Gdns Roleystone WA 6111","Phone number":"(08) 9496 3035"},{"Postcode":"6111","Name":"Edward Watts","Address":"74 Schruth St North Kelmscott WA 6111","Phone number":"(08) 9390 2564"},{"Postcode":"6111","Name":"J M Watts","Address":"274 Urch Rd Roleystone WA 6111","Phone number":"(08) 9390 8605"},{"Postcode":"6111","Name":"T & P Watts","Address":"14 Simons Drv Roleystone WA 6111","Phone number":"(08) 9397 5427"},{"Postcode":"6155","Name":"J D & N Watts","Address":"38 Alexandria Blv Canning Vale WA 6155","Phone number":"(08) 9256 2909"},{"Postcode":"6155","Name":"M Watts","Address":"5 Katrine Pde Canning Vale WA 6155","Phone number":"(04) 1439 3563"},{"Postcode":"6155","Name":"P Watts","Address":"4 Gotch Cres Canning Vale WA 6155","Phone number":"(04) 3396 5824"},{"Postcode":"6155","Name":"J D & N Watts","Address":"38 Alexandria Blv Canning Vale WA 6155","Phone number":"(08) 9256 2909"},{"Postcode":"6155","Name":"M Watts","Address":"5 Katrine Pde Canning Vale WA 6155","Phone number":"(04) 1439 3563"},{"Postcode":"6155","Name":"P Watts","Address":"4 Gotch Cres Canning Vale WA 6155","Phone number":"(04) 3396 5824"},{"Postcode":"6122","Name":"D Watts","Address":"38 Gingerale Crcle Byford WA 6122","Phone number":"(08) 9525 0623"},{"Postcode":"6230","Name":"B & A Watts","Address":"20 Kularda Rd Dalyellup WA 6230","Phone number":"(08) 9795 8882"},{"Postcode":"6230","Name":"C Watts","Address":"3A Nenke Way Glen Iris WA 6230","Phone number":"(08) 9725 4087"},{"Postcode":"6230","Name":"D J Watts","Address":"6 Troon Crt Pelican Point WA 6230","Phone number":"(08) 9725 2717"},{"Postcode":"6230","Name":"J Watts","Address":"34 B Floyd Crss Usher WA 6230","Phone number":"(08) 9795 4516"},{"Postcode":"6230","Name":"J & B Watts","Address":"50 Gelorup Rse Gelorup WA 6230","Phone number":"(08) 9795 9207"},{"Postcode":"6230","Name":"L J Watts","Address":"15 Durack St Dalyellup WA 6230","Phone number":"(08) 9795 6008"},{"Postcode":"6230","Name":"S C Watts","Address":"64 Chisholm Rd Dalyellup WA 6230","Phone number":"(08) 9795 4994"},{"Postcode":"6230","Name":"S D Watts","Address":"20 Rose St Bunbury WA 6230","Phone number":"(08) 9721 9719"},{"Postcode":"6020","Name":"C & D Watts","Address":"28 A Lawley St North Beach WA 6020","Phone number":"(08) 9246 2705"},{"Postcode":"6101","Name":"M W Watts","Address":"27 Solar Way Carlisle WA 6101","Phone number":"(08) 9355 1184"},{"Postcode":"6076","Name":"C Watts","Address":"1 Valencia Rd Carmel WA 6076","Phone number":"(08) 9293 5830"},{"Postcode":"6076","Name":"H Watts","Address":"9 Brooks St Kalamunda WA 6076","Phone number":"(08) 9293 2454"},{"Postcode":"6076","Name":"Phil & Alaina Watts","Address":"15 Shasta Rd Lesmurdie WA 6076","Phone number":"(08) 9291 6777"},{"Postcode":"6076","Name":"R J & R C Watts","Address":"40 Chislehurst Rd Lesmurdie WA 6076","Phone number":"(08) 9291 7275"},{"Postcode":"6055","Name":"M Watts","Address":"9 Echidna Link Dayton WA 6055","Phone number":"(08) 9274 4754"},{"Postcode":"6018","Name":"D Watts","Address":"29 Auborough St Doubleview WA 6018","Phone number":"(08) 9244 1620"},{"Postcode":"6018","Name":"Mr D J & D Watts","Address":"38 Valencia Ave Churchlands WA 6018","Phone number":"(08) 9445 1738"},{"Postcode":"6018","Name":"G P & N M Watts","Address":"5 A Bartlett Crs Karrinyup WA 6018","Phone number":"(08) 9446 5623"},{"Postcode":"6018","Name":"J Watts","Address":"34 Shearn Crs Doubleview WA 6018","Phone number":"(08) 9242 8961"},{"Postcode":"6018","Name":"M Watts","Address":"16A Nangetty St Innaloo WA 6018","Phone number":"(08) 9204 2631"},{"Postcode":"6010","Name":"M Watts","Address":"Un 139 3 Dean St Claremont WA 6010","Phone number":"(08) 9384 1667"},{"Postcode":"6010","Name":"M Watts","Address":"Un 139 3 Dean St Claremont WA 6010","Phone number":"(08) 9384 1667"},{"Postcode":"6030","Name":"Mrs B Watts","Address":"3B Quinns Rd Quinns Rocks WA 6030","Phone number":"(08) 9305 1033"},{"Postcode":"6210","Name":"B Watts","Address":"3 Heron St Dudley Park WA 6210","Phone number":"(08) 9535 5505"},{"Postcode":"6210","Name":"B E Watts","Address":"9 Shashta Drv Greenfields WA 6210","Phone number":"(08) 9535 9084"},{"Postcode":"6210","Name":"D G & N Watts","Address":"5 Chennile Vsta Halls Head WA 6210","Phone number":"(08) 9586 3649"},{"Postcode":"6210","Name":"Glenn Thomas Watts","Address":"15 Gilmore St Madora Bay WA 6210","Phone number":"(08) 9584 9014"},{"Postcode":"6210","Name":"J R & P M Watts","Address":"39 Luckhurst Drv Mandurah WA 6210","Phone number":"(08) 9535 7712"},{"Postcode":"6210","Name":"L Watts","Address":"15 Fairfield Way Halls Head WA 6210","Phone number":"(04) 1893 0636"},{"Postcode":"6210","Name":"L Watts","Address":"123 Pebble Beach Blv Meadow Springs WA 6210","Phone number":"(08) 9581 8442"},{"Postcode":"6210","Name":"L A Watts","Address":"21 Chimneys Rtt Erskine WA 6210","Phone number":"(08) 9535 7540"},{"Postcode":"6210","Name":"Ms M Watts","Address":"Old Coast Rd Mandurah WA 6210","Phone number":"(08) 9739 1065"},{"Postcode":"6210","Name":"P Watts","Address":"39 Luckhurst Dr Mandurah WA 6210","Phone number":"(04) 2835 7954"},{"Postcode":"6210","Name":"R L Watts","Address":"22 Terry Crs Mandurah WA 6210","Phone number":"(08) 9582 8929"},{"Postcode":"6210","Name":"Mrs S Watts","Address":"13 Carnarvon Way Erskine WA 6210","Phone number":"(08) 9581 2119"},{"Postcode":"6210","Name":"S Watts","Address":"5 Laidley Way Greenfields WA 6210","Phone number":"(08) 9584 4642"},{"Postcode":"6210","Name":"T A Watts","Address":"149 Pebble Beach Blv Meadow Springs WA 6210","Phone number":"(08) 9583 3554"},{"Postcode":"6105","Name":"C Watts","Address":"324 Sydenham St Cloverdale WA 6105","Phone number":"(04) 1904 8989"},{"Postcode":"6105","Name":"E Watts","Address":"110 Fulham St Kewdale WA 6105","Phone number":"(04) 2831 4918"},{"Postcode":"6230","Name":"B & A Watts","Address":"20 Kularda Rd Dalyellup WA 6230","Phone number":"(08) 9795 8882"},{"Postcode":"6230","Name":"C Watts","Address":"3A Nenke Way Glen Iris WA 6230","Phone number":"(08) 9725 4087"},{"Postcode":"6230","Name":"D J Watts","Address":"6 Troon Crt Pelican Point WA 6230","Phone number":"(08) 9725 2717"},{"Postcode":"6230","Name":"J Watts","Address":"34 B Floyd Crss Usher WA 6230","Phone number":"(08) 9795 4516"},{"Postcode":"6230","Name":"J & B Watts","Address":"50 Gelorup Rse Gelorup WA 6230","Phone number":"(08) 9795 9207"},{"Postcode":"6230","Name":"L J Watts","Address":"15 Durack St Dalyellup WA 6230","Phone number":"(08) 9795 6008"},{"Postcode":"6230","Name":"S C Watts","Address":"64 Chisholm Rd Dalyellup WA 6230","Phone number":"(08) 9795 4994"},{"Postcode":"6230","Name":"S D Watts","Address":"20 Rose St Bunbury WA 6230","Phone number":"(08) 9721 9719"},{"Postcode":"6027","Name":"C M Watts","Address":"57 Windermere Cir Joondalup WA 6027","Phone number":"(08) 9301 0003"},{"Postcode":"6027","Name":"Mrs K Watts","Address":"41 Venturi Drv Ocean Reef WA 6027","Phone number":"(08) 9307 8547"},{"Postcode":"6210","Name":"B Watts","Address":"3 Heron St Dudley Park WA 6210","Phone number":"(08) 9535 5505"},{"Postcode":"6210","Name":"B E Watts","Address":"9 Shashta Drv Greenfields WA 6210","Phone number":"(08) 9535 9084"},{"Postcode":"6210","Name":"D G & N Watts","Address":"5 Chennile Vsta Halls Head WA 6210","Phone number":"(08) 9586 3649"},{"Postcode":"6210","Name":"Glenn Thomas Watts","Address":"15 Gilmore St Madora Bay WA 6210","Phone number":"(08) 9584 9014"},{"Postcode":"6210","Name":"J R & P M Watts","Address":"39 Luckhurst Drv Mandurah WA 6210","Phone number":"(08) 9535 7712"},{"Postcode":"6210","Name":"L Watts","Address":"15 Fairfield Way Halls Head WA 6210","Phone number":"(04) 1893 0636"},{"Postcode":"6210","Name":"L Watts","Address":"123 Pebble Beach Blv Meadow Springs WA 6210","Phone number":"(08) 9581 8442"},{"Postcode":"6210","Name":"L A Watts","Address":"21 Chimneys Rtt Erskine WA 6210","Phone number":"(08) 9535 7540"},{"Postcode":"6210","Name":"Ms M Watts","Address":"Old Coast Rd Mandurah WA 6210","Phone number":"(08) 9739 1065"},{"Postcode":"6210","Name":"P Watts","Address":"39 Luckhurst Dr Mandurah WA 6210","Phone number":"(04) 2835 7954"},{"Postcode":"6210","Name":"R L Watts","Address":"22 Terry Crs Mandurah WA 6210","Phone number":"(08) 9582 8929"},{"Postcode":"6210","Name":"Mrs S Watts","Address":"13 Carnarvon Way Erskine WA 6210","Phone number":"(08) 9581 2119"},{"Postcode":"6210","Name":"S Watts","Address":"5 Laidley Way Greenfields WA 6210","Phone number":"(08) 9584 4642"},{"Postcode":"6210","Name":"T A Watts","Address":"149 Pebble Beach Blv Meadow Springs WA 6210","Phone number":"(08) 9583 3554"},{"Postcode":"6163","Name":"B & J Watts","Address":"U 33/ 84 Collick St Hilton WA 6163","Phone number":"(08) 9467 1931"},{"Postcode":"6163","Name":"J Watts","Address":"2 Maritime Ave Kardinya WA 6163","Phone number":"(08) 9337 7296"},{"Postcode":"6050","Name":"T Watts","Address":"Un 1 13 Second Ave Mt Lawley WA 6050","Phone number":"(08) 9272 4157"},{"Postcode":"6168","Name":"H G Watts","Address":"16 Rotohine Pl Cooloongup WA 6168","Phone number":"(08) 9529 1107"},{"Postcode":"6168","Name":"J J Watts","Address":"5 Meadow Ct Cooloongup WA 6168","Phone number":"(08) 9527 7234"},{"Postcode":"6168","Name":"M Watts","Address":"18 Octans Crt Rockingham WA 6168","Phone number":"(08) 9592 4787"},{"Postcode":"6168","Name":"P L Watts","Address":"4 Carnegie Loop Cooloongup WA 6168","Phone number":"(08) 9529 4878"},{"Postcode":"6168","Name":"S Watts","Address":"9 Rydal Crt Cooloongup WA 6168","Phone number":"(08) 9527 3243"},{"Postcode":"6025","Name":"Ms R Watts","Address":"29 Byrne Cl Padbury WA 6025","Phone number":"(08) 9307 8338"},{"Postcode":"6025","Name":"T Watts","Address":"100 Mullaloo Drv Kallaroo WA 6025","Phone number":"(08) 9401 4125"},{"Postcode":"6028","Name":"S Watts","Address":"27 Second Ave Burns Beach WA 6028","Phone number":"(08) 9305 5768"},{"Postcode":"6028","Name":"S Watts","Address":"65 Ailsacraig Rmbl Kinross WA 6028","Phone number":"(08) 9304 7530"},{"Postcode":"6230","Name":"B & A Watts","Address":"20 Kularda Rd Dalyellup WA 6230","Phone number":"(08) 9795 8882"},{"Postcode":"6230","Name":"C Watts","Address":"3A Nenke Way Glen Iris WA 6230","Phone number":"(08) 9725 4087"},{"Postcode":"6230","Name":"D J Watts","Address":"6 Troon Crt Pelican Point WA 6230","Phone number":"(08) 9725 2717"},{"Postcode":"6230","Name":"J Watts","Address":"34 B Floyd Crss Usher WA 6230","Phone number":"(08) 9795 4516"},{"Postcode":"6230","Name":"J & B Watts","Address":"50 Gelorup Rse Gelorup WA 6230","Phone number":"(08) 9795 9207"},{"Postcode":"6230","Name":"L J Watts","Address":"15 Durack St Dalyellup WA 6230","Phone number":"(08) 9795 6008"},{"Postcode":"6230","Name":"S C Watts","Address":"64 Chisholm Rd Dalyellup WA 6230","Phone number":"(08) 9795 4994"},{"Postcode":"6230","Name":"S D Watts","Address":"20 Rose St Bunbury WA 6230","Phone number":"(08) 9721 9719"},{"Postcode":"6065","Name":"A J Watts","Address":"10 Adler St Ashby WA 6065","Phone number":"(08) 9404 8255"},{"Postcode":"6065","Name":"C T Watts","Address":"4 Chartwell Bnd Hocking WA 6065","Phone number":"(08) 9405 4495"},{"Postcode":"6065","Name":"E Watts","Address":"51 Appleby Drv Darch WA 6065","Phone number":"(08) 9302 2694"},{"Postcode":"6065","Name":"N E Watts","Address":"Un 610 55 Belgrade Rd Wanneroo WA 6065","Phone number":"(08) 9405 8226"},{"Postcode":"6065","Name":"R E Watts","Address":"19 Pilbeam Cct Landsdale WA 6065","Phone number":"(08) 9302 1580"},{"Postcode":"6122","Name":"D Watts","Address":"38 Gingerale Crcle Byford WA 6122","Phone number":"(08) 9525 0623"},{"Postcode":"6070","Name":"J L Watts","Address":"3 Edith St Darlington WA 6070","Phone number":"(08) 9252 0436"},{"Postcode":"6230","Name":"B & A Watts","Address":"20 Kularda Rd Dalyellup WA 6230","Phone number":"(08) 9795 8882"},{"Postcode":"6230","Name":"C Watts","Address":"3A Nenke Way Glen Iris WA 6230","Phone number":"(08) 9725 4087"},{"Postcode":"6230","Name":"D J Watts","Address":"6 Troon Crt Pelican Point WA 6230","Phone number":"(08) 9725 2717"},{"Postcode":"6230","Name":"J Watts","Address":"34 B Floyd Crss Usher WA 6230","Phone number":"(08) 9795 4516"},{"Postcode":"6230","Name":"J & B Watts","Address":"50 Gelorup Rse Gelorup WA 6230","Phone number":"(08) 9795 9207"},{"Postcode":"6230","Name":"L J Watts","Address":"15 Durack St Dalyellup WA 6230","Phone number":"(08) 9795 6008"},{"Postcode":"6230","Name":"S C Watts","Address":"64 Chisholm Rd Dalyellup WA 6230","Phone number":"(08) 9795 4994"},{"Postcode":"6230","Name":"S D Watts","Address":"20 Rose St Bunbury WA 6230","Phone number":"(08) 9721 9719"},{"Postcode":"6210","Name":"B Watts","Address":"3 Heron St Dudley Park WA 6210","Phone number":"(08) 9535 5505"},{"Postcode":"6210","Name":"B E Watts","Address":"9 Shashta Drv Greenfields WA 6210","Phone number":"(08) 9535 9084"},{"Postcode":"6210","Name":"D G & N Watts","Address":"5 Chennile Vsta Halls Head WA 6210","Phone number":"(08) 9586 3649"},{"Postcode":"6210","Name":"Glenn Thomas Watts","Address":"15 Gilmore St Madora Bay WA 6210","Phone number":"(08) 9584 9014"},{"Postcode":"6210","Name":"J R & P M Watts","Address":"39 Luckhurst Drv Mandurah WA 6210","Phone number":"(08) 9535 7712"},{"Postcode":"6210","Name":"L Watts","Address":"15 Fairfield Way Halls Head WA 6210","Phone number":"(04) 1893 0636"},{"Postcode":"6210","Name":"L Watts","Address":"123 Pebble Beach Blv Meadow Springs WA 6210","Phone number":"(08) 9581 8442"},{"Postcode":"6210","Name":"L A Watts","Address":"21 Chimneys Rtt Erskine WA 6210","Phone number":"(08) 9535 7540"},{"Postcode":"6210","Name":"Ms M Watts","Address":"Old Coast Rd Mandurah WA 6210","Phone number":"(08) 9739 1065"},{"Postcode":"6210","Name":"P Watts","Address":"39 Luckhurst Dr Mandurah WA 6210","Phone number":"(04) 2835 7954"},{"Postcode":"6210","Name":"R L Watts","Address":"22 Terry Crs Mandurah WA 6210","Phone number":"(08) 9582 8929"},{"Postcode":"6210","Name":"Mrs S Watts","Address":"13 Carnarvon Way Erskine WA 6210","Phone number":"(08) 9581 2119"},{"Postcode":"6210","Name":"S Watts","Address":"5 Laidley Way Greenfields WA 6210","Phone number":"(08) 9584 4642"},{"Postcode":"6210","Name":"T A Watts","Address":"149 Pebble Beach Blv Meadow Springs WA 6210","Phone number":"(08) 9583 3554"},{"Postcode":"6018","Name":"D Watts","Address":"29 Auborough St Doubleview WA 6018","Phone number":"(08) 9244 1620"},{"Postcode":"6018","Name":"Mr D J & D Watts","Address":"38 Valencia Ave Churchlands WA 6018","Phone number":"(08) 9445 1738"},{"Postcode":"6018","Name":"G P & N M Watts","Address":"5 A Bartlett Crs Karrinyup WA 6018","Phone number":"(08) 9446 5623"},{"Postcode":"6018","Name":"J Watts","Address":"34 Shearn Crs Doubleview WA 6018","Phone number":"(08) 9242 8961"},{"Postcode":"6018","Name":"M Watts","Address":"16A Nangetty St Innaloo WA 6018","Phone number":"(08) 9204 2631"},{"Postcode":"6210","Name":"B Watts","Address":"3 Heron St Dudley Park WA 6210","Phone number":"(08) 9535 5505"},{"Postcode":"6210","Name":"B E Watts","Address":"9 Shashta Drv Greenfields WA 6210","Phone number":"(08) 9535 9084"},{"Postcode":"6210","Name":"D G & N Watts","Address":"5 Chennile Vsta Halls Head WA 6210","Phone number":"(08) 9586 3649"},{"Postcode":"6210","Name":"Glenn Thomas Watts","Address":"15 Gilmore St Madora Bay WA 6210","Phone number":"(08) 9584 9014"},{"Postcode":"6210","Name":"J R & P M Watts","Address":"39 Luckhurst Drv Mandurah WA 6210","Phone number":"(08) 9535 7712"},{"Postcode":"6210","Name":"L Watts","Address":"15 Fairfield Way Halls Head WA 6210","Phone number":"(04) 1893 0636"},{"Postcode":"6210","Name":"L Watts","Address":"123 Pebble Beach Blv Meadow Springs WA 6210","Phone number":"(08) 9581 8442"},{"Postcode":"6210","Name":"L A Watts","Address":"21 Chimneys Rtt Erskine WA 6210","Phone number":"(08) 9535 7540"},{"Postcode":"6210","Name":"Ms M Watts","Address":"Old Coast Rd Mandurah WA 6210","Phone number":"(08) 9739 1065"},{"Postcode":"6210","Name":"P Watts","Address":"39 Luckhurst Dr Mandurah WA 6210","Phone number":"(04) 2835 7954"},{"Postcode":"6210","Name":"R L Watts","Address":"22 Terry Crs Mandurah WA 6210","Phone number":"(08) 9582 8929"},{"Postcode":"6210","Name":"Mrs S Watts","Address":"13 Carnarvon Way Erskine WA 6210","Phone number":"(08) 9581 2119"},{"Postcode":"6210","Name":"S Watts","Address":"5 Laidley Way Greenfields WA 6210","Phone number":"(08) 9584 4642"},{"Postcode":"6210","Name":"T A Watts","Address":"149 Pebble Beach Blv Meadow Springs WA 6210","Phone number":"(08) 9583 3554"},{"Postcode":"6023","Name":"D Watts","Address":"3 Oatley Turn Duncraig WA 6023","Phone number":"(08) 9243 8783"},{"Postcode":"6213","Name":"E A G Watts","Address":"68 McLarty St Dwellingup WA 6213","Phone number":"(08) 9538 1185"},{"Postcode":"6230","Name":"B & A Watts","Address":"20 Kularda Rd Dalyellup WA 6230","Phone number":"(08) 9795 8882"},{"Postcode":"6230","Name":"C Watts","Address":"3A Nenke Way Glen Iris WA 6230","Phone number":"(08) 9725 4087"},{"Postcode":"6230","Name":"D J Watts","Address":"6 Troon Crt Pelican Point WA 6230","Phone number":"(08) 9725 2717"},{"Postcode":"6230","Name":"J Watts","Address":"34 B Floyd Crss Usher WA 6230","Phone number":"(08) 9795 4516"},{"Postcode":"6230","Name":"J & B Watts","Address":"50 Gelorup Rse Gelorup WA 6230","Phone number":"(08) 9795 9207"},{"Postcode":"6230","Name":"L J Watts","Address":"15 Durack St Dalyellup WA 6230","Phone number":"(08) 9795 6008"},{"Postcode":"6230","Name":"S C Watts","Address":"64 Chisholm Rd Dalyellup WA 6230","Phone number":"(08) 9795 4994"},{"Postcode":"6230","Name":"S D Watts","Address":"20 Rose St Bunbury WA 6230","Phone number":"(08) 9721 9719"},{"Postcode":"6158","Name":"E Watts","Address":"34 Windsor Rd East Fremantle WA 6158","Phone number":"(08) 9339 4873"},{"Postcode":"6158","Name":"M Watts","Address":"44 Pier St East Fremantle WA 6158","Phone number":"(08) 9339 1454"},{"Postcode":"6168","Name":"H G Watts","Address":"16 Rotohine Pl Cooloongup WA 6168","Phone number":"(08) 9529 1107"},{"Postcode":"6168","Name":"J J Watts","Address":"5 Meadow Ct Cooloongup WA 6168","Phone number":"(08) 9527 7234"},{"Postcode":"6168","Name":"M Watts","Address":"18 Octans Crt Rockingham WA 6168","Phone number":"(08) 9592 4787"},{"Postcode":"6168","Name":"P L Watts","Address":"4 Carnegie Loop Cooloongup WA 6168","Phone number":"(08) 9529 4878"},{"Postcode":"6168","Name":"S Watts","Address":"9 Rydal Crt Cooloongup WA 6168","Phone number":"(08) 9527 3243"},{"Postcode":"6101","Name":"M W Watts","Address":"27 Solar Way Carlisle WA 6101","Phone number":"(08) 9355 1184"},{"Postcode":"6232","Name":"A R Watts","Address":"1 Dorset Way Millbridge WA 6232","Phone number":"(08) 9725 0540"},{"Postcode":"6232","Name":"L Watts","Address":"41 Georgette Ret Eaton WA 6232","Phone number":"(08) 9725 0534"},{"Postcode":"6232","Name":"Roy & Fran Watts","Address":"Villa 86/ 111 Eaton Drv Eaton WA 6232","Phone number":"(08) 9724 4886"},{"Postcode":"6054","Name":"K Watts","Address":"19 A Clarke Way Bassendean WA 6054","Phone number":"(08) 9379 2148"},{"Postcode":"6027","Name":"C M Watts","Address":"57 Windermere Cir Joondalup WA 6027","Phone number":"(08) 9301 0003"},{"Postcode":"6027","Name":"Mrs K Watts","Address":"41 Venturi Drv Ocean Reef WA 6027","Phone number":"(08) 9307 8547"},{"Postcode":"6069","Name":"K Watts","Address":"39 Parnham Ave Ellenbrook WA 6069","Phone number":"(04) 1868 9050"},{"Postcode":"6069","Name":"K Watts","Address":"39 Parnham Ave Ellenbrook WA 6069","Phone number":"(04) 1868 9050"},{"Postcode":"6062","Name":"C Watts","Address":"U 4 7 Batt Crt Noranda WA 6062","Phone number":"(08) 9275 5414"},{"Postcode":"6062","Name":"M Watts","Address":"9 Spruce Rd Morley WA 6062","Phone number":"(08) 9276 6619"},{"Postcode":"6062","Name":"M D & L E Watts","Address":"12 Laurina Pl Morley WA 6062","Phone number":"(08) 9377 2649"},{"Postcode":"6062","Name":"V Wray-Watts","Address":"3 Churt Pl Morley WA 6062","Phone number":"(08) 9275 0747"},{"Postcode":"6210","Name":"B Watts","Address":"3 Heron St Dudley Park WA 6210","Phone number":"(08) 9535 5505"},{"Postcode":"6210","Name":"B E Watts","Address":"9 Shashta Drv Greenfields WA 6210","Phone number":"(08) 9535 9084"},{"Postcode":"6210","Name":"D G & N Watts","Address":"5 Chennile Vsta Halls Head WA 6210","Phone number":"(08) 9586 3649"},{"Postcode":"6210","Name":"Glenn Thomas Watts","Address":"15 Gilmore St Madora Bay WA 6210","Phone number":"(08) 9584 9014"},{"Postcode":"6210","Name":"J R & P M Watts","Address":"39 Luckhurst Drv Mandurah WA 6210","Phone number":"(08) 9535 7712"},{"Postcode":"6210","Name":"L Watts","Address":"15 Fairfield Way Halls Head WA 6210","Phone number":"(04) 1893 0636"},{"Postcode":"6210","Name":"L Watts","Address":"123 Pebble Beach Blv Meadow Springs WA 6210","Phone number":"(08) 9581 8442"},{"Postcode":"6210","Name":"L A Watts","Address":"21 Chimneys Rtt Erskine WA 6210","Phone number":"(08) 9535 7540"},{"Postcode":"6210","Name":"Ms M Watts","Address":"Old Coast Rd Mandurah WA 6210","Phone number":"(08) 9739 1065"},{"Postcode":"6210","Name":"P Watts","Address":"39 Luckhurst Dr Mandurah WA 6210","Phone number":"(04) 2835 7954"},{"Postcode":"6210","Name":"R L Watts","Address":"22 Terry Crs Mandurah WA 6210","Phone number":"(08) 9582 8929"},{"Postcode":"6210","Name":"Mrs S Watts","Address":"13 Carnarvon Way Erskine WA 6210","Phone number":"(08) 9581 2119"},{"Postcode":"6210","Name":"S Watts","Address":"5 Laidley Way Greenfields WA 6210","Phone number":"(08) 9584 4642"},{"Postcode":"6210","Name":"T A Watts","Address":"149 Pebble Beach Blv Meadow Springs WA 6210","Phone number":"(08) 9583 3554"},{"Postcode":"6213","Name":"E A G Watts","Address":"68 McLarty St Dwellingup WA 6213","Phone number":"(08) 9538 1185"},{"Postcode":"6208","Name":"C A Watts","Address":"James Eden Dr West Pinjarra WA 6208","Phone number":"(08) 9531 3326"},{"Postcode":"6208","Name":"D A Watts","Address":"5 Heritage La Pinjarra WA 6208","Phone number":"(08) 9531 1618"},{"Postcode":"6208","Name":"L Watts","Address":"41 Country Rd Pinjarra WA 6208","Phone number":"(08) 9531 3203"},{"Postcode":"6210","Name":"B Watts","Address":"3 Heron St Dudley Park WA 6210","Phone number":"(08) 9535 5505"},{"Postcode":"6210","Name":"B E Watts","Address":"9 Shashta Drv Greenfields WA 6210","Phone number":"(08) 9535 9084"},{"Postcode":"6210","Name":"D G & N Watts","Address":"5 Chennile Vsta Halls Head WA 6210","Phone number":"(08) 9586 3649"},{"Postcode":"6210","Name":"Glenn Thomas Watts","Address":"15 Gilmore St Madora Bay WA 6210","Phone number":"(08) 9584 9014"},{"Postcode":"6210","Name":"J R & P M Watts","Address":"39 Luckhurst Drv Mandurah WA 6210","Phone number":"(08) 9535 7712"},{"Postcode":"6210","Name":"L Watts","Address":"15 Fairfield Way Halls Head WA 6210","Phone number":"(04) 1893 0636"},{"Postcode":"6210","Name":"L Watts","Address":"123 Pebble Beach Blv Meadow Springs WA 6210","Phone number":"(08) 9581 8442"},{"Postcode":"6210","Name":"L A Watts","Address":"21 Chimneys Rtt Erskine WA 6210","Phone number":"(08) 9535 7540"},{"Postcode":"6210","Name":"Ms M Watts","Address":"Old Coast Rd Mandurah WA 6210","Phone number":"(08) 9739 1065"},{"Postcode":"6210","Name":"P Watts","Address":"39 Luckhurst Dr Mandurah WA 6210","Phone number":"(04) 2835 7954"},{"Postcode":"6210","Name":"R L Watts","Address":"22 Terry Crs Mandurah WA 6210","Phone number":"(08) 9582 8929"},{"Postcode":"6210","Name":"Mrs S Watts","Address":"13 Carnarvon Way Erskine WA 6210","Phone number":"(08) 9581 2119"},{"Postcode":"6210","Name":"S Watts","Address":"5 Laidley Way Greenfields WA 6210","Phone number":"(08) 9584 4642"},{"Postcode":"6210","Name":"T A Watts","Address":"149 Pebble Beach Blv Meadow Springs WA 6210","Phone number":"(08) 9583 3554"},{"Postcode":"6112","Name":"J Watts","Address":"30 Gallinago Cnr Harrisdale WA 6112","Phone number":"(08) 9393 2724"},{"Postcode":"6112","Name":"M Watts","Address":"41 Grafham Rd Brookdale WA 6112","Phone number":"(08) 6196 2611"},{"Postcode":"6112","Name":"M Watts","Address":"7 Moore St Wungong WA 6112","Phone number":"(08) 9399 9019"},{"Postcode":"6112","Name":"P Watts","Address":"14 Montpellier Way Piara Waters WA 6112","Phone number":"(08) 9397 1705"},{"Postcode":"6112","Name":"S Watts","Address":"3 Marbella Ave Seville Grove WA 6112","Phone number":"(08) 9498 3525"},{"Postcode":"6112","Name":"T Watts","Address":"14 Global Ave Harrisdale WA 6112","Phone number":"(08) 9393 2263"},{"Postcode":"6210","Name":"B Watts","Address":"3 Heron St Dudley Park WA 6210","Phone number":"(08) 9535 5505"},{"Postcode":"6210","Name":"B E Watts","Address":"9 Shashta Drv Greenfields WA 6210","Phone number":"(08) 9535 9084"},{"Postcode":"6210","Name":"D G & N Watts","Address":"5 Chennile Vsta Halls Head WA 6210","Phone number":"(08) 9586 3649"},{"Postcode":"6210","Name":"Glenn Thomas Watts","Address":"15 Gilmore St Madora Bay WA 6210","Phone number":"(08) 9584 9014"},{"Postcode":"6210","Name":"J R & P M Watts","Address":"39 Luckhurst Drv Mandurah WA 6210","Phone number":"(08) 9535 7712"},{"Postcode":"6210","Name":"L Watts","Address":"15 Fairfield Way Halls Head WA 6210","Phone number":"(04) 1893 0636"},{"Postcode":"6210","Name":"L Watts","Address":"123 Pebble Beach Blv Meadow Springs WA 6210","Phone number":"(08) 9581 8442"},{"Postcode":"6210","Name":"L A Watts","Address":"21 Chimneys Rtt Erskine WA 6210","Phone number":"(08) 9535 7540"},{"Postcode":"6210","Name":"Ms M Watts","Address":"Old Coast Rd Mandurah WA 6210","Phone number":"(08) 9739 1065"},{"Postcode":"6210","Name":"P Watts","Address":"39 Luckhurst Dr Mandurah WA 6210","Phone number":"(04) 2835 7954"},{"Postcode":"6210","Name":"R L Watts","Address":"22 Terry Crs Mandurah WA 6210","Phone number":"(08) 9582 8929"},{"Postcode":"6210","Name":"Mrs S Watts","Address":"13 Carnarvon Way Erskine WA 6210","Phone number":"(08) 9581 2119"},{"Postcode":"6210","Name":"S Watts","Address":"5 Laidley Way Greenfields WA 6210","Phone number":"(08) 9584 4642"},{"Postcode":"6210","Name":"T A Watts","Address":"149 Pebble Beach Blv Meadow Springs WA 6210","Phone number":"(08) 9583 3554"},{"Postcode":"6168","Name":"H G Watts","Address":"16 Rotohine Pl Cooloongup WA 6168","Phone number":"(08) 9529 1107"},{"Postcode":"6168","Name":"J J Watts","Address":"5 Meadow Ct Cooloongup WA 6168","Phone number":"(08) 9527 7234"},{"Postcode":"6168","Name":"M Watts","Address":"18 Octans Crt Rockingham WA 6168","Phone number":"(08) 9592 4787"},{"Postcode":"6168","Name":"P L Watts","Address":"4 Carnegie Loop Cooloongup WA 6168","Phone number":"(08) 9529 4878"},{"Postcode":"6168","Name":"S Watts","Address":"9 Rydal Crt Cooloongup WA 6168","Phone number":"(08) 9527 3243"},{"Postcode":"6230","Name":"B & A Watts","Address":"20 Kularda Rd Dalyellup WA 6230","Phone number":"(08) 9795 8882"},{"Postcode":"6230","Name":"C Watts","Address":"3A Nenke Way Glen Iris WA 6230","Phone number":"(08) 9725 4087"},{"Postcode":"6230","Name":"D J Watts","Address":"6 Troon Crt Pelican Point WA 6230","Phone number":"(08) 9725 2717"},{"Postcode":"6230","Name":"J Watts","Address":"34 B Floyd Crss Usher WA 6230","Phone number":"(08) 9795 4516"},{"Postcode":"6230","Name":"J & B Watts","Address":"50 Gelorup Rse Gelorup WA 6230","Phone number":"(08) 9795 9207"},{"Postcode":"6230","Name":"L J Watts","Address":"15 Durack St Dalyellup WA 6230","Phone number":"(08) 9795 6008"},{"Postcode":"6230","Name":"S C Watts","Address":"64 Chisholm Rd Dalyellup WA 6230","Phone number":"(08) 9795 4994"},{"Postcode":"6230","Name":"S D Watts","Address":"20 Rose St Bunbury WA 6230","Phone number":"(08) 9721 9719"},{"Postcode":"6064","Name":"P A Watts","Address":"22 Northumberland Ave Alexander Heights WA 6064","Phone number":"(08) 9343 4999"},{"Postcode":"6071","Name":"J Watts","Address":"7 Stanley St Glen Forrest WA 6071","Phone number":"(08) 9298 9945"},{"Postcode":"6230","Name":"B & A Watts","Address":"20 Kularda Rd Dalyellup WA 6230","Phone number":"(08) 9795 8882"},{"Postcode":"6230","Name":"C Watts","Address":"3A Nenke Way Glen Iris WA 6230","Phone number":"(08) 9725 4087"},{"Postcode":"6230","Name":"D J Watts","Address":"6 Troon Crt Pelican Point WA 6230","Phone number":"(08) 9725 2717"},{"Postcode":"6230","Name":"J Watts","Address":"34 B Floyd Crss Usher WA 6230","Phone number":"(08) 9795 4516"},{"Postcode":"6230","Name":"J & B Watts","Address":"50 Gelorup Rse Gelorup WA 6230","Phone number":"(08) 9795 9207"},{"Postcode":"6230","Name":"L J Watts","Address":"15 Durack St Dalyellup WA 6230","Phone number":"(08) 9795 6008"},{"Postcode":"6230","Name":"S C Watts","Address":"64 Chisholm Rd Dalyellup WA 6230","Phone number":"(08) 9795 4994"},{"Postcode":"6230","Name":"S D Watts","Address":"20 Rose St Bunbury WA 6230","Phone number":"(08) 9721 9719"},{"Postcode":"6023","Name":"D Watts","Address":"3 Oatley Turn Duncraig WA 6023","Phone number":"(08) 9243 8783"},{"Postcode":"6065","Name":"A J Watts","Address":"10 Adler St Ashby WA 6065","Phone number":"(08) 9404 8255"},{"Postcode":"6065","Name":"C T Watts","Address":"4 Chartwell Bnd Hocking WA 6065","Phone number":"(08) 9405 4495"},{"Postcode":"6065","Name":"E Watts","Address":"51 Appleby Drv Darch WA 6065","Phone number":"(08) 9302 2694"},{"Postcode":"6065","Name":"N E Watts","Address":"Un 610 55 Belgrade Rd Wanneroo WA 6065","Phone number":"(08) 9405 8226"},{"Postcode":"6065","Name":"R E Watts","Address":"19 Pilbeam Cct Landsdale WA 6065","Phone number":"(08) 9302 1580"},{"Postcode":"6076","Name":"C Watts","Address":"1 Valencia Rd Carmel WA 6076","Phone number":"(08) 9293 5830"},{"Postcode":"6076","Name":"H Watts","Address":"9 Brooks St Kalamunda WA 6076","Phone number":"(08) 9293 2454"},{"Postcode":"6076","Name":"Phil & Alaina Watts","Address":"15 Shasta Rd Lesmurdie WA 6076","Phone number":"(08) 9291 6777"},{"Postcode":"6076","Name":"R J & R C Watts","Address":"40 Chislehurst Rd Lesmurdie WA 6076","Phone number":"(08) 9291 7275"},{"Postcode":"6110","Name":"A Watts","Address":"Un 27 33 Seaforth Ave Gosnells WA 6110","Phone number":"(08) 9398 7462"},{"Postcode":"6110","Name":"G Watts","Address":"10 Daleford Way Southern River WA 6110","Phone number":"(08) 9490 9229"},{"Postcode":"6210","Name":"B Watts","Address":"3 Heron St Dudley Park WA 6210","Phone number":"(08) 9535 5505"},{"Postcode":"6210","Name":"B E Watts","Address":"9 Shashta Drv Greenfields WA 6210","Phone number":"(08) 9535 9084"},{"Postcode":"6210","Name":"D G & N Watts","Address":"5 Chennile Vsta Halls Head WA 6210","Phone number":"(08) 9586 3649"},{"Postcode":"6210","Name":"Glenn Thomas Watts","Address":"15 Gilmore St Madora Bay WA 6210","Phone number":"(08) 9584 9014"},{"Postcode":"6210","Name":"J R & P M Watts","Address":"39 Luckhurst Drv Mandurah WA 6210","Phone number":"(08) 9535 7712"},{"Postcode":"6210","Name":"L Watts","Address":"15 Fairfield Way Halls Head WA 6210","Phone number":"(04) 1893 0636"},{"Postcode":"6210","Name":"L Watts","Address":"123 Pebble Beach Blv Meadow Springs WA 6210","Phone number":"(08) 9581 8442"},{"Postcode":"6210","Name":"L A Watts","Address":"21 Chimneys Rtt Erskine WA 6210","Phone number":"(08) 9535 7540"},{"Postcode":"6210","Name":"Ms M Watts","Address":"Old Coast Rd Mandurah WA 6210","Phone number":"(08) 9739 1065"},{"Postcode":"6210","Name":"P Watts","Address":"39 Luckhurst Dr Mandurah WA 6210","Phone number":"(04) 2835 7954"},{"Postcode":"6210","Name":"R L Watts","Address":"22 Terry Crs Mandurah WA 6210","Phone number":"(08) 9582 8929"},{"Postcode":"6210","Name":"Mrs S Watts","Address":"13 Carnarvon Way Erskine WA 6210","Phone number":"(08) 9581 2119"},{"Postcode":"6210","Name":"S Watts","Address":"5 Laidley Way Greenfields WA 6210","Phone number":"(08) 9584 4642"},{"Postcode":"6210","Name":"T A Watts","Address":"149 Pebble Beach Blv Meadow Springs WA 6210","Phone number":"(08) 9583 3554"},{"Postcode":"6056","Name":"H Watts","Address":"3 Nyanda Rse Jane Brook WA 6056","Phone number":"(08) 9294 2507"},{"Postcode":"6056","Name":"I Watts","Address":"8 Mount St Bellevue WA 6056","Phone number":"(04) 0798 1550"},{"Postcode":"6056","Name":"I Watts","Address":"8 Mount St Bellevue WA 6056","Phone number":"(08) 9255 3496"},{"Postcode":"6056","Name":"M Watts","Address":"49 Scott St Koongamia WA 6056","Phone number":"(08) 9294 3560"},{"Postcode":"6024","Name":"T C & K L Watts","Address":"6 Frinton Pl Greenwood WA 6024","Phone number":"(08) 9342 2386"},{"Postcode":"6024","Name":"T C & K L Watts","Address":"6 Frinton Pl Greenwood WA 6024","Phone number":"(04) 0716 0326"},{"Postcode":"6055","Name":"M Watts","Address":"9 Echidna Link Dayton WA 6055","Phone number":"(08) 9274 4754"},{"Postcode":"6018","Name":"D Watts","Address":"29 Auborough St Doubleview WA 6018","Phone number":"(08) 9244 1620"},{"Postcode":"6018","Name":"Mr D J & D Watts","Address":"38 Valencia Ave Churchlands WA 6018","Phone number":"(08) 9445 1738"},{"Postcode":"6018","Name":"G P & N M Watts","Address":"5 A Bartlett Crs Karrinyup WA 6018","Phone number":"(08) 9446 5623"},{"Postcode":"6018","Name":"J Watts","Address":"34 Shearn Crs Doubleview WA 6018","Phone number":"(08) 9242 8961"},{"Postcode":"6018","Name":"M Watts","Address":"16A Nangetty St Innaloo WA 6018","Phone number":"(08) 9204 2631"},{"Postcode":"6076","Name":"C Watts","Address":"1 Valencia Rd Carmel WA 6076","Phone number":"(08) 9293 5830"},{"Postcode":"6076","Name":"H Watts","Address":"9 Brooks St Kalamunda WA 6076","Phone number":"(08) 9293 2454"},{"Postcode":"6076","Name":"Phil & Alaina Watts","Address":"15 Shasta Rd Lesmurdie WA 6076","Phone number":"(08) 9291 6777"},{"Postcode":"6076","Name":"R J & R C Watts","Address":"40 Chislehurst Rd Lesmurdie WA 6076","Phone number":"(08) 9291 7275"},{"Postcode":"6210","Name":"B Watts","Address":"3 Heron St Dudley Park WA 6210","Phone number":"(08) 9535 5505"},{"Postcode":"6210","Name":"B E Watts","Address":"9 Shashta Drv Greenfields WA 6210","Phone number":"(08) 9535 9084"},{"Postcode":"6210","Name":"D G & N Watts","Address":"5 Chennile Vsta Halls Head WA 6210","Phone number":"(08) 9586 3649"},{"Postcode":"6210","Name":"Glenn Thomas Watts","Address":"15 Gilmore St Madora Bay WA 6210","Phone number":"(08) 9584 9014"},{"Postcode":"6210","Name":"J R & P M Watts","Address":"39 Luckhurst Drv Mandurah WA 6210","Phone number":"(08) 9535 7712"},{"Postcode":"6210","Name":"L Watts","Address":"15 Fairfield Way Halls Head WA 6210","Phone number":"(04) 1893 0636"},{"Postcode":"6210","Name":"L Watts","Address":"123 Pebble Beach Blv Meadow Springs WA 6210","Phone number":"(08) 9581 8442"},{"Postcode":"6210","Name":"L A Watts","Address":"21 Chimneys Rtt Erskine WA 6210","Phone number":"(08) 9535 7540"},{"Postcode":"6210","Name":"Ms M Watts","Address":"Old Coast Rd Mandurah WA 6210","Phone number":"(08) 9739 1065"},{"Postcode":"6210","Name":"P Watts","Address":"39 Luckhurst Dr Mandurah WA 6210","Phone number":"(04) 2835 7954"},{"Postcode":"6210","Name":"R L Watts","Address":"22 Terry Crs Mandurah WA 6210","Phone number":"(08) 9582 8929"},{"Postcode":"6210","Name":"Mrs S Watts","Address":"13 Carnarvon Way Erskine WA 6210","Phone number":"(08) 9581 2119"},{"Postcode":"6210","Name":"S Watts","Address":"5 Laidley Way Greenfields WA 6210","Phone number":"(08) 9584 4642"},{"Postcode":"6210","Name":"T A Watts","Address":"149 Pebble Beach Blv Meadow Springs WA 6210","Phone number":"(08) 9583 3554"},{"Postcode":"6163","Name":"B & J Watts","Address":"U 33/ 84 Collick St Hilton WA 6163","Phone number":"(08) 9467 1931"},{"Postcode":"6163","Name":"J Watts","Address":"2 Maritime Ave Kardinya WA 6163","Phone number":"(08) 9337 7296"},{"Postcode":"6164","Name":"J Watts","Address":"7 Jacksonia Prm Success WA 6164","Phone number":"(08) 6595 3584"},{"Postcode":"6164","Name":"Mr T Watts","Address":"12 Gilbride Cove Atwell WA 6164","Phone number":"(08) 9498 7633"},{"Postcode":"6055","Name":"M Watts","Address":"9 Echidna Link Dayton WA 6055","Phone number":"(08) 9274 4754"},{"Postcode":"6027","Name":"C M Watts","Address":"57 Windermere Cir Joondalup WA 6027","Phone number":"(08) 9301 0003"},{"Postcode":"6027","Name":"Mrs K Watts","Address":"41 Venturi Drv Ocean Reef WA 6027","Phone number":"(08) 9307 8547"},{"Postcode":"6056","Name":"H Watts","Address":"3 Nyanda Rse Jane Brook WA 6056","Phone number":"(08) 9294 2507"},{"Postcode":"6056","Name":"I Watts","Address":"8 Mount St Bellevue WA 6056","Phone number":"(04) 0798 1550"},{"Postcode":"6056","Name":"I Watts","Address":"8 Mount St Bellevue WA 6056","Phone number":"(08) 9255 3496"},{"Postcode":"6056","Name":"M Watts","Address":"49 Scott St Koongamia WA 6056","Phone number":"(08) 9294 3560"},{"Postcode":"6055","Name":"M Watts","Address":"9 Echidna Link Dayton WA 6055","Phone number":"(08) 9274 4754"},{"Postcode":"6056","Name":"H Watts","Address":"3 Nyanda Rse Jane Brook WA 6056","Phone number":"(08) 9294 2507"},{"Postcode":"6056","Name":"I Watts","Address":"8 Mount St Bellevue WA 6056","Phone number":"(04) 0798 1550"},{"Postcode":"6056","Name":"I Watts","Address":"8 Mount St Bellevue WA 6056","Phone number":"(08) 9255 3496"},{"Postcode":"6056","Name":"M Watts","Address":"49 Scott St Koongamia WA 6056","Phone number":"(08) 9294 3560"},{"Postcode":"6210","Name":"B Watts","Address":"3 Heron St Dudley Park WA 6210","Phone number":"(08) 9535 5505"},{"Postcode":"6210","Name":"B E Watts","Address":"9 Shashta Drv Greenfields WA 6210","Phone number":"(08) 9535 9084"},{"Postcode":"6210","Name":"D G & N Watts","Address":"5 Chennile Vsta Halls Head WA 6210","Phone number":"(08) 9586 3649"},{"Postcode":"6210","Name":"Glenn Thomas Watts","Address":"15 Gilmore St Madora Bay WA 6210","Phone number":"(08) 9584 9014"},{"Postcode":"6210","Name":"J R & P M Watts","Address":"39 Luckhurst Drv Mandurah WA 6210","Phone number":"(08) 9535 7712"},{"Postcode":"6210","Name":"L Watts","Address":"15 Fairfield Way Halls Head WA 6210","Phone number":"(04) 1893 0636"},{"Postcode":"6210","Name":"L Watts","Address":"123 Pebble Beach Blv Meadow Springs WA 6210","Phone number":"(08) 9581 8442"},{"Postcode":"6210","Name":"L A Watts","Address":"21 Chimneys Rtt Erskine WA 6210","Phone number":"(08) 9535 7540"},{"Postcode":"6210","Name":"Ms M Watts","Address":"Old Coast Rd Mandurah WA 6210","Phone number":"(08) 9739 1065"},{"Postcode":"6210","Name":"P Watts","Address":"39 Luckhurst Dr Mandurah WA 6210","Phone number":"(04) 2835 7954"},{"Postcode":"6210","Name":"R L Watts","Address":"22 Terry Crs Mandurah WA 6210","Phone number":"(08) 9582 8929"},{"Postcode":"6210","Name":"Mrs S Watts","Address":"13 Carnarvon Way Erskine WA 6210","Phone number":"(08) 9581 2119"},{"Postcode":"6210","Name":"S Watts","Address":"5 Laidley Way Greenfields WA 6210","Phone number":"(08) 9584 4642"},{"Postcode":"6210","Name":"T A Watts","Address":"149 Pebble Beach Blv Meadow Springs WA 6210","Phone number":"(08) 9583 3554"},{"Postcode":"6003","Name":"M J Watts","Address":"352 Lord St Highgate WA 6003","Phone number":"(08) 9227 0426"},{"Postcode":"6025","Name":"Ms R Watts","Address":"29 Byrne Cl Padbury WA 6025","Phone number":"(08) 9307 8338"},{"Postcode":"6025","Name":"T Watts","Address":"100 Mullaloo Drv Kallaroo WA 6025","Phone number":"(08) 9401 4125"},{"Postcode":"6168","Name":"H G Watts","Address":"16 Rotohine Pl Cooloongup WA 6168","Phone number":"(08) 9529 1107"},{"Postcode":"6168","Name":"J J Watts","Address":"5 Meadow Ct Cooloongup WA 6168","Phone number":"(08) 9527 7234"},{"Postcode":"6168","Name":"M Watts","Address":"18 Octans Crt Rockingham WA 6168","Phone number":"(08) 9592 4787"},{"Postcode":"6168","Name":"P L Watts","Address":"4 Carnegie Loop Cooloongup WA 6168","Phone number":"(08) 9529 4878"},{"Postcode":"6168","Name":"S Watts","Address":"9 Rydal Crt Cooloongup WA 6168","Phone number":"(08) 9527 3243"},{"Postcode":"6163","Name":"B & J Watts","Address":"U 33/ 84 Collick St Hilton WA 6163","Phone number":"(08) 9467 1931"},{"Postcode":"6163","Name":"J Watts","Address":"2 Maritime Ave Kardinya WA 6163","Phone number":"(08) 9337 7296"},{"Postcode":"6065","Name":"A J Watts","Address":"10 Adler St Ashby WA 6065","Phone number":"(08) 9404 8255"},{"Postcode":"6065","Name":"C T Watts","Address":"4 Chartwell Bnd Hocking WA 6065","Phone number":"(08) 9405 4495"},{"Postcode":"6065","Name":"E Watts","Address":"51 Appleby Drv Darch WA 6065","Phone number":"(08) 9302 2694"},{"Postcode":"6065","Name":"N E Watts","Address":"Un 610 55 Belgrade Rd Wanneroo WA 6065","Phone number":"(08) 9405 8226"},{"Postcode":"6065","Name":"R E Watts","Address":"19 Pilbeam Cct Landsdale WA 6065","Phone number":"(08) 9302 1580"},{"Postcode":"6213","Name":"E A G Watts","Address":"68 McLarty St Dwellingup WA 6213","Phone number":"(08) 9538 1185"},{"Postcode":"6125","Name":"M Watts","Address":"Echoveld Cl Mardella WA 6125","Phone number":"(08) 9525 9656"},{"Postcode":"6071","Name":"J Watts","Address":"7 Stanley St Glen Forrest WA 6071","Phone number":"(08) 9298 9945"},{"Postcode":"6110","Name":"A Watts","Address":"Un 27 33 Seaforth Ave Gosnells WA 6110","Phone number":"(08) 9398 7462"},{"Postcode":"6110","Name":"G Watts","Address":"10 Daleford Way Southern River WA 6110","Phone number":"(08) 9490 9229"},{"Postcode":"6028","Name":"S Watts","Address":"27 Second Ave Burns Beach WA 6028","Phone number":"(08) 9305 5768"},{"Postcode":"6028","Name":"S Watts","Address":"65 Ailsacraig Rmbl Kinross WA 6028","Phone number":"(08) 9304 7530"},{"Postcode":"6213","Name":"E A G Watts","Address":"68 McLarty St Dwellingup WA 6213","Phone number":"(08) 9538 1185"},{"Postcode":"6018","Name":"D Watts","Address":"29 Auborough St Doubleview WA 6018","Phone number":"(08) 9244 1620"},{"Postcode":"6018","Name":"Mr D J & D Watts","Address":"38 Valencia Ave Churchlands WA 6018","Phone number":"(08) 9445 1738"},{"Postcode":"6018","Name":"G P & N M Watts","Address":"5 A Bartlett Crs Karrinyup WA 6018","Phone number":"(08) 9446 5623"},{"Postcode":"6018","Name":"J Watts","Address":"34 Shearn Crs Doubleview WA 6018","Phone number":"(08) 9242 8961"},{"Postcode":"6018","Name":"M Watts","Address":"16A Nangetty St Innaloo WA 6018","Phone number":"(08) 9204 2631"},{"Postcode":"6065","Name":"A J Watts","Address":"10 Adler St Ashby WA 6065","Phone number":"(08) 9404 8255"},{"Postcode":"6065","Name":"C T Watts","Address":"4 Chartwell Bnd Hocking WA 6065","Phone number":"(08) 9405 4495"},{"Postcode":"6065","Name":"E Watts","Address":"51 Appleby Drv Darch WA 6065","Phone number":"(08) 9302 2694"},{"Postcode":"6065","Name":"N E Watts","Address":"Un 610 55 Belgrade Rd Wanneroo WA 6065","Phone number":"(08) 9405 8226"},{"Postcode":"6065","Name":"R E Watts","Address":"19 Pilbeam Cct Landsdale WA 6065","Phone number":"(08) 9302 1580"},{"Postcode":"6164","Name":"J Watts","Address":"7 Jacksonia Prm Success WA 6164","Phone number":"(08) 6595 3584"},{"Postcode":"6164","Name":"Mr T Watts","Address":"12 Gilbride Cove Atwell WA 6164","Phone number":"(08) 9498 7633"},{"Postcode":"6056","Name":"H Watts","Address":"3 Nyanda Rse Jane Brook WA 6056","Phone number":"(08) 9294 2507"},{"Postcode":"6056","Name":"I Watts","Address":"8 Mount St Bellevue WA 6056","Phone number":"(04) 0798 1550"},{"Postcode":"6056","Name":"I Watts","Address":"8 Mount St Bellevue WA 6056","Phone number":"(08) 9255 3496"},{"Postcode":"6056","Name":"M Watts","Address":"49 Scott St Koongamia WA 6056","Phone number":"(08) 9294 3560"},{"Postcode":"6036","Name":"F H Watts","Address":"27 Haslingfield Way Butler WA 6036","Phone number":"(08) 9562 0389"},{"Postcode":"6027","Name":"C M Watts","Address":"57 Windermere Cir Joondalup WA 6027","Phone number":"(08) 9301 0003"},{"Postcode":"6027","Name":"Mrs K Watts","Address":"41 Venturi Drv Ocean Reef WA 6027","Phone number":"(08) 9307 8547"},{"Postcode":"6076","Name":"C Watts","Address":"1 Valencia Rd Carmel WA 6076","Phone number":"(08) 9293 5830"},{"Postcode":"6076","Name":"H Watts","Address":"9 Brooks St Kalamunda WA 6076","Phone number":"(08) 9293 2454"},{"Postcode":"6076","Name":"Phil & Alaina Watts","Address":"15 Shasta Rd Lesmurdie WA 6076","Phone number":"(08) 9291 6777"},{"Postcode":"6076","Name":"R J & R C Watts","Address":"40 Chislehurst Rd Lesmurdie WA 6076","Phone number":"(08) 9291 7275"},{"Postcode":"6025","Name":"Ms R Watts","Address":"29 Byrne Cl Padbury WA 6025","Phone number":"(08) 9307 8338"},{"Postcode":"6025","Name":"T Watts","Address":"100 Mullaloo Drv Kallaroo WA 6025","Phone number":"(08) 9401 4125"},{"Postcode":"6044","Name":"D Watts","Address":"15 Atkinson Way Lancelin WA 6044","Phone number":"(04) 2772 0123"},{"Postcode":"6163","Name":"B & J Watts","Address":"U 33/ 84 Collick St Hilton WA 6163","Phone number":"(08) 9467 1931"},{"Postcode":"6163","Name":"J Watts","Address":"2 Maritime Ave Kardinya WA 6163","Phone number":"(08) 9337 7296"},{"Postcode":"6111","Name":"C A Watts","Address":"13 Salicina Gdns Roleystone WA 6111","Phone number":"(08) 9496 3035"},{"Postcode":"6111","Name":"Edward Watts","Address":"74 Schruth St North Kelmscott WA 6111","Phone number":"(08) 9390 2564"},{"Postcode":"6111","Name":"J M Watts","Address":"274 Urch Rd Roleystone WA 6111","Phone number":"(08) 9390 8605"},{"Postcode":"6111","Name":"T & P Watts","Address":"14 Simons Drv Roleystone WA 6111","Phone number":"(08) 9397 5427"},{"Postcode":"6010","Name":"M Watts","Address":"Un 139 3 Dean St Claremont WA 6010","Phone number":"(08) 9384 1667"},{"Postcode":"6122","Name":"D Watts","Address":"38 Gingerale Crcle Byford WA 6122","Phone number":"(08) 9525 0623"},{"Postcode":"6018","Name":"D Watts","Address":"29 Auborough St Doubleview WA 6018","Phone number":"(08) 9244 1620"},{"Postcode":"6018","Name":"Mr D J & D Watts","Address":"38 Valencia Ave Churchlands WA 6018","Phone number":"(08) 9445 1738"},{"Postcode":"6018","Name":"G P & N M Watts","Address":"5 A Bartlett Crs Karrinyup WA 6018","Phone number":"(08) 9446 5623"},{"Postcode":"6018","Name":"J Watts","Address":"34 Shearn Crs Doubleview WA 6018","Phone number":"(08) 9242 8961"},{"Postcode":"6018","Name":"M Watts","Address":"16A Nangetty St Innaloo WA 6018","Phone number":"(08) 9204 2631"},{"Postcode":"6111","Name":"C A Watts","Address":"13 Salicina Gdns Roleystone WA 6111","Phone number":"(08) 9496 3035"},{"Postcode":"6111","Name":"Edward Watts","Address":"74 Schruth St North Kelmscott WA 6111","Phone number":"(08) 9390 2564"},{"Postcode":"6111","Name":"J M Watts","Address":"274 Urch Rd Roleystone WA 6111","Phone number":"(08) 9390 8605"},{"Postcode":"6111","Name":"T & P Watts","Address":"14 Simons Drv Roleystone WA 6111","Phone number":"(08) 9397 5427"},{"Postcode":"6151","Name":"D Watts","Address":"Un 3 390 Mill Point Rd South Perth WA 6151","Phone number":"(08) 9367 6987"},{"Postcode":"6105","Name":"C Watts","Address":"324 Sydenham St Cloverdale WA 6105","Phone number":"(04) 1904 8989"},{"Postcode":"6105","Name":"E Watts","Address":"110 Fulham St Kewdale WA 6105","Phone number":"(04) 2831 4918"},{"Postcode":"6054","Name":"K Watts","Address":"19 A Clarke Way Bassendean WA 6054","Phone number":"(08) 9379 2148"},{"Postcode":"6026","Name":"M C Watts","Address":"Un 41 10 Timbercrest Rse Woodvale WA 6026","Phone number":"(08) 9409 6659"},{"Postcode":"6065","Name":"A J Watts","Address":"10 Adler St Ashby WA 6065","Phone number":"(08) 9404 8255"},{"Postcode":"6065","Name":"C T Watts","Address":"4 Chartwell Bnd Hocking WA 6065","Phone number":"(08) 9405 4495"},{"Postcode":"6065","Name":"E Watts","Address":"51 Appleby Drv Darch WA 6065","Phone number":"(08) 9302 2694"},{"Postcode":"6065","Name":"N E Watts","Address":"Un 610 55 Belgrade Rd Wanneroo WA 6065","Phone number":"(08) 9405 8226"},{"Postcode":"6065","Name":"R E Watts","Address":"19 Pilbeam Cct Landsdale WA 6065","Phone number":"(08) 9302 1580"},{"Postcode":"6028","Name":"S Watts","Address":"27 Second Ave Burns Beach WA 6028","Phone number":"(08) 9305 5768"},{"Postcode":"6028","Name":"S Watts","Address":"65 Ailsacraig Rmbl Kinross WA 6028","Phone number":"(08) 9304 7530"},{"Postcode":"6064","Name":"P A Watts","Address":"22 Northumberland Ave Alexander Heights WA 6064","Phone number":"(08) 9343 4999"},{"Postcode":"6056","Name":"H Watts","Address":"3 Nyanda Rse Jane Brook WA 6056","Phone number":"(08) 9294 2507"},{"Postcode":"6056","Name":"I Watts","Address":"8 Mount St Bellevue WA 6056","Phone number":"(04) 0798 1550"},{"Postcode":"6056","Name":"I Watts","Address":"8 Mount St Bellevue WA 6056","Phone number":"(08) 9255 3496"},{"Postcode":"6056","Name":"M Watts","Address":"49 Scott St Koongamia WA 6056","Phone number":"(08) 9294 3560"},{"Postcode":"6210","Name":"B Watts","Address":"3 Heron St Dudley Park WA 6210","Phone number":"(08) 9535 5505"},{"Postcode":"6210","Name":"B E Watts","Address":"9 Shashta Drv Greenfields WA 6210","Phone number":"(08) 9535 9084"},{"Postcode":"6210","Name":"D G & N Watts","Address":"5 Chennile Vsta Halls Head WA 6210","Phone number":"(08) 9586 3649"},{"Postcode":"6210","Name":"Glenn Thomas Watts","Address":"15 Gilmore St Madora Bay WA 6210","Phone number":"(08) 9584 9014"},{"Postcode":"6210","Name":"J R & P M Watts","Address":"39 Luckhurst Drv Mandurah WA 6210","Phone number":"(08) 9535 7712"},{"Postcode":"6210","Name":"L Watts","Address":"15 Fairfield Way Halls Head WA 6210","Phone number":"(04) 1893 0636"},{"Postcode":"6210","Name":"L Watts","Address":"123 Pebble Beach Blv Meadow Springs WA 6210","Phone number":"(08) 9581 8442"},{"Postcode":"6210","Name":"L A Watts","Address":"21 Chimneys Rtt Erskine WA 6210","Phone number":"(08) 9535 7540"},{"Postcode":"6210","Name":"Ms M Watts","Address":"Old Coast Rd Mandurah WA 6210","Phone number":"(08) 9739 1065"},{"Postcode":"6210","Name":"P Watts","Address":"39 Luckhurst Dr Mandurah WA 6210","Phone number":"(04) 2835 7954"},{"Postcode":"6210","Name":"R L Watts","Address":"22 Terry Crs Mandurah WA 6210","Phone number":"(08) 9582 8929"},{"Postcode":"6210","Name":"Mrs S Watts","Address":"13 Carnarvon Way Erskine WA 6210","Phone number":"(08) 9581 2119"},{"Postcode":"6210","Name":"S Watts","Address":"5 Laidley Way Greenfields WA 6210","Phone number":"(08) 9584 4642"},{"Postcode":"6210","Name":"T A Watts","Address":"149 Pebble Beach Blv Meadow Springs WA 6210","Phone number":"(08) 9583 3554"},{"Postcode":"6044","Name":"D Watts","Address":"15 Atkinson Way Lancelin WA 6044","Phone number":"(04) 2772 0123"},{"Postcode":"6065","Name":"A J Watts","Address":"10 Adler St Ashby WA 6065","Phone number":"(08) 9404 8255"},{"Postcode":"6065","Name":"C T Watts","Address":"4 Chartwell Bnd Hocking WA 6065","Phone number":"(08) 9405 4495"},{"Postcode":"6065","Name":"E Watts","Address":"51 Appleby Drv Darch WA 6065","Phone number":"(08) 9302 2694"},{"Postcode":"6065","Name":"N E Watts","Address":"Un 610 55 Belgrade Rd Wanneroo WA 6065","Phone number":"(08) 9405 8226"},{"Postcode":"6065","Name":"R E Watts","Address":"19 Pilbeam Cct Landsdale WA 6065","Phone number":"(08) 9302 1580"},{"Postcode":"6147","Name":"D C Watts","Address":"200 Nicholson Rd Langford WA 6147","Phone number":"(08) 9356 2632"},{"Postcode":"6100","Name":"M Watts","Address":"80 Howick St Lathlain WA 6100","Phone number":"(04) 1796 1664"},{"Postcode":"6100","Name":"N & J Watts","Address":"21 Bow River Crs Burswood WA 6100","Phone number":"(08) 9355 4485"},{"Postcode":"6100","Name":"Mr T Watts","Address":"16 Rayment St Lathlain WA 6100","Phone number":"(08) 9361 9826"},{"Postcode":"6170","Name":"F Watts","Address":"8 Hurn Rse Wellard WA 6170","Phone number":"(08) 9439 2427"},{"Postcode":"6170","Name":"J Watts","Address":"7 Maldon Link Wellard WA 6170","Phone number":"(08) 9419 3421"},{"Postcode":"6170","Name":"K Watts","Address":"4 Huntington Ave Wellard WA 6170","Phone number":"(08) 9499 0692"},{"Postcode":"6149","Name":"Mr D Watts","Address":"111 Casserly Drv Leeming WA 6149","Phone number":"(08) 9332 4609"},{"Postcode":"6076","Name":"C Watts","Address":"1 Valencia Rd Carmel WA 6076","Phone number":"(08) 9293 5830"},{"Postcode":"6076","Name":"H Watts","Address":"9 Brooks St Kalamunda WA 6076","Phone number":"(08) 9293 2454"},{"Postcode":"6076","Name":"Phil & Alaina Watts","Address":"15 Shasta Rd Lesmurdie WA 6076","Phone number":"(08) 9291 6777"},{"Postcode":"6076","Name":"R J & R C Watts","Address":"40 Chislehurst Rd Lesmurdie WA 6076","Phone number":"(08) 9291 7275"},{"Postcode":"6065","Name":"A J Watts","Address":"10 Adler St Ashby WA 6065","Phone number":"(08) 9404 8255"},{"Postcode":"6065","Name":"C T Watts","Address":"4 Chartwell Bnd Hocking WA 6065","Phone number":"(08) 9405 4495"},{"Postcode":"6065","Name":"E Watts","Address":"51 Appleby Drv Darch WA 6065","Phone number":"(08) 9302 2694"},{"Postcode":"6065","Name":"N E Watts","Address":"Un 610 55 Belgrade Rd Wanneroo WA 6065","Phone number":"(08) 9405 8226"},{"Postcode":"6065","Name":"R E Watts","Address":"19 Pilbeam Cct Landsdale WA 6065","Phone number":"(08) 9302 1580"},{"Postcode":"6054","Name":"K Watts","Address":"19 A Clarke Way Bassendean WA 6054","Phone number":"(08) 9379 2148"},{"Postcode":"6147","Name":"D C Watts","Address":"200 Nicholson Rd Langford WA 6147","Phone number":"(08) 9356 2632"},{"Postcode":"6065","Name":"A J Watts","Address":"10 Adler St Ashby WA 6065","Phone number":"(08) 9404 8255"},{"Postcode":"6065","Name":"C T Watts","Address":"4 Chartwell Bnd Hocking WA 6065","Phone number":"(08) 9405 4495"},{"Postcode":"6065","Name":"E Watts","Address":"51 Appleby Drv Darch WA 6065","Phone number":"(08) 9302 2694"},{"Postcode":"6065","Name":"N E Watts","Address":"Un 610 55 Belgrade Rd Wanneroo WA 6065","Phone number":"(08) 9405 8226"},{"Postcode":"6065","Name":"R E Watts","Address":"19 Pilbeam Cct Landsdale WA 6065","Phone number":"(08) 9302 1580"},{"Postcode":"6210","Name":"B Watts","Address":"3 Heron St Dudley Park WA 6210","Phone number":"(08) 9535 5505"},{"Postcode":"6210","Name":"B E Watts","Address":"9 Shashta Drv Greenfields WA 6210","Phone number":"(08) 9535 9084"},{"Postcode":"6210","Name":"D G & N Watts","Address":"5 Chennile Vsta Halls Head WA 6210","Phone number":"(08) 9586 3649"},{"Postcode":"6210","Name":"Glenn Thomas Watts","Address":"15 Gilmore St Madora Bay WA 6210","Phone number":"(08) 9584 9014"},{"Postcode":"6210","Name":"J R & P M Watts","Address":"39 Luckhurst Drv Mandurah WA 6210","Phone number":"(08) 9535 7712"},{"Postcode":"6210","Name":"L Watts","Address":"15 Fairfield Way Halls Head WA 6210","Phone number":"(04) 1893 0636"},{"Postcode":"6210","Name":"L Watts","Address":"123 Pebble Beach Blv Meadow Springs WA 6210","Phone number":"(08) 9581 8442"},{"Postcode":"6210","Name":"L A Watts","Address":"21 Chimneys Rtt Erskine WA 6210","Phone number":"(08) 9535 7540"},{"Postcode":"6210","Name":"Ms M Watts","Address":"Old Coast Rd Mandurah WA 6210","Phone number":"(08) 9739 1065"},{"Postcode":"6210","Name":"P Watts","Address":"39 Luckhurst Dr Mandurah WA 6210","Phone number":"(04) 2835 7954"},{"Postcode":"6210","Name":"R L Watts","Address":"22 Terry Crs Mandurah WA 6210","Phone number":"(08) 9582 8929"},{"Postcode":"6210","Name":"Mrs S Watts","Address":"13 Carnarvon Way Erskine WA 6210","Phone number":"(08) 9581 2119"},{"Postcode":"6210","Name":"S Watts","Address":"5 Laidley Way Greenfields WA 6210","Phone number":"(08) 9584 4642"},{"Postcode":"6210","Name":"T A Watts","Address":"149 Pebble Beach Blv Meadow Springs WA 6210","Phone number":"(08) 9583 3554"},{"Postcode":"6210","Name":"B Watts","Address":"3 Heron St Dudley Park WA 6210","Phone number":"(08) 9535 5505"},{"Postcode":"6210","Name":"B E Watts","Address":"9 Shashta Drv Greenfields WA 6210","Phone number":"(08) 9535 9084"},{"Postcode":"6210","Name":"D G & N Watts","Address":"5 Chennile Vsta Halls Head WA 6210","Phone number":"(08) 9586 3649"},{"Postcode":"6210","Name":"Glenn Thomas Watts","Address":"15 Gilmore St Madora Bay WA 6210","Phone number":"(08) 9584 9014"},{"Postcode":"6210","Name":"J R & P M Watts","Address":"39 Luckhurst Drv Mandurah WA 6210","Phone number":"(08) 9535 7712"},{"Postcode":"6210","Name":"L Watts","Address":"15 Fairfield Way Halls Head WA 6210","Phone number":"(04) 1893 0636"},{"Postcode":"6210","Name":"L Watts","Address":"123 Pebble Beach Blv Meadow Springs WA 6210","Phone number":"(08) 9581 8442"},{"Postcode":"6210","Name":"L A Watts","Address":"21 Chimneys Rtt Erskine WA 6210","Phone number":"(08) 9535 7540"},{"Postcode":"6210","Name":"Ms M Watts","Address":"Old Coast Rd Mandurah WA 6210","Phone number":"(08) 9739 1065"},{"Postcode":"6210","Name":"P Watts","Address":"39 Luckhurst Dr Mandurah WA 6210","Phone number":"(04) 2835 7954"},{"Postcode":"6210","Name":"R L Watts","Address":"22 Terry Crs Mandurah WA 6210","Phone number":"(08) 9582 8929"},{"Postcode":"6210","Name":"Mrs S Watts","Address":"13 Carnarvon Way Erskine WA 6210","Phone number":"(08) 9581 2119"},{"Postcode":"6210","Name":"S Watts","Address":"5 Laidley Way Greenfields WA 6210","Phone number":"(08) 9584 4642"},{"Postcode":"6210","Name":"T A Watts","Address":"149 Pebble Beach Blv Meadow Springs WA 6210","Phone number":"(08) 9583 3554"},{"Postcode":"6210","Name":"B Watts","Address":"3 Heron St Dudley Park WA 6210","Phone number":"(08) 9535 5505"},{"Postcode":"6210","Name":"B E Watts","Address":"9 Shashta Drv Greenfields WA 6210","Phone number":"(08) 9535 9084"},{"Postcode":"6210","Name":"D G & N Watts","Address":"5 Chennile Vsta Halls Head WA 6210","Phone number":"(08) 9586 3649"},{"Postcode":"6210","Name":"Glenn Thomas Watts","Address":"15 Gilmore St Madora Bay WA 6210","Phone number":"(08) 9584 9014"},{"Postcode":"6210","Name":"J R & P M Watts","Address":"39 Luckhurst Drv Mandurah WA 6210","Phone number":"(08) 9535 7712"},{"Postcode":"6210","Name":"L Watts","Address":"15 Fairfield Way Halls Head WA 6210","Phone number":"(04) 1893 0636"},{"Postcode":"6210","Name":"L Watts","Address":"123 Pebble Beach Blv Meadow Springs WA 6210","Phone number":"(08) 9581 8442"},{"Postcode":"6210","Name":"L A Watts","Address":"21 Chimneys Rtt Erskine WA 6210","Phone number":"(08) 9535 7540"},{"Postcode":"6210","Name":"Ms M Watts","Address":"Old Coast Rd Mandurah WA 6210","Phone number":"(08) 9739 1065"},{"Postcode":"6210","Name":"P Watts","Address":"39 Luckhurst Dr Mandurah WA 6210","Phone number":"(04) 2835 7954"},{"Postcode":"6210","Name":"R L Watts","Address":"22 Terry Crs Mandurah WA 6210","Phone number":"(08) 9582 8929"},{"Postcode":"6210","Name":"Mrs S Watts","Address":"13 Carnarvon Way Erskine WA 6210","Phone number":"(08) 9581 2119"},{"Postcode":"6210","Name":"S Watts","Address":"5 Laidley Way Greenfields WA 6210","Phone number":"(08) 9584 4642"},{"Postcode":"6210","Name":"T A Watts","Address":"149 Pebble Beach Blv Meadow Springs WA 6210","Phone number":"(08) 9583 3554"},{"Postcode":"6210","Name":"B Watts","Address":"3 Heron St Dudley Park WA 6210","Phone number":"(08) 9535 5505"},{"Postcode":"6210","Name":"B E Watts","Address":"9 Shashta Drv Greenfields WA 6210","Phone number":"(08) 9535 9084"},{"Postcode":"6210","Name":"D G & N Watts","Address":"5 Chennile Vsta Halls Head WA 6210","Phone number":"(08) 9586 3649"},{"Postcode":"6210","Name":"Glenn Thomas Watts","Address":"15 Gilmore St Madora Bay WA 6210","Phone number":"(08) 9584 9014"},{"Postcode":"6210","Name":"J R & P M Watts","Address":"39 Luckhurst Drv Mandurah WA 6210","Phone number":"(08) 9535 7712"},{"Postcode":"6210","Name":"L Watts","Address":"15 Fairfield Way Halls Head WA 6210","Phone number":"(04) 1893 0636"},{"Postcode":"6210","Name":"L Watts","Address":"123 Pebble Beach Blv Meadow Springs WA 6210","Phone number":"(08) 9581 8442"},{"Postcode":"6210","Name":"L A Watts","Address":"21 Chimneys Rtt Erskine WA 6210","Phone number":"(08) 9535 7540"},{"Postcode":"6210","Name":"Ms M Watts","Address":"Old Coast Rd Mandurah WA 6210","Phone number":"(08) 9739 1065"},{"Postcode":"6210","Name":"P Watts","Address":"39 Luckhurst Dr Mandurah WA 6210","Phone number":"(04) 2835 7954"},{"Postcode":"6210","Name":"R L Watts","Address":"22 Terry Crs Mandurah WA 6210","Phone number":"(08) 9582 8929"},{"Postcode":"6210","Name":"Mrs S Watts","Address":"13 Carnarvon Way Erskine WA 6210","Phone number":"(08) 9581 2119"},{"Postcode":"6210","Name":"S Watts","Address":"5 Laidley Way Greenfields WA 6210","Phone number":"(08) 9584 4642"},{"Postcode":"6210","Name":"T A Watts","Address":"149 Pebble Beach Blv Meadow Springs WA 6210","Phone number":"(08) 9583 3554"},{"Postcode":"6064","Name":"P A Watts","Address":"22 Northumberland Ave Alexander Heights WA 6064","Phone number":"(08) 9343 4999"},{"Postcode":"6125","Name":"M Watts","Address":"Echoveld Cl Mardella WA 6125","Phone number":"(08) 9525 9656"},{"Postcode":"6065","Name":"A J Watts","Address":"10 Adler St Ashby WA 6065","Phone number":"(08) 9404 8255"},{"Postcode":"6065","Name":"C T Watts","Address":"4 Chartwell Bnd Hocking WA 6065","Phone number":"(08) 9405 4495"},{"Postcode":"6065","Name":"E Watts","Address":"51 Appleby Drv Darch WA 6065","Phone number":"(08) 9302 2694"},{"Postcode":"6065","Name":"N E Watts","Address":"Un 610 55 Belgrade Rd Wanneroo WA 6065","Phone number":"(08) 9405 8226"},{"Postcode":"6065","Name":"R E Watts","Address":"19 Pilbeam Cct Landsdale WA 6065","Phone number":"(08) 9302 1580"},{"Postcode":"6020","Name":"C & D Watts","Address":"28 A Lawley St North Beach WA 6020","Phone number":"(08) 9246 2705"},{"Postcode":"6213","Name":"E A G Watts","Address":"68 McLarty St Dwellingup WA 6213","Phone number":"(08) 9538 1185"},{"Postcode":"6110","Name":"A Watts","Address":"Un 27 33 Seaforth Ave Gosnells WA 6110","Phone number":"(08) 9398 7462"},{"Postcode":"6110","Name":"G Watts","Address":"10 Daleford Way Southern River WA 6110","Phone number":"(08) 9490 9229"},{"Postcode":"6210","Name":"B Watts","Address":"3 Heron St Dudley Park WA 6210","Phone number":"(08) 9535 5505"},{"Postcode":"6210","Name":"B E Watts","Address":"9 Shashta Drv Greenfields WA 6210","Phone number":"(08) 9535 9084"},{"Postcode":"6210","Name":"D G & N Watts","Address":"5 Chennile Vsta Halls Head WA 6210","Phone number":"(08) 9586 3649"},{"Postcode":"6210","Name":"Glenn Thomas Watts","Address":"15 Gilmore St Madora Bay WA 6210","Phone number":"(08) 9584 9014"},{"Postcode":"6210","Name":"J R & P M Watts","Address":"39 Luckhurst Drv Mandurah WA 6210","Phone number":"(08) 9535 7712"},{"Postcode":"6210","Name":"L Watts","Address":"15 Fairfield Way Halls Head WA 6210","Phone number":"(04) 1893 0636"},{"Postcode":"6210","Name":"L Watts","Address":"123 Pebble Beach Blv Meadow Springs WA 6210","Phone number":"(08) 9581 8442"},{"Postcode":"6210","Name":"L A Watts","Address":"21 Chimneys Rtt Erskine WA 6210","Phone number":"(08) 9535 7540"},{"Postcode":"6210","Name":"Ms M Watts","Address":"Old Coast Rd Mandurah WA 6210","Phone number":"(08) 9739 1065"},{"Postcode":"6210","Name":"P Watts","Address":"39 Luckhurst Dr Mandurah WA 6210","Phone number":"(04) 2835 7954"},{"Postcode":"6210","Name":"R L Watts","Address":"22 Terry Crs Mandurah WA 6210","Phone number":"(08) 9582 8929"},{"Postcode":"6210","Name":"Mrs S Watts","Address":"13 Carnarvon Way Erskine WA 6210","Phone number":"(08) 9581 2119"},{"Postcode":"6210","Name":"S Watts","Address":"5 Laidley Way Greenfields WA 6210","Phone number":"(08) 9584 4642"},{"Postcode":"6210","Name":"T A Watts","Address":"149 Pebble Beach Blv Meadow Springs WA 6210","Phone number":"(08) 9583 3554"},{"Postcode":"6208","Name":"C A Watts","Address":"James Eden Dr West Pinjarra WA 6208","Phone number":"(08) 9531 3326"},{"Postcode":"6208","Name":"D A Watts","Address":"5 Heritage La Pinjarra WA 6208","Phone number":"(08) 9531 1618"},{"Postcode":"6208","Name":"L Watts","Address":"41 Country Rd Pinjarra WA 6208","Phone number":"(08) 9531 3203"},{"Postcode":"6065","Name":"A J Watts","Address":"10 Adler St Ashby WA 6065","Phone number":"(08) 9404 8255"},{"Postcode":"6065","Name":"C T Watts","Address":"4 Chartwell Bnd Hocking WA 6065","Phone number":"(08) 9405 4495"},{"Postcode":"6065","Name":"E Watts","Address":"51 Appleby Drv Darch WA 6065","Phone number":"(08) 9302 2694"},{"Postcode":"6065","Name":"N E Watts","Address":"Un 610 55 Belgrade Rd Wanneroo WA 6065","Phone number":"(08) 9405 8226"},{"Postcode":"6065","Name":"R E Watts","Address":"19 Pilbeam Cct Landsdale WA 6065","Phone number":"(08) 9302 1580"},{"Postcode":"6156","Name":"M Watts","Address":"8 Brooksby St Melville WA 6156","Phone number":"(04) 0763 4104"},{"Postcode":"6156","Name":"M Watts","Address":"8 Brooksby St Melville WA 6156","Phone number":"(08) 9317 7642"},{"Postcode":"6050","Name":"T Watts","Address":"Un 1 13 Second Ave Mt Lawley WA 6050","Phone number":"(08) 9272 4157"},{"Postcode":"6030","Name":"Mrs B Watts","Address":"3B Quinns Rd Quinns Rocks WA 6030","Phone number":"(08) 9305 1033"},{"Postcode":"6056","Name":"H Watts","Address":"3 Nyanda Rse Jane Brook WA 6056","Phone number":"(08) 9294 2507"},{"Postcode":"6056","Name":"I Watts","Address":"8 Mount St Bellevue WA 6056","Phone number":"(04) 0798 1550"},{"Postcode":"6056","Name":"I Watts","Address":"8 Mount St Bellevue WA 6056","Phone number":"(08) 9255 3496"},{"Postcode":"6056","Name":"M Watts","Address":"49 Scott St Koongamia WA 6056","Phone number":"(08) 9294 3560"},{"Postcode":"6056","Name":"H Watts","Address":"3 Nyanda Rse Jane Brook WA 6056","Phone number":"(08) 9294 2507"},{"Postcode":"6056","Name":"I Watts","Address":"8 Mount St Bellevue WA 6056","Phone number":"(04) 0798 1550"},{"Postcode":"6056","Name":"I Watts","Address":"8 Mount St Bellevue WA 6056","Phone number":"(08) 9255 3496"},{"Postcode":"6056","Name":"M Watts","Address":"49 Scott St Koongamia WA 6056","Phone number":"(08) 9294 3560"},{"Postcode":"6056","Name":"H Watts","Address":"3 Nyanda Rse Jane Brook WA 6056","Phone number":"(08) 9294 2507"},{"Postcode":"6056","Name":"I Watts","Address":"8 Mount St Bellevue WA 6056","Phone number":"(04) 0798 1550"},{"Postcode":"6056","Name":"I Watts","Address":"8 Mount St Bellevue WA 6056","Phone number":"(08) 9255 3496"},{"Postcode":"6056","Name":"M Watts","Address":"49 Scott St Koongamia WA 6056","Phone number":"(08) 9294 3560"},{"Postcode":"6232","Name":"A R Watts","Address":"1 Dorset Way Millbridge WA 6232","Phone number":"(08) 9725 0540"},{"Postcode":"6232","Name":"L Watts","Address":"41 Georgette Ret Eaton WA 6232","Phone number":"(08) 9725 0534"},{"Postcode":"6232","Name":"Roy & Fran Watts","Address":"Villa 86/ 111 Eaton Drv Eaton WA 6232","Phone number":"(08) 9724 4886"},{"Postcode":"6056","Name":"H Watts","Address":"3 Nyanda Rse Jane Brook WA 6056","Phone number":"(08) 9294 2507"},{"Postcode":"6056","Name":"I Watts","Address":"8 Mount St Bellevue WA 6056","Phone number":"(04) 0798 1550"},{"Postcode":"6056","Name":"I Watts","Address":"8 Mount St Bellevue WA 6056","Phone number":"(08) 9255 3496"},{"Postcode":"6056","Name":"M Watts","Address":"49 Scott St Koongamia WA 6056","Phone number":"(08) 9294 3560"},{"Postcode":"6030","Name":"Mrs B Watts","Address":"3B Quinns Rd Quinns Rocks WA 6030","Phone number":"(08) 9305 1033"},{"Postcode":"6061","Name":"B Watts","Address":"34 Mottlecah Way Mirrabooka WA 6061","Phone number":"(08) 9343 2117"},{"Postcode":"6061","Name":"Mr G Watts.","Address":"Unit 1 93 Morley Drv Nollamara WA 6061","Phone number":"(08) 9349 6025"},{"Postcode":"6061","Name":"Mrs M Watts","Address":"5 Barrows Way Balga WA 6061","Phone number":"(08) 9342 5229"},{"Postcode":"6062","Name":"C Watts","Address":"U 4 7 Batt Crt Noranda WA 6062","Phone number":"(08) 9275 5414"},{"Postcode":"6062","Name":"M Watts","Address":"9 Spruce Rd Morley WA 6062","Phone number":"(08) 9276 6619"},{"Postcode":"6062","Name":"M D & L E Watts","Address":"12 Laurina Pl Morley WA 6062","Phone number":"(08) 9377 2649"},{"Postcode":"6062","Name":"V Wray-Watts","Address":"3 Churt Pl Morley WA 6062","Phone number":"(08) 9275 0747"},{"Postcode":"6010","Name":"M Watts","Address":"Un 139 3 Dean St Claremont WA 6010","Phone number":"(08) 9384 1667"},{"Postcode":"6050","Name":"T Watts","Address":"Un 1 13 Second Ave Mt Lawley WA 6050","Phone number":"(08) 9272 4157"},{"Postcode":"6112","Name":"J Watts","Address":"30 Gallinago Cnr Harrisdale WA 6112","Phone number":"(08) 9393 2724"},{"Postcode":"6112","Name":"M Watts","Address":"41 Grafham Rd Brookdale WA 6112","Phone number":"(08) 6196 2611"},{"Postcode":"6112","Name":"M Watts","Address":"7 Moore St Wungong WA 6112","Phone number":"(08) 9399 9019"},{"Postcode":"6112","Name":"P Watts","Address":"14 Montpellier Way Piara Waters WA 6112","Phone number":"(08) 9397 1705"},{"Postcode":"6112","Name":"S Watts","Address":"3 Marbella Ave Seville Grove WA 6112","Phone number":"(08) 9498 3525"},{"Postcode":"6112","Name":"T Watts","Address":"14 Global Ave Harrisdale WA 6112","Phone number":"(08) 9393 2263"},{"Postcode":"6153","Name":"G Watts","Address":"10 Reddington Way Brentwood WA 6153","Phone number":"(08) 9316 4535"},{"Postcode":"6153","Name":"V M Watts","Address":"63A Moolyeen Rd Brentwood WA 6153","Phone number":"(08) 9316 0216"},{"Postcode":"6112","Name":"J Watts","Address":"30 Gallinago Cnr Harrisdale WA 6112","Phone number":"(08) 9393 2724"},{"Postcode":"6112","Name":"M Watts","Address":"41 Grafham Rd Brookdale WA 6112","Phone number":"(08) 6196 2611"},{"Postcode":"6112","Name":"M Watts","Address":"7 Moore St Wungong WA 6112","Phone number":"(08) 9399 9019"},{"Postcode":"6112","Name":"P Watts","Address":"14 Montpellier Way Piara Waters WA 6112","Phone number":"(08) 9397 1705"},{"Postcode":"6112","Name":"S Watts","Address":"3 Marbella Ave Seville Grove WA 6112","Phone number":"(08) 9498 3525"},{"Postcode":"6112","Name":"T Watts","Address":"14 Global Ave Harrisdale WA 6112","Phone number":"(08) 9393 2263"},{"Postcode":"6027","Name":"C M Watts","Address":"57 Windermere Cir Joondalup WA 6027","Phone number":"(08) 9301 0003"},{"Postcode":"6027","Name":"Mrs K Watts","Address":"41 Venturi Drv Ocean Reef WA 6027","Phone number":"(08) 9307 8547"},{"Postcode":"6073","Name":"R Watts","Address":"1045 Jarrah Rd Mundaring WA 6073","Phone number":"(08) 9295 2946"},{"Postcode":"6044","Name":"D Watts","Address":"15 Atkinson Way Lancelin WA 6044","Phone number":"(04) 2772 0123"},{"Postcode":"6208","Name":"C A Watts","Address":"James Eden Dr West Pinjarra WA 6208","Phone number":"(08) 9531 3326"},{"Postcode":"6208","Name":"D A Watts","Address":"5 Heritage La Pinjarra WA 6208","Phone number":"(08) 9531 1618"},{"Postcode":"6208","Name":"L Watts","Address":"41 Country Rd Pinjarra WA 6208","Phone number":"(08) 9531 3203"},{"Postcode":"6061","Name":"B Watts","Address":"34 Mottlecah Way Mirrabooka WA 6061","Phone number":"(08) 9343 2117"},{"Postcode":"6061","Name":"Mr G Watts.","Address":"Unit 1 93 Morley Drv Nollamara WA 6061","Phone number":"(08) 9349 6025"},{"Postcode":"6061","Name":"Mrs M Watts","Address":"5 Barrows Way Balga WA 6061","Phone number":"(08) 9342 5229"},{"Postcode":"6062","Name":"C Watts","Address":"U 4 7 Batt Crt Noranda WA 6062","Phone number":"(08) 9275 5414"},{"Postcode":"6062","Name":"M Watts","Address":"9 Spruce Rd Morley WA 6062","Phone number":"(08) 9276 6619"},{"Postcode":"6062","Name":"M D & L E Watts","Address":"12 Laurina Pl Morley WA 6062","Phone number":"(08) 9377 2649"},{"Postcode":"6062","Name":"V Wray-Watts","Address":"3 Churt Pl Morley WA 6062","Phone number":"(08) 9275 0747"},{"Postcode":"6020","Name":"C & D Watts","Address":"28 A Lawley St North Beach WA 6020","Phone number":"(08) 9246 2705"},{"Postcode":"6163","Name":"B & J Watts","Address":"U 33/ 84 Collick St Hilton WA 6163","Phone number":"(08) 9467 1931"},{"Postcode":"6163","Name":"J Watts","Address":"2 Maritime Ave Kardinya WA 6163","Phone number":"(08) 9337 7296"},{"Postcode":"6006","Name":"C Watts","Address":"52 Albert St North Perth WA 6006","Phone number":"(08) 9328 2729"},{"Postcode":"6208","Name":"C A Watts","Address":"James Eden Dr West Pinjarra WA 6208","Phone number":"(08) 9531 3326"},{"Postcode":"6208","Name":"D A Watts","Address":"5 Heritage La Pinjarra WA 6208","Phone number":"(08) 9531 1618"},{"Postcode":"6208","Name":"L Watts","Address":"41 Country Rd Pinjarra WA 6208","Phone number":"(08) 9531 3203"},{"Postcode":"6003","Name":"M J Watts","Address":"352 Lord St Highgate WA 6003","Phone number":"(08) 9227 0426"},{"Postcode":"6163","Name":"B & J Watts","Address":"U 33/ 84 Collick St Hilton WA 6163","Phone number":"(08) 9467 1931"},{"Postcode":"6163","Name":"J Watts","Address":"2 Maritime Ave Kardinya WA 6163","Phone number":"(08) 9337 7296"},{"Postcode":"6121","Name":"M Watts","Address":"1653 A Thomas Rd Oakford WA 6121","Phone number":"(08) 9526 8649"},{"Postcode":"6208","Name":"C A Watts","Address":"James Eden Dr West Pinjarra WA 6208","Phone number":"(08) 9531 3326"},{"Postcode":"6208","Name":"D A Watts","Address":"5 Heritage La Pinjarra WA 6208","Phone number":"(08) 9531 1618"},{"Postcode":"6208","Name":"L Watts","Address":"41 Country Rd Pinjarra WA 6208","Phone number":"(08) 9531 3203"},{"Postcode":"6027","Name":"C M Watts","Address":"57 Windermere Cir Joondalup WA 6027","Phone number":"(08) 9301 0003"},{"Postcode":"6027","Name":"Mrs K Watts","Address":"41 Venturi Drv Ocean Reef WA 6027","Phone number":"(08) 9307 8547"},{"Postcode":"6121","Name":"M Watts","Address":"1653 A Thomas Rd Oakford WA 6121","Phone number":"(08) 9526 8649"},{"Postcode":"6025","Name":"Ms R Watts","Address":"29 Byrne Cl Padbury WA 6025","Phone number":"(08) 9307 8338"},{"Postcode":"6025","Name":"T Watts","Address":"100 Mullaloo Drv Kallaroo WA 6025","Phone number":"(08) 9401 4125"},{"Postcode":"6157","Name":"J C Watts","Address":"96 Solomon St Palmyra WA 6157","Phone number":"(08) 9319 8105"},{"Postcode":"6210","Name":"B Watts","Address":"3 Heron St Dudley Park WA 6210","Phone number":"(08) 9535 5505"},{"Postcode":"6210","Name":"B E Watts","Address":"9 Shashta Drv Greenfields WA 6210","Phone number":"(08) 9535 9084"},{"Postcode":"6210","Name":"D G & N Watts","Address":"5 Chennile Vsta Halls Head WA 6210","Phone number":"(08) 9586 3649"},{"Postcode":"6210","Name":"Glenn Thomas Watts","Address":"15 Gilmore St Madora Bay WA 6210","Phone number":"(08) 9584 9014"},{"Postcode":"6210","Name":"J R & P M Watts","Address":"39 Luckhurst Drv Mandurah WA 6210","Phone number":"(08) 9535 7712"},{"Postcode":"6210","Name":"L Watts","Address":"15 Fairfield Way Halls Head WA 6210","Phone number":"(04) 1893 0636"},{"Postcode":"6210","Name":"L Watts","Address":"123 Pebble Beach Blv Meadow Springs WA 6210","Phone number":"(08) 9581 8442"},{"Postcode":"6210","Name":"L A Watts","Address":"21 Chimneys Rtt Erskine WA 6210","Phone number":"(08) 9535 7540"},{"Postcode":"6210","Name":"Ms M Watts","Address":"Old Coast Rd Mandurah WA 6210","Phone number":"(08) 9739 1065"},{"Postcode":"6210","Name":"P Watts","Address":"39 Luckhurst Dr Mandurah WA 6210","Phone number":"(04) 2835 7954"},{"Postcode":"6210","Name":"R L Watts","Address":"22 Terry Crs Mandurah WA 6210","Phone number":"(08) 9582 8929"},{"Postcode":"6210","Name":"Mrs S Watts","Address":"13 Carnarvon Way Erskine WA 6210","Phone number":"(08) 9581 2119"},{"Postcode":"6210","Name":"S Watts","Address":"5 Laidley Way Greenfields WA 6210","Phone number":"(08) 9584 4642"},{"Postcode":"6210","Name":"T A Watts","Address":"149 Pebble Beach Blv Meadow Springs WA 6210","Phone number":"(08) 9583 3554"},{"Postcode":"6147","Name":"D C Watts","Address":"200 Nicholson Rd Langford WA 6147","Phone number":"(08) 9356 2632"},{"Postcode":"6076","Name":"C Watts","Address":"1 Valencia Rd Carmel WA 6076","Phone number":"(08) 9293 5830"},{"Postcode":"6076","Name":"H Watts","Address":"9 Brooks St Kalamunda WA 6076","Phone number":"(08) 9293 2454"},{"Postcode":"6076","Name":"Phil & Alaina Watts","Address":"15 Shasta Rd Lesmurdie WA 6076","Phone number":"(08) 9291 6777"},{"Postcode":"6076","Name":"R J & R C Watts","Address":"40 Chislehurst Rd Lesmurdie WA 6076","Phone number":"(08) 9291 7275"},{"Postcode":"6065","Name":"A J Watts","Address":"10 Adler St Ashby WA 6065","Phone number":"(08) 9404 8255"},{"Postcode":"6065","Name":"C T Watts","Address":"4 Chartwell Bnd Hocking WA 6065","Phone number":"(08) 9405 4495"},{"Postcode":"6065","Name":"E Watts","Address":"51 Appleby Drv Darch WA 6065","Phone number":"(08) 9302 2694"},{"Postcode":"6065","Name":"N E Watts","Address":"Un 610 55 Belgrade Rd Wanneroo WA 6065","Phone number":"(08) 9405 8226"},{"Postcode":"6065","Name":"R E Watts","Address":"19 Pilbeam Cct Landsdale WA 6065","Phone number":"(08) 9302 1580"},{"Postcode":"6230","Name":"B & A Watts","Address":"20 Kularda Rd Dalyellup WA 6230","Phone number":"(08) 9795 8882"},{"Postcode":"6230","Name":"C Watts","Address":"3A Nenke Way Glen Iris WA 6230","Phone number":"(08) 9725 4087"},{"Postcode":"6230","Name":"D J Watts","Address":"6 Troon Crt Pelican Point WA 6230","Phone number":"(08) 9725 2717"},{"Postcode":"6230","Name":"J Watts","Address":"34 B Floyd Crss Usher WA 6230","Phone number":"(08) 9795 4516"},{"Postcode":"6230","Name":"J & B Watts","Address":"50 Gelorup Rse Gelorup WA 6230","Phone number":"(08) 9795 9207"},{"Postcode":"6230","Name":"L J Watts","Address":"15 Durack St Dalyellup WA 6230","Phone number":"(08) 9795 6008"},{"Postcode":"6230","Name":"S C Watts","Address":"64 Chisholm Rd Dalyellup WA 6230","Phone number":"(08) 9795 4994"},{"Postcode":"6230","Name":"S D Watts","Address":"20 Rose St Bunbury WA 6230","Phone number":"(08) 9721 9719"},{"Postcode":"6168","Name":"H G Watts","Address":"16 Rotohine Pl Cooloongup WA 6168","Phone number":"(08) 9529 1107"},{"Postcode":"6168","Name":"J J Watts","Address":"5 Meadow Ct Cooloongup WA 6168","Phone number":"(08) 9527 7234"},{"Postcode":"6168","Name":"M Watts","Address":"18 Octans Crt Rockingham WA 6168","Phone number":"(08) 9592 4787"},{"Postcode":"6168","Name":"P L Watts","Address":"4 Carnegie Loop Cooloongup WA 6168","Phone number":"(08) 9529 4878"},{"Postcode":"6168","Name":"S Watts","Address":"9 Rydal Crt Cooloongup WA 6168","Phone number":"(08) 9527 3243"}]