[{"Postcode":"6064","Name":"A Francis","Address":"10 a Shelvock Cres Koondoola WA 6064","Phone number":"(04) 3339 1473"},{"Postcode":"6064","Name":"Mr A F Francis","Address":"10 Stoke Crt Girrawheen WA 6064","Phone number":"(08) 9342 4308"},{"Postcode":"6064","Name":"C Francis","Address":"82 Fenchurch St Alexander Heights WA 6064","Phone number":"(08) 9342 2628"},{"Postcode":"6064","Name":"D Francis","Address":"U 5 15 Yapton Turn Girrawheen WA 6064","Phone number":"(08) 9247 2732"},{"Postcode":"6064","Name":"G Francis","Address":"59 Gaby Way Marangaroo WA 6064","Phone number":"(04) 0823 5673"},{"Postcode":"6154","Name":"Colin Francis","Address":"51a North Lake Rd Myaree WA 6154","Phone number":"(08) 9330 7351"},{"Postcode":"6167","Name":"T Francis","Address":"106 Price Pkwy Bertram WA 6167","Phone number":"(08) 9439 4419"},{"Postcode":"6153","Name":"J Francis","Address":"4 Atkins Rd Applecross WA 6153","Phone number":"(08) 9364 5396"},{"Postcode":"6153","Name":"L Francis","Address":"15 The Esplanade Mt Pleasant WA 6153","Phone number":"(08) 9316 9339"},{"Postcode":"6153","Name":"J Francis","Address":"4 Atkins Rd Applecross WA 6153","Phone number":"(08) 9364 5396"},{"Postcode":"6153","Name":"L Francis","Address":"15 The Esplanade Mt Pleasant WA 6153","Phone number":"(08) 9316 9339"},{"Postcode":"6112","Name":"A Francis","Address":"23 Greenshank Rd Harrisdale WA 6112","Phone number":"(08) 9397 0292"},{"Postcode":"6112","Name":"C Francis","Address":"47 Hillhouse Way Piara Waters WA 6112","Phone number":"(08) 9397 2932"},{"Postcode":"6112","Name":"Mrs E Francis","Address":"32 Portsmouth Way Harrisdale WA 6112","Phone number":"(08) 9393 4047"},{"Postcode":"6112","Name":"H J Francis","Address":"114 Challis Rd Seville Grove WA 6112","Phone number":"(04) 1917 8040"},{"Postcode":"6112","Name":"R Francis","Address":"373 Railway Ave Armadale WA 6112","Phone number":"(08) 9399 4178"},{"Postcode":"6112","Name":"S Francis","Address":"100 Derry Ave Mt Nasura WA 6112","Phone number":"(08) 9399 1275"},{"Postcode":"6104","Name":"B Francis","Address":"Unit 14 10 Waterway Crs Ascot WA 6104","Phone number":"(08) 9478 3572"},{"Postcode":"6104","Name":"P Francis","Address":"5 Malua Crt Belmont WA 6104","Phone number":"(08) 9477 2290"},{"Postcode":"6065","Name":"A Francis","Address":"23 Higginsville Pde Pearsall WA 6065","Phone number":"(08) 9306 1103"},{"Postcode":"6065","Name":"C Francis","Address":"6 Ficarra Way Sinagra WA 6065","Phone number":"(08) 9404 6695"},{"Postcode":"6065","Name":"D R & P J Francis","Address":"19 Baron Loop Madeley WA 6065","Phone number":"(08) 9302 4779"},{"Postcode":"6065","Name":"N Francis","Address":"26 Cantrell Cct Landsdale WA 6065","Phone number":"(08) 9302 5536"},{"Postcode":"6054","Name":"J Francis","Address":"28 Fifth Ave Bassendean WA 6054","Phone number":"(08) 9279 9371"},{"Postcode":"6054","Name":"J Francis","Address":"215 Lord St Lockridge WA 6054","Phone number":"(08) 9279 9080"},{"Postcode":"6156","Name":"R K Francis","Address":"12 Woodhams St Willagee WA 6156","Phone number":"(08) 9337 3664"},{"Postcode":"6164","Name":"F Francis","Address":"6 Moondarra Crcle South Lake WA 6164","Phone number":"(08) 9417 3649"},{"Postcode":"6164","Name":"L S Francis","Address":"12 Quong Pl Atwell WA 6164","Phone number":"(08) 9498 5935"},{"Postcode":"6164","Name":"V Francis","Address":"3 Panton Drv Success WA 6164","Phone number":"(08) 9414 5289"},{"Postcode":"6164","Name":"W Francis","Address":"4 Twig St Hammond Park WA 6164","Phone number":"(08) 9499 3352"},{"Postcode":"6164","Name":"F Francis","Address":"6 Moondarra Crcle South Lake WA 6164","Phone number":"(08) 9417 3649"},{"Postcode":"6164","Name":"L S Francis","Address":"12 Quong Pl Atwell WA 6164","Phone number":"(08) 9498 5935"},{"Postcode":"6164","Name":"V Francis","Address":"3 Panton Drv Success WA 6164","Phone number":"(08) 9414 5289"},{"Postcode":"6164","Name":"W Francis","Address":"4 Twig St Hammond Park WA 6164","Phone number":"(08) 9499 3352"},{"Postcode":"6171","Name":"A L Francis","Address":"16 Wibberley Loop Baldivis WA 6171","Phone number":"(08) 9524 2524"},{"Postcode":"6171","Name":"J Francis","Address":"131 Aldersyde Mndr Baldivis WA 6171","Phone number":"(04) 1127 4663"},{"Postcode":"6171","Name":"S Francis","Address":"5 Cleland Crs Baldivis WA 6171","Phone number":"(08) 9523 8215"},{"Postcode":"6061","Name":"Ms A Francis","Address":"18 Coniston Way Balga WA 6061","Phone number":"(08) 9342 4865"},{"Postcode":"6061","Name":"R J Francis","Address":"Un 4 41 Wythburn Ave Balga WA 6061","Phone number":"(08) 9349 8707"},{"Postcode":"6066","Name":"D R & L R Francis","Address":"331 Summerlakes Pde Ballajura WA 6066","Phone number":"(08) 9249 2653"},{"Postcode":"6164","Name":"F Francis","Address":"6 Moondarra Crcle South Lake WA 6164","Phone number":"(08) 9417 3649"},{"Postcode":"6164","Name":"L S Francis","Address":"12 Quong Pl Atwell WA 6164","Phone number":"(08) 9498 5935"},{"Postcode":"6164","Name":"V Francis","Address":"3 Panton Drv Success WA 6164","Phone number":"(08) 9414 5289"},{"Postcode":"6164","Name":"W Francis","Address":"4 Twig St Hammond Park WA 6164","Phone number":"(08) 9499 3352"},{"Postcode":"6210","Name":"A S Francis","Address":"17 Wisteria La Greenfields WA 6210","Phone number":"(08) 9534 8854"},{"Postcode":"6210","Name":"F Francis","Address":"73 Coolibah Ave Dudley Park WA 6210","Phone number":"(08) 9586 8699"},{"Postcode":"6210","Name":"G Francis","Address":"2 Westview Pde Wannanup WA 6210","Phone number":"(08) 9534 6090"},{"Postcode":"6210","Name":"H Francis","Address":"2 Lomandra Pl Wannanup WA 6210","Phone number":"(08) 9534 6390"},{"Postcode":"6210","Name":"K Francis","Address":"7 Koolyanga Pl Greenfields WA 6210","Phone number":"(08) 9535 9396"},{"Postcode":"6210","Name":"N & M Francis","Address":"48 Perseus Rd Silver Sands WA 6210","Phone number":"(08) 9535 8057"},{"Postcode":"6210","Name":"O M Francis","Address":"Un 9 118 Mandurah Tce Mandurah WA 6210","Phone number":"(08) 9581 2737"},{"Postcode":"6210","Name":"R & E Francis","Address":"228/ 41 Portrush Pde Meadow Springs WA 6210","Phone number":"(08) 9582 5228"},{"Postcode":"6210","Name":"S Francis","Address":"68 Carissa Turn Halls Head WA 6210","Phone number":"(08) 9586 2948"},{"Postcode":"6210","Name":"T & J F Francis","Address":"65 Amazon Drv Greenfields WA 6210","Phone number":"(08) 9581 1849"},{"Postcode":"6056","Name":"A J A Francis","Address":"5 Davis Rd Helena Valley WA 6056","Phone number":"(04) 0809 5540"},{"Postcode":"6056","Name":"Darrel Francis","Address":"64 Victoria Pde Midvale WA 6056","Phone number":"(02) 6239 4650"},{"Postcode":"6056","Name":"E Francis","Address":"Un 3 10 Mathoura St Midland WA 6056","Phone number":"(08) 9250 7551"},{"Postcode":"6054","Name":"J Francis","Address":"28 Fifth Ave Bassendean WA 6054","Phone number":"(08) 9279 9371"},{"Postcode":"6054","Name":"J Francis","Address":"215 Lord St Lockridge WA 6054","Phone number":"(08) 9279 9080"},{"Postcode":"6150","Name":"D M Francis","Address":"10 Yeldon Tor Winthrop WA 6150","Phone number":"(08) 9312 6062"},{"Postcode":"6150","Name":"G R J & J M Francis","Address":"8 Wray Cl Bateman WA 6150","Phone number":"(08) 9332 4664"},{"Postcode":"6150","Name":"S Francis","Address":"22 Marsengo Rd Bateman WA 6150","Phone number":"(08) 9332 1002"},{"Postcode":"6162","Name":"K J Francis","Address":"Un 13 330 South Tce South Fremantle WA 6162","Phone number":"(08) 9433 2093"},{"Postcode":"6107","Name":"A Francis","Address":"6 Yallup Pl Cannington WA 6107","Phone number":"(08) 9356 2339"},{"Postcode":"6112","Name":"A Francis","Address":"23 Greenshank Rd Harrisdale WA 6112","Phone number":"(08) 9397 0292"},{"Postcode":"6112","Name":"C Francis","Address":"47 Hillhouse Way Piara Waters WA 6112","Phone number":"(08) 9397 2932"},{"Postcode":"6112","Name":"Mrs E Francis","Address":"32 Portsmouth Way Harrisdale WA 6112","Phone number":"(08) 9393 4047"},{"Postcode":"6112","Name":"H J Francis","Address":"114 Challis Rd Seville Grove WA 6112","Phone number":"(04) 1917 8040"},{"Postcode":"6112","Name":"R Francis","Address":"373 Railway Ave Armadale WA 6112","Phone number":"(08) 9399 4178"},{"Postcode":"6112","Name":"S Francis","Address":"100 Derry Ave Mt Nasura WA 6112","Phone number":"(08) 9399 1275"},{"Postcode":"6063","Name":"F Francis","Address":"25 Brockmill Av Beechboro WA 6063","Phone number":"(08) 6161 4428"},{"Postcode":"6063","Name":"J Francis","Address":"4 Freshwater Prom Beechboro WA 6063","Phone number":"(04) 1372 7114"},{"Postcode":"6063","Name":"J Francis","Address":"4 Freshwater Prm Bennett Springs WA 6063","Phone number":"(08) 9378 6526"},{"Postcode":"6063","Name":"R Francis","Address":"3 Shannon Crt Beechboro WA 6063","Phone number":"(08) 9377 7077"},{"Postcode":"6164","Name":"F Francis","Address":"6 Moondarra Crcle South Lake WA 6164","Phone number":"(08) 9417 3649"},{"Postcode":"6164","Name":"L S Francis","Address":"12 Quong Pl Atwell WA 6164","Phone number":"(08) 9498 5935"},{"Postcode":"6164","Name":"V Francis","Address":"3 Panton Drv Success WA 6164","Phone number":"(08) 9414 5289"},{"Postcode":"6164","Name":"W Francis","Address":"4 Twig St Hammond Park WA 6164","Phone number":"(08) 9499 3352"},{"Postcode":"6027","Name":"L Francis","Address":"26 Bankfield Ret Ocean Reef WA 6027","Phone number":"(08) 9300 6990"},{"Postcode":"6027","Name":"L G Francis","Address":"20 Johnson Crs Mullaloo WA 6027","Phone number":"(08) 9401 8534"},{"Postcode":"6027","Name":"Mr T L Francis","Address":"16 Emerald Way Edgewater WA 6027","Phone number":"(08) 9405 3947"},{"Postcode":"6027","Name":"W G & J R Francis","Address":"22 King Edward Drv Heathridge WA 6027","Phone number":"(08) 9307 4352"},{"Postcode":"6069","Name":"D J Francis","Address":"37 Rollinghills Dr Brigadoon WA 6069","Phone number":"(08) 9296 6728"},{"Postcode":"6069","Name":"M Francis","Address":"28 Evesham Dr Ellenbrook WA 6069","Phone number":"(04) 0782 4721"},{"Postcode":"6069","Name":"N & C Francis","Address":"15 Adlington Way Ellenbrook WA 6069","Phone number":"(08) 9296 9234"},{"Postcode":"6069","Name":"Miss S Francis","Address":"107 Marden Grnge Aveley WA 6069","Phone number":"(08) 6296 2889"},{"Postcode":"6069","Name":"Mrs S Francis","Address":"61 Pavilion Cir The Vines WA 6069","Phone number":"(08) 9296 8139"},{"Postcode":"6056","Name":"A J A Francis","Address":"5 Davis Rd Helena Valley WA 6056","Phone number":"(04) 0809 5540"},{"Postcode":"6056","Name":"Darrel Francis","Address":"64 Victoria Pde Midvale WA 6056","Phone number":"(02) 6239 4650"},{"Postcode":"6056","Name":"E Francis","Address":"Un 3 10 Mathoura St Midland WA 6056","Phone number":"(08) 9250 7551"},{"Postcode":"6104","Name":"B Francis","Address":"Unit 14 10 Waterway Crs Ascot WA 6104","Phone number":"(08) 9478 3572"},{"Postcode":"6104","Name":"P Francis","Address":"5 Malua Crt Belmont WA 6104","Phone number":"(08) 9477 2290"},{"Postcode":"6167","Name":"T Francis","Address":"106 Price Pkwy Bertram WA 6167","Phone number":"(08) 9439 4419"},{"Postcode":"6163","Name":"K Francis","Address":"Un 4 37 Waverley Rd Coolbellup WA 6163","Phone number":"(08) 9337 3654"},{"Postcode":"6163","Name":"P Francis","Address":"31A Garden Rd Spearwood WA 6163","Phone number":"(08) 9418 8335"},{"Postcode":"6163","Name":"S Francis","Address":"Un 12 6 Brunswick St North Coogee WA 6163","Phone number":"(08) 9395 7273"},{"Postcode":"6163","Name":"Z Francis","Address":"6 Davon St Hamilton Hill WA 6163","Phone number":"(08) 9337 5364"},{"Postcode":"6208","Name":"M Francis","Address":"11 Holloway Turn Ravenswood WA 6208","Phone number":"(08) 9537 9558"},{"Postcode":"6154","Name":"Colin Francis","Address":"51a North Lake Rd Myaree WA 6154","Phone number":"(08) 9330 7351"},{"Postcode":"6210","Name":"A S Francis","Address":"17 Wisteria La Greenfields WA 6210","Phone number":"(08) 9534 8854"},{"Postcode":"6210","Name":"F Francis","Address":"73 Coolibah Ave Dudley Park WA 6210","Phone number":"(08) 9586 8699"},{"Postcode":"6210","Name":"G Francis","Address":"2 Westview Pde Wannanup WA 6210","Phone number":"(08) 9534 6090"},{"Postcode":"6210","Name":"H Francis","Address":"2 Lomandra Pl Wannanup WA 6210","Phone number":"(08) 9534 6390"},{"Postcode":"6210","Name":"K Francis","Address":"7 Koolyanga Pl Greenfields WA 6210","Phone number":"(08) 9535 9396"},{"Postcode":"6210","Name":"N & M Francis","Address":"48 Perseus Rd Silver Sands WA 6210","Phone number":"(08) 9535 8057"},{"Postcode":"6210","Name":"O M Francis","Address":"Un 9 118 Mandurah Tce Mandurah WA 6210","Phone number":"(08) 9581 2737"},{"Postcode":"6210","Name":"R & E Francis","Address":"228/ 41 Portrush Pde Meadow Springs WA 6210","Phone number":"(08) 9582 5228"},{"Postcode":"6210","Name":"S Francis","Address":"68 Carissa Turn Halls Head WA 6210","Phone number":"(08) 9586 2948"},{"Postcode":"6210","Name":"T & J F Francis","Address":"65 Amazon Drv Greenfields WA 6210","Phone number":"(08) 9581 1849"},{"Postcode":"6056","Name":"A J A Francis","Address":"5 Davis Rd Helena Valley WA 6056","Phone number":"(04) 0809 5540"},{"Postcode":"6056","Name":"Darrel Francis","Address":"64 Victoria Pde Midvale WA 6056","Phone number":"(02) 6239 4650"},{"Postcode":"6056","Name":"E Francis","Address":"Un 3 10 Mathoura St Midland WA 6056","Phone number":"(08) 9250 7551"},{"Postcode":"6153","Name":"J Francis","Address":"4 Atkins Rd Applecross WA 6153","Phone number":"(08) 9364 5396"},{"Postcode":"6153","Name":"L Francis","Address":"15 The Esplanade Mt Pleasant WA 6153","Phone number":"(08) 9316 9339"},{"Postcode":"6069","Name":"D J Francis","Address":"37 Rollinghills Dr Brigadoon WA 6069","Phone number":"(08) 9296 6728"},{"Postcode":"6069","Name":"M Francis","Address":"28 Evesham Dr Ellenbrook WA 6069","Phone number":"(04) 0782 4721"},{"Postcode":"6069","Name":"N & C Francis","Address":"15 Adlington Way Ellenbrook WA 6069","Phone number":"(08) 9296 9234"},{"Postcode":"6069","Name":"Miss S Francis","Address":"107 Marden Grnge Aveley WA 6069","Phone number":"(08) 6296 2889"},{"Postcode":"6069","Name":"Mrs S Francis","Address":"61 Pavilion Cir The Vines WA 6069","Phone number":"(08) 9296 8139"},{"Postcode":"6009","Name":"J Francis-Hayes","Address":"108 Smyth Rd Nedlands WA 6009","Phone number":"(08) 9389 5091"},{"Postcode":"6112","Name":"A Francis","Address":"23 Greenshank Rd Harrisdale WA 6112","Phone number":"(08) 9397 0292"},{"Postcode":"6112","Name":"C Francis","Address":"47 Hillhouse Way Piara Waters WA 6112","Phone number":"(08) 9397 2932"},{"Postcode":"6112","Name":"Mrs E Francis","Address":"32 Portsmouth Way Harrisdale WA 6112","Phone number":"(08) 9393 4047"},{"Postcode":"6112","Name":"H J Francis","Address":"114 Challis Rd Seville Grove WA 6112","Phone number":"(04) 1917 8040"},{"Postcode":"6112","Name":"R Francis","Address":"373 Railway Ave Armadale WA 6112","Phone number":"(08) 9399 4178"},{"Postcode":"6112","Name":"S Francis","Address":"100 Derry Ave Mt Nasura WA 6112","Phone number":"(08) 9399 1275"},{"Postcode":"6149","Name":"R Francis","Address":"66 Farrington Rd Leeming WA 6149","Phone number":"(08) 9332 9322"},{"Postcode":"6230","Name":"A O A Francis","Address":"33 Queensbury St South Bunbury WA 6230","Phone number":"(08) 9721 4641"},{"Postcode":"6230","Name":"J Francis","Address":"68B Thomas St East Bunbury WA 6230","Phone number":"(08) 9791 5277"},{"Postcode":"6230","Name":"R J Francis","Address":"10 Dunstan St South Bunbury WA 6230","Phone number":"(08) 9721 6553"},{"Postcode":"6230","Name":"S Francis","Address":"21 Columba St South Bunbury WA 6230","Phone number":"(04) 0732 6051"},{"Postcode":"6230","Name":"S L Francis","Address":"21 Columba St South Bunbury WA 6230","Phone number":"(08) 9721 1598"},{"Postcode":"6028","Name":"B Francis","Address":"5 Fortuna Vw Iluka WA 6028","Phone number":"(08) 9305 3630"},{"Postcode":"6028","Name":"Mr D Francis","Address":"16 Bengello Pl Burns Beach WA 6028","Phone number":"(08) 9305 5775"},{"Postcode":"6028","Name":"T Francis","Address":"5 Fortuna Vw Iluka WA 6028","Phone number":"(08) 9305 4416"},{"Postcode":"6122","Name":"W Francis","Address":"44 Bruns Dr Darling Downs WA 6122","Phone number":"(08) 9497 7434"},{"Postcode":"6167","Name":"T Francis","Address":"106 Price Pkwy Bertram WA 6167","Phone number":"(08) 9439 4419"},{"Postcode":"6153","Name":"J Francis","Address":"4 Atkins Rd Applecross WA 6153","Phone number":"(08) 9364 5396"},{"Postcode":"6153","Name":"L Francis","Address":"15 The Esplanade Mt Pleasant WA 6153","Phone number":"(08) 9316 9339"},{"Postcode":"6111","Name":"T J Francis","Address":"41 Grasmere Way Kelmscott WA 6111","Phone number":"(08) 9390 6321"},{"Postcode":"6155","Name":"B H Francis","Address":"Un 62 7 Clere Pass Canning Vale WA 6155","Phone number":"(08) 9455 2510"},{"Postcode":"6155","Name":"D Francis","Address":"U 2 105 Gateway Blv Canning Vale WA 6155","Phone number":"(08) 9455 2102"},{"Postcode":"6155","Name":"D Francis","Address":"12 Ghost Gum Rd Willetton WA 6155","Phone number":"(08) 6336 7900"},{"Postcode":"6155","Name":"U Francis","Address":"15 Frampton Cres Canning Vale WA 6155","Phone number":"(08) 9456 4764"},{"Postcode":"6155","Name":"B H Francis","Address":"Un 62 7 Clere Pass Canning Vale WA 6155","Phone number":"(08) 9455 2510"},{"Postcode":"6155","Name":"D Francis","Address":"U 2 105 Gateway Blv Canning Vale WA 6155","Phone number":"(08) 9455 2102"},{"Postcode":"6155","Name":"D Francis","Address":"12 Ghost Gum Rd Willetton WA 6155","Phone number":"(08) 6336 7900"},{"Postcode":"6155","Name":"U Francis","Address":"15 Frampton Cres Canning Vale WA 6155","Phone number":"(08) 9456 4764"},{"Postcode":"6107","Name":"A Francis","Address":"6 Yallup Pl Cannington WA 6107","Phone number":"(08) 9356 2339"},{"Postcode":"6122","Name":"W Francis","Address":"44 Bruns Dr Darling Downs WA 6122","Phone number":"(08) 9497 7434"},{"Postcode":"6230","Name":"A O A Francis","Address":"33 Queensbury St South Bunbury WA 6230","Phone number":"(08) 9721 4641"},{"Postcode":"6230","Name":"J Francis","Address":"68B Thomas St East Bunbury WA 6230","Phone number":"(08) 9791 5277"},{"Postcode":"6230","Name":"R J Francis","Address":"10 Dunstan St South Bunbury WA 6230","Phone number":"(08) 9721 6553"},{"Postcode":"6230","Name":"S Francis","Address":"21 Columba St South Bunbury WA 6230","Phone number":"(04) 0732 6051"},{"Postcode":"6230","Name":"S L Francis","Address":"21 Columba St South Bunbury WA 6230","Phone number":"(08) 9721 1598"},{"Postcode":"6167","Name":"T Francis","Address":"106 Price Pkwy Bertram WA 6167","Phone number":"(08) 9439 4419"},{"Postcode":"6111","Name":"T J Francis","Address":"41 Grasmere Way Kelmscott WA 6111","Phone number":"(08) 9390 6321"},{"Postcode":"6018","Name":"Z Francis","Address":"219B Herbert St Doubleview WA 6018","Phone number":"(08) 9242 7387"},{"Postcode":"6030","Name":"S A Francis","Address":"95 Seagrove Blv Merriwa WA 6030","Phone number":"(08) 9304 6241"},{"Postcode":"6210","Name":"A S Francis","Address":"17 Wisteria La Greenfields WA 6210","Phone number":"(08) 9534 8854"},{"Postcode":"6210","Name":"F Francis","Address":"73 Coolibah Ave Dudley Park WA 6210","Phone number":"(08) 9586 8699"},{"Postcode":"6210","Name":"G Francis","Address":"2 Westview Pde Wannanup WA 6210","Phone number":"(08) 9534 6090"},{"Postcode":"6210","Name":"H Francis","Address":"2 Lomandra Pl Wannanup WA 6210","Phone number":"(08) 9534 6390"},{"Postcode":"6210","Name":"K Francis","Address":"7 Koolyanga Pl Greenfields WA 6210","Phone number":"(08) 9535 9396"},{"Postcode":"6210","Name":"N & M Francis","Address":"48 Perseus Rd Silver Sands WA 6210","Phone number":"(08) 9535 8057"},{"Postcode":"6210","Name":"O M Francis","Address":"Un 9 118 Mandurah Tce Mandurah WA 6210","Phone number":"(08) 9581 2737"},{"Postcode":"6210","Name":"R & E Francis","Address":"228/ 41 Portrush Pde Meadow Springs WA 6210","Phone number":"(08) 9582 5228"},{"Postcode":"6210","Name":"S Francis","Address":"68 Carissa Turn Halls Head WA 6210","Phone number":"(08) 9586 2948"},{"Postcode":"6210","Name":"T & J F Francis","Address":"65 Amazon Drv Greenfields WA 6210","Phone number":"(08) 9581 1849"},{"Postcode":"6105","Name":"J L Francis","Address":"Un 1 132 Gabriel St Cloverdale WA 6105","Phone number":"(08) 9277 6770"},{"Postcode":"6230","Name":"A O A Francis","Address":"33 Queensbury St South Bunbury WA 6230","Phone number":"(08) 9721 4641"},{"Postcode":"6230","Name":"J Francis","Address":"68B Thomas St East Bunbury WA 6230","Phone number":"(08) 9791 5277"},{"Postcode":"6230","Name":"R J Francis","Address":"10 Dunstan St South Bunbury WA 6230","Phone number":"(08) 9721 6553"},{"Postcode":"6230","Name":"S Francis","Address":"21 Columba St South Bunbury WA 6230","Phone number":"(04) 0732 6051"},{"Postcode":"6230","Name":"S L Francis","Address":"21 Columba St South Bunbury WA 6230","Phone number":"(08) 9721 1598"},{"Postcode":"6152","Name":"Mr B Francis","Address":"28 Bland St Como WA 6152","Phone number":"(08) 9368 6128"},{"Postcode":"6027","Name":"L Francis","Address":"26 Bankfield Ret Ocean Reef WA 6027","Phone number":"(08) 9300 6990"},{"Postcode":"6027","Name":"L G Francis","Address":"20 Johnson Crs Mullaloo WA 6027","Phone number":"(08) 9401 8534"},{"Postcode":"6027","Name":"Mr T L Francis","Address":"16 Emerald Way Edgewater WA 6027","Phone number":"(08) 9405 3947"},{"Postcode":"6027","Name":"W G & J R Francis","Address":"22 King Edward Drv Heathridge WA 6027","Phone number":"(08) 9307 4352"},{"Postcode":"6210","Name":"A S Francis","Address":"17 Wisteria La Greenfields WA 6210","Phone number":"(08) 9534 8854"},{"Postcode":"6210","Name":"F Francis","Address":"73 Coolibah Ave Dudley Park WA 6210","Phone number":"(08) 9586 8699"},{"Postcode":"6210","Name":"G Francis","Address":"2 Westview Pde Wannanup WA 6210","Phone number":"(08) 9534 6090"},{"Postcode":"6210","Name":"H Francis","Address":"2 Lomandra Pl Wannanup WA 6210","Phone number":"(08) 9534 6390"},{"Postcode":"6210","Name":"K Francis","Address":"7 Koolyanga Pl Greenfields WA 6210","Phone number":"(08) 9535 9396"},{"Postcode":"6210","Name":"N & M Francis","Address":"48 Perseus Rd Silver Sands WA 6210","Phone number":"(08) 9535 8057"},{"Postcode":"6210","Name":"O M Francis","Address":"Un 9 118 Mandurah Tce Mandurah WA 6210","Phone number":"(08) 9581 2737"},{"Postcode":"6210","Name":"R & E Francis","Address":"228/ 41 Portrush Pde Meadow Springs WA 6210","Phone number":"(08) 9582 5228"},{"Postcode":"6210","Name":"S Francis","Address":"68 Carissa Turn Halls Head WA 6210","Phone number":"(08) 9586 2948"},{"Postcode":"6210","Name":"T & J F Francis","Address":"65 Amazon Drv Greenfields WA 6210","Phone number":"(08) 9581 1849"},{"Postcode":"6163","Name":"K Francis","Address":"Un 4 37 Waverley Rd Coolbellup WA 6163","Phone number":"(08) 9337 3654"},{"Postcode":"6163","Name":"P Francis","Address":"31A Garden Rd Spearwood WA 6163","Phone number":"(08) 9418 8335"},{"Postcode":"6163","Name":"S Francis","Address":"Un 12 6 Brunswick St North Coogee WA 6163","Phone number":"(08) 9395 7273"},{"Postcode":"6163","Name":"Z Francis","Address":"6 Davon St Hamilton Hill WA 6163","Phone number":"(08) 9337 5364"},{"Postcode":"6168","Name":"J Francis","Address":"Un 18 8 Merope Cl Rockingham WA 6168","Phone number":"(08) 9528 1818"},{"Postcode":"6168","Name":"R Francis","Address":"4 Rakoa Pl Cooloongup WA 6168","Phone number":"(08) 9529 3112"},{"Postcode":"6009","Name":"J Francis-Hayes","Address":"108 Smyth Rd Nedlands WA 6009","Phone number":"(08) 9389 5091"},{"Postcode":"6028","Name":"B Francis","Address":"5 Fortuna Vw Iluka WA 6028","Phone number":"(08) 9305 3630"},{"Postcode":"6028","Name":"Mr D Francis","Address":"16 Bengello Pl Burns Beach WA 6028","Phone number":"(08) 9305 5775"},{"Postcode":"6028","Name":"T Francis","Address":"5 Fortuna Vw Iluka WA 6028","Phone number":"(08) 9305 4416"},{"Postcode":"6009","Name":"J Francis-Hayes","Address":"108 Smyth Rd Nedlands WA 6009","Phone number":"(08) 9389 5091"},{"Postcode":"6230","Name":"A O A Francis","Address":"33 Queensbury St South Bunbury WA 6230","Phone number":"(08) 9721 4641"},{"Postcode":"6230","Name":"J Francis","Address":"68B Thomas St East Bunbury WA 6230","Phone number":"(08) 9791 5277"},{"Postcode":"6230","Name":"R J Francis","Address":"10 Dunstan St South Bunbury WA 6230","Phone number":"(08) 9721 6553"},{"Postcode":"6230","Name":"S Francis","Address":"21 Columba St South Bunbury WA 6230","Phone number":"(04) 0732 6051"},{"Postcode":"6230","Name":"S L Francis","Address":"21 Columba St South Bunbury WA 6230","Phone number":"(08) 9721 1598"},{"Postcode":"6065","Name":"A Francis","Address":"23 Higginsville Pde Pearsall WA 6065","Phone number":"(08) 9306 1103"},{"Postcode":"6065","Name":"C Francis","Address":"6 Ficarra Way Sinagra WA 6065","Phone number":"(08) 9404 6695"},{"Postcode":"6065","Name":"D R & P J Francis","Address":"19 Baron Loop Madeley WA 6065","Phone number":"(08) 9302 4779"},{"Postcode":"6065","Name":"N Francis","Address":"26 Cantrell Cct Landsdale WA 6065","Phone number":"(08) 9302 5536"},{"Postcode":"6122","Name":"W Francis","Address":"44 Bruns Dr Darling Downs WA 6122","Phone number":"(08) 9497 7434"},{"Postcode":"6070","Name":"D Francis","Address":"14 Carstairs Rd Darlington WA 6070","Phone number":"(08) 9299 8286"},{"Postcode":"6230","Name":"A O A Francis","Address":"33 Queensbury St South Bunbury WA 6230","Phone number":"(08) 9721 4641"},{"Postcode":"6230","Name":"J Francis","Address":"68B Thomas St East Bunbury WA 6230","Phone number":"(08) 9791 5277"},{"Postcode":"6230","Name":"R J Francis","Address":"10 Dunstan St South Bunbury WA 6230","Phone number":"(08) 9721 6553"},{"Postcode":"6230","Name":"S Francis","Address":"21 Columba St South Bunbury WA 6230","Phone number":"(04) 0732 6051"},{"Postcode":"6230","Name":"S L Francis","Address":"21 Columba St South Bunbury WA 6230","Phone number":"(08) 9721 1598"},{"Postcode":"6210","Name":"A S Francis","Address":"17 Wisteria La Greenfields WA 6210","Phone number":"(08) 9534 8854"},{"Postcode":"6210","Name":"F Francis","Address":"73 Coolibah Ave Dudley Park WA 6210","Phone number":"(08) 9586 8699"},{"Postcode":"6210","Name":"G Francis","Address":"2 Westview Pde Wannanup WA 6210","Phone number":"(08) 9534 6090"},{"Postcode":"6210","Name":"H Francis","Address":"2 Lomandra Pl Wannanup WA 6210","Phone number":"(08) 9534 6390"},{"Postcode":"6210","Name":"K Francis","Address":"7 Koolyanga Pl Greenfields WA 6210","Phone number":"(08) 9535 9396"},{"Postcode":"6210","Name":"N & M Francis","Address":"48 Perseus Rd Silver Sands WA 6210","Phone number":"(08) 9535 8057"},{"Postcode":"6210","Name":"O M Francis","Address":"Un 9 118 Mandurah Tce Mandurah WA 6210","Phone number":"(08) 9581 2737"},{"Postcode":"6210","Name":"R & E Francis","Address":"228/ 41 Portrush Pde Meadow Springs WA 6210","Phone number":"(08) 9582 5228"},{"Postcode":"6210","Name":"S Francis","Address":"68 Carissa Turn Halls Head WA 6210","Phone number":"(08) 9586 2948"},{"Postcode":"6210","Name":"T & J F Francis","Address":"65 Amazon Drv Greenfields WA 6210","Phone number":"(08) 9581 1849"},{"Postcode":"6059","Name":"R Francis","Address":"4B Salar Pl Dianella WA 6059","Phone number":"(08) 9376 1191"},{"Postcode":"6018","Name":"Z Francis","Address":"219B Herbert St Doubleview WA 6018","Phone number":"(08) 9242 7387"},{"Postcode":"6210","Name":"A S Francis","Address":"17 Wisteria La Greenfields WA 6210","Phone number":"(08) 9534 8854"},{"Postcode":"6210","Name":"F Francis","Address":"73 Coolibah Ave Dudley Park WA 6210","Phone number":"(08) 9586 8699"},{"Postcode":"6210","Name":"G Francis","Address":"2 Westview Pde Wannanup WA 6210","Phone number":"(08) 9534 6090"},{"Postcode":"6210","Name":"H Francis","Address":"2 Lomandra Pl Wannanup WA 6210","Phone number":"(08) 9534 6390"},{"Postcode":"6210","Name":"K Francis","Address":"7 Koolyanga Pl Greenfields WA 6210","Phone number":"(08) 9535 9396"},{"Postcode":"6210","Name":"N & M Francis","Address":"48 Perseus Rd Silver Sands WA 6210","Phone number":"(08) 9535 8057"},{"Postcode":"6210","Name":"O M Francis","Address":"Un 9 118 Mandurah Tce Mandurah WA 6210","Phone number":"(08) 9581 2737"},{"Postcode":"6210","Name":"R & E Francis","Address":"228/ 41 Portrush Pde Meadow Springs WA 6210","Phone number":"(08) 9582 5228"},{"Postcode":"6210","Name":"S Francis","Address":"68 Carissa Turn Halls Head WA 6210","Phone number":"(08) 9586 2948"},{"Postcode":"6210","Name":"T & J F Francis","Address":"65 Amazon Drv Greenfields WA 6210","Phone number":"(08) 9581 1849"},{"Postcode":"6230","Name":"A O A Francis","Address":"33 Queensbury St South Bunbury WA 6230","Phone number":"(08) 9721 4641"},{"Postcode":"6230","Name":"J Francis","Address":"68B Thomas St East Bunbury WA 6230","Phone number":"(08) 9791 5277"},{"Postcode":"6230","Name":"R J Francis","Address":"10 Dunstan St South Bunbury WA 6230","Phone number":"(08) 9721 6553"},{"Postcode":"6230","Name":"S Francis","Address":"21 Columba St South Bunbury WA 6230","Phone number":"(04) 0732 6051"},{"Postcode":"6230","Name":"S L Francis","Address":"21 Columba St South Bunbury WA 6230","Phone number":"(08) 9721 1598"},{"Postcode":"6158","Name":"R C Francis","Address":"39 Oakover St East Fremantle WA 6158","Phone number":"(08) 9339 6137"},{"Postcode":"6168","Name":"J Francis","Address":"Un 18 8 Merope Cl Rockingham WA 6168","Phone number":"(08) 9528 1818"},{"Postcode":"6168","Name":"R Francis","Address":"4 Rakoa Pl Cooloongup WA 6168","Phone number":"(08) 9529 3112"},{"Postcode":"6232","Name":"B Francis","Address":"3 Calder Ct Millbridge WA 6232","Phone number":"(08) 9725 0714"},{"Postcode":"6232","Name":"L K Francis","Address":"6 Hale St Eaton WA 6232","Phone number":"(08) 9725 1237"},{"Postcode":"6054","Name":"J Francis","Address":"28 Fifth Ave Bassendean WA 6054","Phone number":"(08) 9279 9371"},{"Postcode":"6054","Name":"J Francis","Address":"215 Lord St Lockridge WA 6054","Phone number":"(08) 9279 9080"},{"Postcode":"6027","Name":"L Francis","Address":"26 Bankfield Ret Ocean Reef WA 6027","Phone number":"(08) 9300 6990"},{"Postcode":"6027","Name":"L G Francis","Address":"20 Johnson Crs Mullaloo WA 6027","Phone number":"(08) 9401 8534"},{"Postcode":"6027","Name":"Mr T L Francis","Address":"16 Emerald Way Edgewater WA 6027","Phone number":"(08) 9405 3947"},{"Postcode":"6027","Name":"W G & J R Francis","Address":"22 King Edward Drv Heathridge WA 6027","Phone number":"(08) 9307 4352"},{"Postcode":"6069","Name":"D J Francis","Address":"37 Rollinghills Dr Brigadoon WA 6069","Phone number":"(08) 9296 6728"},{"Postcode":"6069","Name":"M Francis","Address":"28 Evesham Dr Ellenbrook WA 6069","Phone number":"(04) 0782 4721"},{"Postcode":"6069","Name":"N & C Francis","Address":"15 Adlington Way Ellenbrook WA 6069","Phone number":"(08) 9296 9234"},{"Postcode":"6069","Name":"Miss S Francis","Address":"107 Marden Grnge Aveley WA 6069","Phone number":"(08) 6296 2889"},{"Postcode":"6069","Name":"Mrs S Francis","Address":"61 Pavilion Cir The Vines WA 6069","Phone number":"(08) 9296 8139"},{"Postcode":"6069","Name":"D J Francis","Address":"37 Rollinghills Dr Brigadoon WA 6069","Phone number":"(08) 9296 6728"},{"Postcode":"6069","Name":"M Francis","Address":"28 Evesham Dr Ellenbrook WA 6069","Phone number":"(04) 0782 4721"},{"Postcode":"6069","Name":"N & C Francis","Address":"15 Adlington Way Ellenbrook WA 6069","Phone number":"(08) 9296 9234"},{"Postcode":"6069","Name":"Miss S Francis","Address":"107 Marden Grnge Aveley WA 6069","Phone number":"(08) 6296 2889"},{"Postcode":"6069","Name":"Mrs S Francis","Address":"61 Pavilion Cir The Vines WA 6069","Phone number":"(08) 9296 8139"},{"Postcode":"6062","Name":"B Francis","Address":"21 Discovery Dr Morley WA 6062","Phone number":"(08) 6245 3820"},{"Postcode":"6210","Name":"A S Francis","Address":"17 Wisteria La Greenfields WA 6210","Phone number":"(08) 9534 8854"},{"Postcode":"6210","Name":"F Francis","Address":"73 Coolibah Ave Dudley Park WA 6210","Phone number":"(08) 9586 8699"},{"Postcode":"6210","Name":"G Francis","Address":"2 Westview Pde Wannanup WA 6210","Phone number":"(08) 9534 6090"},{"Postcode":"6210","Name":"H Francis","Address":"2 Lomandra Pl Wannanup WA 6210","Phone number":"(08) 9534 6390"},{"Postcode":"6210","Name":"K Francis","Address":"7 Koolyanga Pl Greenfields WA 6210","Phone number":"(08) 9535 9396"},{"Postcode":"6210","Name":"N & M Francis","Address":"48 Perseus Rd Silver Sands WA 6210","Phone number":"(08) 9535 8057"},{"Postcode":"6210","Name":"O M Francis","Address":"Un 9 118 Mandurah Tce Mandurah WA 6210","Phone number":"(08) 9581 2737"},{"Postcode":"6210","Name":"R & E Francis","Address":"228/ 41 Portrush Pde Meadow Springs WA 6210","Phone number":"(08) 9582 5228"},{"Postcode":"6210","Name":"S Francis","Address":"68 Carissa Turn Halls Head WA 6210","Phone number":"(08) 9586 2948"},{"Postcode":"6210","Name":"T & J F Francis","Address":"65 Amazon Drv Greenfields WA 6210","Phone number":"(08) 9581 1849"},{"Postcode":"6208","Name":"M Francis","Address":"11 Holloway Turn Ravenswood WA 6208","Phone number":"(08) 9537 9558"},{"Postcode":"6210","Name":"A S Francis","Address":"17 Wisteria La Greenfields WA 6210","Phone number":"(08) 9534 8854"},{"Postcode":"6210","Name":"F Francis","Address":"73 Coolibah Ave Dudley Park WA 6210","Phone number":"(08) 9586 8699"},{"Postcode":"6210","Name":"G Francis","Address":"2 Westview Pde Wannanup WA 6210","Phone number":"(08) 9534 6090"},{"Postcode":"6210","Name":"H Francis","Address":"2 Lomandra Pl Wannanup WA 6210","Phone number":"(08) 9534 6390"},{"Postcode":"6210","Name":"K Francis","Address":"7 Koolyanga Pl Greenfields WA 6210","Phone number":"(08) 9535 9396"},{"Postcode":"6210","Name":"N & M Francis","Address":"48 Perseus Rd Silver Sands WA 6210","Phone number":"(08) 9535 8057"},{"Postcode":"6210","Name":"O M Francis","Address":"Un 9 118 Mandurah Tce Mandurah WA 6210","Phone number":"(08) 9581 2737"},{"Postcode":"6210","Name":"R & E Francis","Address":"228/ 41 Portrush Pde Meadow Springs WA 6210","Phone number":"(08) 9582 5228"},{"Postcode":"6210","Name":"S Francis","Address":"68 Carissa Turn Halls Head WA 6210","Phone number":"(08) 9586 2948"},{"Postcode":"6210","Name":"T & J F Francis","Address":"65 Amazon Drv Greenfields WA 6210","Phone number":"(08) 9581 1849"},{"Postcode":"6112","Name":"A Francis","Address":"23 Greenshank Rd Harrisdale WA 6112","Phone number":"(08) 9397 0292"},{"Postcode":"6112","Name":"C Francis","Address":"47 Hillhouse Way Piara Waters WA 6112","Phone number":"(08) 9397 2932"},{"Postcode":"6112","Name":"Mrs E Francis","Address":"32 Portsmouth Way Harrisdale WA 6112","Phone number":"(08) 9393 4047"},{"Postcode":"6112","Name":"H J Francis","Address":"114 Challis Rd Seville Grove WA 6112","Phone number":"(04) 1917 8040"},{"Postcode":"6112","Name":"R Francis","Address":"373 Railway Ave Armadale WA 6112","Phone number":"(08) 9399 4178"},{"Postcode":"6112","Name":"S Francis","Address":"100 Derry Ave Mt Nasura WA 6112","Phone number":"(08) 9399 1275"},{"Postcode":"6210","Name":"A S Francis","Address":"17 Wisteria La Greenfields WA 6210","Phone number":"(08) 9534 8854"},{"Postcode":"6210","Name":"F Francis","Address":"73 Coolibah Ave Dudley Park WA 6210","Phone number":"(08) 9586 8699"},{"Postcode":"6210","Name":"G Francis","Address":"2 Westview Pde Wannanup WA 6210","Phone number":"(08) 9534 6090"},{"Postcode":"6210","Name":"H Francis","Address":"2 Lomandra Pl Wannanup WA 6210","Phone number":"(08) 9534 6390"},{"Postcode":"6210","Name":"K Francis","Address":"7 Koolyanga Pl Greenfields WA 6210","Phone number":"(08) 9535 9396"},{"Postcode":"6210","Name":"N & M Francis","Address":"48 Perseus Rd Silver Sands WA 6210","Phone number":"(08) 9535 8057"},{"Postcode":"6210","Name":"O M Francis","Address":"Un 9 118 Mandurah Tce Mandurah WA 6210","Phone number":"(08) 9581 2737"},{"Postcode":"6210","Name":"R & E Francis","Address":"228/ 41 Portrush Pde Meadow Springs WA 6210","Phone number":"(08) 9582 5228"},{"Postcode":"6210","Name":"S Francis","Address":"68 Carissa Turn Halls Head WA 6210","Phone number":"(08) 9586 2948"},{"Postcode":"6210","Name":"T & J F Francis","Address":"65 Amazon Drv Greenfields WA 6210","Phone number":"(08) 9581 1849"},{"Postcode":"6168","Name":"J Francis","Address":"Un 18 8 Merope Cl Rockingham WA 6168","Phone number":"(08) 9528 1818"},{"Postcode":"6168","Name":"R Francis","Address":"4 Rakoa Pl Cooloongup WA 6168","Phone number":"(08) 9529 3112"},{"Postcode":"6230","Name":"A O A Francis","Address":"33 Queensbury St South Bunbury WA 6230","Phone number":"(08) 9721 4641"},{"Postcode":"6230","Name":"J Francis","Address":"68B Thomas St East Bunbury WA 6230","Phone number":"(08) 9791 5277"},{"Postcode":"6230","Name":"R J Francis","Address":"10 Dunstan St South Bunbury WA 6230","Phone number":"(08) 9721 6553"},{"Postcode":"6230","Name":"S Francis","Address":"21 Columba St South Bunbury WA 6230","Phone number":"(04) 0732 6051"},{"Postcode":"6230","Name":"S L Francis","Address":"21 Columba St South Bunbury WA 6230","Phone number":"(08) 9721 1598"},{"Postcode":"6064","Name":"A Francis","Address":"10 a Shelvock Cres Koondoola WA 6064","Phone number":"(04) 3339 1473"},{"Postcode":"6064","Name":"Mr A F Francis","Address":"10 Stoke Crt Girrawheen WA 6064","Phone number":"(08) 9342 4308"},{"Postcode":"6064","Name":"C Francis","Address":"82 Fenchurch St Alexander Heights WA 6064","Phone number":"(08) 9342 2628"},{"Postcode":"6064","Name":"D Francis","Address":"U 5 15 Yapton Turn Girrawheen WA 6064","Phone number":"(08) 9247 2732"},{"Postcode":"6064","Name":"G Francis","Address":"59 Gaby Way Marangaroo WA 6064","Phone number":"(04) 0823 5673"},{"Postcode":"6071","Name":"J Francis","Address":"23 Glenburn Rd Glen Forrest WA 6071","Phone number":"(08) 9298 9403"},{"Postcode":"6230","Name":"A O A Francis","Address":"33 Queensbury St South Bunbury WA 6230","Phone number":"(08) 9721 4641"},{"Postcode":"6230","Name":"J Francis","Address":"68B Thomas St East Bunbury WA 6230","Phone number":"(08) 9791 5277"},{"Postcode":"6230","Name":"R J Francis","Address":"10 Dunstan St South Bunbury WA 6230","Phone number":"(08) 9721 6553"},{"Postcode":"6230","Name":"S Francis","Address":"21 Columba St South Bunbury WA 6230","Phone number":"(04) 0732 6051"},{"Postcode":"6230","Name":"S L Francis","Address":"21 Columba St South Bunbury WA 6230","Phone number":"(08) 9721 1598"},{"Postcode":"6065","Name":"A Francis","Address":"23 Higginsville Pde Pearsall WA 6065","Phone number":"(08) 9306 1103"},{"Postcode":"6065","Name":"C Francis","Address":"6 Ficarra Way Sinagra WA 6065","Phone number":"(08) 9404 6695"},{"Postcode":"6065","Name":"D R & P J Francis","Address":"19 Baron Loop Madeley WA 6065","Phone number":"(08) 9302 4779"},{"Postcode":"6065","Name":"N Francis","Address":"26 Cantrell Cct Landsdale WA 6065","Phone number":"(08) 9302 5536"},{"Postcode":"6174","Name":"I S Francis","Address":"14 Warriedar Way Golden Bay WA 6174","Phone number":"(04) 3825 2833"},{"Postcode":"6110","Name":"B Francis","Address":"5 Marquis Crt Gosnells WA 6110","Phone number":"(08) 9398 1900"},{"Postcode":"6110","Name":"B S Francis","Address":"7 Treeline Pde Southern River WA 6110","Phone number":"(08) 9398 8338"},{"Postcode":"6110","Name":"D & M Francis","Address":"8 Parkview Drv Southern River WA 6110","Phone number":"(08) 9398 4770"},{"Postcode":"6110","Name":"M Francis","Address":"97 Fremantle Rd Gosnells WA 6110","Phone number":"(08) 9398 1094"},{"Postcode":"6110","Name":"S W Francis","Address":"10 Glenorchy Rd Southern River WA 6110","Phone number":"(08) 9398 4380"},{"Postcode":"6210","Name":"A S Francis","Address":"17 Wisteria La Greenfields WA 6210","Phone number":"(08) 9534 8854"},{"Postcode":"6210","Name":"F Francis","Address":"73 Coolibah Ave Dudley Park WA 6210","Phone number":"(08) 9586 8699"},{"Postcode":"6210","Name":"G Francis","Address":"2 Westview Pde Wannanup WA 6210","Phone number":"(08) 9534 6090"},{"Postcode":"6210","Name":"H Francis","Address":"2 Lomandra Pl Wannanup WA 6210","Phone number":"(08) 9534 6390"},{"Postcode":"6210","Name":"K Francis","Address":"7 Koolyanga Pl Greenfields WA 6210","Phone number":"(08) 9535 9396"},{"Postcode":"6210","Name":"N & M Francis","Address":"48 Perseus Rd Silver Sands WA 6210","Phone number":"(08) 9535 8057"},{"Postcode":"6210","Name":"O M Francis","Address":"Un 9 118 Mandurah Tce Mandurah WA 6210","Phone number":"(08) 9581 2737"},{"Postcode":"6210","Name":"R & E Francis","Address":"228/ 41 Portrush Pde Meadow Springs WA 6210","Phone number":"(08) 9582 5228"},{"Postcode":"6210","Name":"S Francis","Address":"68 Carissa Turn Halls Head WA 6210","Phone number":"(08) 9586 2948"},{"Postcode":"6210","Name":"T & J F Francis","Address":"65 Amazon Drv Greenfields WA 6210","Phone number":"(08) 9581 1849"},{"Postcode":"6056","Name":"A J A Francis","Address":"5 Davis Rd Helena Valley WA 6056","Phone number":"(04) 0809 5540"},{"Postcode":"6056","Name":"Darrel Francis","Address":"64 Victoria Pde Midvale WA 6056","Phone number":"(02) 6239 4650"},{"Postcode":"6056","Name":"E Francis","Address":"Un 3 10 Mathoura St Midland WA 6056","Phone number":"(08) 9250 7551"},{"Postcode":"6024","Name":"J Francis","Address":"17 Smallman Crs Greenwood WA 6024","Phone number":"(08) 6150 2337"},{"Postcode":"6018","Name":"Z Francis","Address":"219B Herbert St Doubleview WA 6018","Phone number":"(08) 9242 7387"},{"Postcode":"6210","Name":"A S Francis","Address":"17 Wisteria La Greenfields WA 6210","Phone number":"(08) 9534 8854"},{"Postcode":"6210","Name":"F Francis","Address":"73 Coolibah Ave Dudley Park WA 6210","Phone number":"(08) 9586 8699"},{"Postcode":"6210","Name":"G Francis","Address":"2 Westview Pde Wannanup WA 6210","Phone number":"(08) 9534 6090"},{"Postcode":"6210","Name":"H Francis","Address":"2 Lomandra Pl Wannanup WA 6210","Phone number":"(08) 9534 6390"},{"Postcode":"6210","Name":"K Francis","Address":"7 Koolyanga Pl Greenfields WA 6210","Phone number":"(08) 9535 9396"},{"Postcode":"6210","Name":"N & M Francis","Address":"48 Perseus Rd Silver Sands WA 6210","Phone number":"(08) 9535 8057"},{"Postcode":"6210","Name":"O M Francis","Address":"Un 9 118 Mandurah Tce Mandurah WA 6210","Phone number":"(08) 9581 2737"},{"Postcode":"6210","Name":"R & E Francis","Address":"228/ 41 Portrush Pde Meadow Springs WA 6210","Phone number":"(08) 9582 5228"},{"Postcode":"6210","Name":"S Francis","Address":"68 Carissa Turn Halls Head WA 6210","Phone number":"(08) 9586 2948"},{"Postcode":"6210","Name":"T & J F Francis","Address":"65 Amazon Drv Greenfields WA 6210","Phone number":"(08) 9581 1849"},{"Postcode":"6163","Name":"K Francis","Address":"Un 4 37 Waverley Rd Coolbellup WA 6163","Phone number":"(08) 9337 3654"},{"Postcode":"6163","Name":"P Francis","Address":"31A Garden Rd Spearwood WA 6163","Phone number":"(08) 9418 8335"},{"Postcode":"6163","Name":"S Francis","Address":"Un 12 6 Brunswick St North Coogee WA 6163","Phone number":"(08) 9395 7273"},{"Postcode":"6163","Name":"Z Francis","Address":"6 Davon St Hamilton Hill WA 6163","Phone number":"(08) 9337 5364"},{"Postcode":"6164","Name":"F Francis","Address":"6 Moondarra Crcle South Lake WA 6164","Phone number":"(08) 9417 3649"},{"Postcode":"6164","Name":"L S Francis","Address":"12 Quong Pl Atwell WA 6164","Phone number":"(08) 9498 5935"},{"Postcode":"6164","Name":"V Francis","Address":"3 Panton Drv Success WA 6164","Phone number":"(08) 9414 5289"},{"Postcode":"6164","Name":"W Francis","Address":"4 Twig St Hammond Park WA 6164","Phone number":"(08) 9499 3352"},{"Postcode":"6027","Name":"L Francis","Address":"26 Bankfield Ret Ocean Reef WA 6027","Phone number":"(08) 9300 6990"},{"Postcode":"6027","Name":"L G Francis","Address":"20 Johnson Crs Mullaloo WA 6027","Phone number":"(08) 9401 8534"},{"Postcode":"6027","Name":"Mr T L Francis","Address":"16 Emerald Way Edgewater WA 6027","Phone number":"(08) 9405 3947"},{"Postcode":"6027","Name":"W G & J R Francis","Address":"22 King Edward Drv Heathridge WA 6027","Phone number":"(08) 9307 4352"},{"Postcode":"6056","Name":"A J A Francis","Address":"5 Davis Rd Helena Valley WA 6056","Phone number":"(04) 0809 5540"},{"Postcode":"6056","Name":"Darrel Francis","Address":"64 Victoria Pde Midvale WA 6056","Phone number":"(02) 6239 4650"},{"Postcode":"6056","Name":"E Francis","Address":"Un 3 10 Mathoura St Midland WA 6056","Phone number":"(08) 9250 7551"},{"Postcode":"6056","Name":"A J A Francis","Address":"5 Davis Rd Helena Valley WA 6056","Phone number":"(04) 0809 5540"},{"Postcode":"6056","Name":"Darrel Francis","Address":"64 Victoria Pde Midvale WA 6056","Phone number":"(02) 6239 4650"},{"Postcode":"6056","Name":"E Francis","Address":"Un 3 10 Mathoura St Midland WA 6056","Phone number":"(08) 9250 7551"},{"Postcode":"6210","Name":"A S Francis","Address":"17 Wisteria La Greenfields WA 6210","Phone number":"(08) 9534 8854"},{"Postcode":"6210","Name":"F Francis","Address":"73 Coolibah Ave Dudley Park WA 6210","Phone number":"(08) 9586 8699"},{"Postcode":"6210","Name":"G Francis","Address":"2 Westview Pde Wannanup WA 6210","Phone number":"(08) 9534 6090"},{"Postcode":"6210","Name":"H Francis","Address":"2 Lomandra Pl Wannanup WA 6210","Phone number":"(08) 9534 6390"},{"Postcode":"6210","Name":"K Francis","Address":"7 Koolyanga Pl Greenfields WA 6210","Phone number":"(08) 9535 9396"},{"Postcode":"6210","Name":"N & M Francis","Address":"48 Perseus Rd Silver Sands WA 6210","Phone number":"(08) 9535 8057"},{"Postcode":"6210","Name":"O M Francis","Address":"Un 9 118 Mandurah Tce Mandurah WA 6210","Phone number":"(08) 9581 2737"},{"Postcode":"6210","Name":"R & E Francis","Address":"228/ 41 Portrush Pde Meadow Springs WA 6210","Phone number":"(08) 9582 5228"},{"Postcode":"6210","Name":"S Francis","Address":"68 Carissa Turn Halls Head WA 6210","Phone number":"(08) 9586 2948"},{"Postcode":"6210","Name":"T & J F Francis","Address":"65 Amazon Drv Greenfields WA 6210","Phone number":"(08) 9581 1849"},{"Postcode":"6057","Name":"G M & J Francis","Address":"10 Pelican Loop High Wycombe WA 6057","Phone number":"(08) 9454 8188"},{"Postcode":"6168","Name":"J Francis","Address":"Un 18 8 Merope Cl Rockingham WA 6168","Phone number":"(08) 9528 1818"},{"Postcode":"6168","Name":"R Francis","Address":"4 Rakoa Pl Cooloongup WA 6168","Phone number":"(08) 9529 3112"},{"Postcode":"6163","Name":"K Francis","Address":"Un 4 37 Waverley Rd Coolbellup WA 6163","Phone number":"(08) 9337 3654"},{"Postcode":"6163","Name":"P Francis","Address":"31A Garden Rd Spearwood WA 6163","Phone number":"(08) 9418 8335"},{"Postcode":"6163","Name":"S Francis","Address":"Un 12 6 Brunswick St North Coogee WA 6163","Phone number":"(08) 9395 7273"},{"Postcode":"6163","Name":"Z Francis","Address":"6 Davon St Hamilton Hill WA 6163","Phone number":"(08) 9337 5364"},{"Postcode":"6065","Name":"A Francis","Address":"23 Higginsville Pde Pearsall WA 6065","Phone number":"(08) 9306 1103"},{"Postcode":"6065","Name":"C Francis","Address":"6 Ficarra Way Sinagra WA 6065","Phone number":"(08) 9404 6695"},{"Postcode":"6065","Name":"D R & P J Francis","Address":"19 Baron Loop Madeley WA 6065","Phone number":"(08) 9302 4779"},{"Postcode":"6065","Name":"N Francis","Address":"26 Cantrell Cct Landsdale WA 6065","Phone number":"(08) 9302 5536"},{"Postcode":"6071","Name":"J Francis","Address":"23 Glenburn Rd Glen Forrest WA 6071","Phone number":"(08) 9298 9403"},{"Postcode":"6110","Name":"B Francis","Address":"5 Marquis Crt Gosnells WA 6110","Phone number":"(08) 9398 1900"},{"Postcode":"6110","Name":"B S Francis","Address":"7 Treeline Pde Southern River WA 6110","Phone number":"(08) 9398 8338"},{"Postcode":"6110","Name":"D & M Francis","Address":"8 Parkview Drv Southern River WA 6110","Phone number":"(08) 9398 4770"},{"Postcode":"6110","Name":"M Francis","Address":"97 Fremantle Rd Gosnells WA 6110","Phone number":"(08) 9398 1094"},{"Postcode":"6110","Name":"S W Francis","Address":"10 Glenorchy Rd Southern River WA 6110","Phone number":"(08) 9398 4380"},{"Postcode":"6028","Name":"B Francis","Address":"5 Fortuna Vw Iluka WA 6028","Phone number":"(08) 9305 3630"},{"Postcode":"6028","Name":"Mr D Francis","Address":"16 Bengello Pl Burns Beach WA 6028","Phone number":"(08) 9305 5775"},{"Postcode":"6028","Name":"T Francis","Address":"5 Fortuna Vw Iluka WA 6028","Phone number":"(08) 9305 4416"},{"Postcode":"6018","Name":"Z Francis","Address":"219B Herbert St Doubleview WA 6018","Phone number":"(08) 9242 7387"},{"Postcode":"6065","Name":"A Francis","Address":"23 Higginsville Pde Pearsall WA 6065","Phone number":"(08) 9306 1103"},{"Postcode":"6065","Name":"C Francis","Address":"6 Ficarra Way Sinagra WA 6065","Phone number":"(08) 9404 6695"},{"Postcode":"6065","Name":"D R & P J Francis","Address":"19 Baron Loop Madeley WA 6065","Phone number":"(08) 9302 4779"},{"Postcode":"6065","Name":"N Francis","Address":"26 Cantrell Cct Landsdale WA 6065","Phone number":"(08) 9302 5536"},{"Postcode":"6164","Name":"F Francis","Address":"6 Moondarra Crcle South Lake WA 6164","Phone number":"(08) 9417 3649"},{"Postcode":"6164","Name":"L S Francis","Address":"12 Quong Pl Atwell WA 6164","Phone number":"(08) 9498 5935"},{"Postcode":"6164","Name":"V Francis","Address":"3 Panton Drv Success WA 6164","Phone number":"(08) 9414 5289"},{"Postcode":"6164","Name":"W Francis","Address":"4 Twig St Hammond Park WA 6164","Phone number":"(08) 9499 3352"},{"Postcode":"6056","Name":"A J A Francis","Address":"5 Davis Rd Helena Valley WA 6056","Phone number":"(04) 0809 5540"},{"Postcode":"6056","Name":"Darrel Francis","Address":"64 Victoria Pde Midvale WA 6056","Phone number":"(02) 6239 4650"},{"Postcode":"6056","Name":"E Francis","Address":"Un 3 10 Mathoura St Midland WA 6056","Phone number":"(08) 9250 7551"},{"Postcode":"6027","Name":"L Francis","Address":"26 Bankfield Ret Ocean Reef WA 6027","Phone number":"(08) 9300 6990"},{"Postcode":"6027","Name":"L G Francis","Address":"20 Johnson Crs Mullaloo WA 6027","Phone number":"(08) 9401 8534"},{"Postcode":"6027","Name":"Mr T L Francis","Address":"16 Emerald Way Edgewater WA 6027","Phone number":"(08) 9405 3947"},{"Postcode":"6027","Name":"W G & J R Francis","Address":"22 King Edward Drv Heathridge WA 6027","Phone number":"(08) 9307 4352"},{"Postcode":"6152","Name":"Mr B Francis","Address":"28 Bland St Como WA 6152","Phone number":"(08) 9368 6128"},{"Postcode":"6163","Name":"K Francis","Address":"Un 4 37 Waverley Rd Coolbellup WA 6163","Phone number":"(08) 9337 3654"},{"Postcode":"6163","Name":"P Francis","Address":"31A Garden Rd Spearwood WA 6163","Phone number":"(08) 9418 8335"},{"Postcode":"6163","Name":"S Francis","Address":"Un 12 6 Brunswick St North Coogee WA 6163","Phone number":"(08) 9395 7273"},{"Postcode":"6163","Name":"Z Francis","Address":"6 Davon St Hamilton Hill WA 6163","Phone number":"(08) 9337 5364"},{"Postcode":"6176","Name":"D Francis","Address":"127 Majorelle Way Karnup WA 6176","Phone number":"(08) 9537 1212"},{"Postcode":"6111","Name":"T J Francis","Address":"41 Grasmere Way Kelmscott WA 6111","Phone number":"(08) 9390 6321"},{"Postcode":"6122","Name":"W Francis","Address":"44 Bruns Dr Darling Downs WA 6122","Phone number":"(08) 9497 7434"},{"Postcode":"6018","Name":"Z Francis","Address":"219B Herbert St Doubleview WA 6018","Phone number":"(08) 9242 7387"},{"Postcode":"6111","Name":"T J Francis","Address":"41 Grasmere Way Kelmscott WA 6111","Phone number":"(08) 9390 6321"},{"Postcode":"6151","Name":"B & R Francis","Address":"28 Norfolk St South Perth WA 6151","Phone number":"(08) 9367 3793"},{"Postcode":"6151","Name":"B S & E J Francis","Address":"U 3 26 Hardy St South Perth WA 6151","Phone number":"(08) 9367 5052"},{"Postcode":"6107","Name":"A Francis","Address":"6 Yallup Pl Cannington WA 6107","Phone number":"(08) 9356 2339"},{"Postcode":"6105","Name":"J L Francis","Address":"Un 1 132 Gabriel St Cloverdale WA 6105","Phone number":"(08) 9277 6770"},{"Postcode":"6054","Name":"J Francis","Address":"28 Fifth Ave Bassendean WA 6054","Phone number":"(08) 9279 9371"},{"Postcode":"6054","Name":"J Francis","Address":"215 Lord St Lockridge WA 6054","Phone number":"(08) 9279 9080"},{"Postcode":"6026","Name":"S Francis","Address":"Pobox 68 Ave Woodvale WA 6026","Phone number":"(08) 6103 8620"},{"Postcode":"6065","Name":"A Francis","Address":"23 Higginsville Pde Pearsall WA 6065","Phone number":"(08) 9306 1103"},{"Postcode":"6065","Name":"C Francis","Address":"6 Ficarra Way Sinagra WA 6065","Phone number":"(08) 9404 6695"},{"Postcode":"6065","Name":"D R & P J Francis","Address":"19 Baron Loop Madeley WA 6065","Phone number":"(08) 9302 4779"},{"Postcode":"6065","Name":"N Francis","Address":"26 Cantrell Cct Landsdale WA 6065","Phone number":"(08) 9302 5536"},{"Postcode":"6028","Name":"B Francis","Address":"5 Fortuna Vw Iluka WA 6028","Phone number":"(08) 9305 3630"},{"Postcode":"6028","Name":"Mr D Francis","Address":"16 Bengello Pl Burns Beach WA 6028","Phone number":"(08) 9305 5775"},{"Postcode":"6028","Name":"T Francis","Address":"5 Fortuna Vw Iluka WA 6028","Phone number":"(08) 9305 4416"},{"Postcode":"6064","Name":"A Francis","Address":"10 a Shelvock Cres Koondoola WA 6064","Phone number":"(04) 3339 1473"},{"Postcode":"6064","Name":"Mr A F Francis","Address":"10 Stoke Crt Girrawheen WA 6064","Phone number":"(08) 9342 4308"},{"Postcode":"6064","Name":"C Francis","Address":"82 Fenchurch St Alexander Heights WA 6064","Phone number":"(08) 9342 2628"},{"Postcode":"6064","Name":"D Francis","Address":"U 5 15 Yapton Turn Girrawheen WA 6064","Phone number":"(08) 9247 2732"},{"Postcode":"6064","Name":"G Francis","Address":"59 Gaby Way Marangaroo WA 6064","Phone number":"(04) 0823 5673"},{"Postcode":"6056","Name":"A J A Francis","Address":"5 Davis Rd Helena Valley WA 6056","Phone number":"(04) 0809 5540"},{"Postcode":"6056","Name":"Darrel Francis","Address":"64 Victoria Pde Midvale WA 6056","Phone number":"(02) 6239 4650"},{"Postcode":"6056","Name":"E Francis","Address":"Un 3 10 Mathoura St Midland WA 6056","Phone number":"(08) 9250 7551"},{"Postcode":"6167","Name":"T Francis","Address":"106 Price Pkwy Bertram WA 6167","Phone number":"(08) 9439 4419"},{"Postcode":"6167","Name":"T Francis","Address":"106 Price Pkwy Bertram WA 6167","Phone number":"(08) 9439 4419"},{"Postcode":"6210","Name":"A S Francis","Address":"17 Wisteria La Greenfields WA 6210","Phone number":"(08) 9534 8854"},{"Postcode":"6210","Name":"F Francis","Address":"73 Coolibah Ave Dudley Park WA 6210","Phone number":"(08) 9586 8699"},{"Postcode":"6210","Name":"G Francis","Address":"2 Westview Pde Wannanup WA 6210","Phone number":"(08) 9534 6090"},{"Postcode":"6210","Name":"H Francis","Address":"2 Lomandra Pl Wannanup WA 6210","Phone number":"(08) 9534 6390"},{"Postcode":"6210","Name":"K Francis","Address":"7 Koolyanga Pl Greenfields WA 6210","Phone number":"(08) 9535 9396"},{"Postcode":"6210","Name":"N & M Francis","Address":"48 Perseus Rd Silver Sands WA 6210","Phone number":"(08) 9535 8057"},{"Postcode":"6210","Name":"O M Francis","Address":"Un 9 118 Mandurah Tce Mandurah WA 6210","Phone number":"(08) 9581 2737"},{"Postcode":"6210","Name":"R & E Francis","Address":"228/ 41 Portrush Pde Meadow Springs WA 6210","Phone number":"(08) 9582 5228"},{"Postcode":"6210","Name":"S Francis","Address":"68 Carissa Turn Halls Head WA 6210","Phone number":"(08) 9586 2948"},{"Postcode":"6210","Name":"T & J F Francis","Address":"65 Amazon Drv Greenfields WA 6210","Phone number":"(08) 9581 1849"},{"Postcode":"6065","Name":"A Francis","Address":"23 Higginsville Pde Pearsall WA 6065","Phone number":"(08) 9306 1103"},{"Postcode":"6065","Name":"C Francis","Address":"6 Ficarra Way Sinagra WA 6065","Phone number":"(08) 9404 6695"},{"Postcode":"6065","Name":"D R & P J Francis","Address":"19 Baron Loop Madeley WA 6065","Phone number":"(08) 9302 4779"},{"Postcode":"6065","Name":"N Francis","Address":"26 Cantrell Cct Landsdale WA 6065","Phone number":"(08) 9302 5536"},{"Postcode":"6147","Name":"V Saunders-Francis","Address":"129 Vellgrove Ave Parkwood WA 6147","Phone number":"(08) 9259 5697"},{"Postcode":"6170","Name":"A & H Francis","Address":"24 Brookeby Hts Leda WA 6170","Phone number":"(08) 9439 2626"},{"Postcode":"6149","Name":"R Francis","Address":"66 Farrington Rd Leeming WA 6149","Phone number":"(08) 9332 9322"},{"Postcode":"6065","Name":"A Francis","Address":"23 Higginsville Pde Pearsall WA 6065","Phone number":"(08) 9306 1103"},{"Postcode":"6065","Name":"C Francis","Address":"6 Ficarra Way Sinagra WA 6065","Phone number":"(08) 9404 6695"},{"Postcode":"6065","Name":"D R & P J Francis","Address":"19 Baron Loop Madeley WA 6065","Phone number":"(08) 9302 4779"},{"Postcode":"6065","Name":"N Francis","Address":"26 Cantrell Cct Landsdale WA 6065","Phone number":"(08) 9302 5536"},{"Postcode":"6054","Name":"J Francis","Address":"28 Fifth Ave Bassendean WA 6054","Phone number":"(08) 9279 9371"},{"Postcode":"6054","Name":"J Francis","Address":"215 Lord St Lockridge WA 6054","Phone number":"(08) 9279 9080"},{"Postcode":"6147","Name":"V Saunders-Francis","Address":"129 Vellgrove Ave Parkwood WA 6147","Phone number":"(08) 9259 5697"},{"Postcode":"6065","Name":"A Francis","Address":"23 Higginsville Pde Pearsall WA 6065","Phone number":"(08) 9306 1103"},{"Postcode":"6065","Name":"C Francis","Address":"6 Ficarra Way Sinagra WA 6065","Phone number":"(08) 9404 6695"},{"Postcode":"6065","Name":"D R & P J Francis","Address":"19 Baron Loop Madeley WA 6065","Phone number":"(08) 9302 4779"},{"Postcode":"6065","Name":"N Francis","Address":"26 Cantrell Cct Landsdale WA 6065","Phone number":"(08) 9302 5536"},{"Postcode":"6210","Name":"A S Francis","Address":"17 Wisteria La Greenfields WA 6210","Phone number":"(08) 9534 8854"},{"Postcode":"6210","Name":"F Francis","Address":"73 Coolibah Ave Dudley Park WA 6210","Phone number":"(08) 9586 8699"},{"Postcode":"6210","Name":"G Francis","Address":"2 Westview Pde Wannanup WA 6210","Phone number":"(08) 9534 6090"},{"Postcode":"6210","Name":"H Francis","Address":"2 Lomandra Pl Wannanup WA 6210","Phone number":"(08) 9534 6390"},{"Postcode":"6210","Name":"K Francis","Address":"7 Koolyanga Pl Greenfields WA 6210","Phone number":"(08) 9535 9396"},{"Postcode":"6210","Name":"N & M Francis","Address":"48 Perseus Rd Silver Sands WA 6210","Phone number":"(08) 9535 8057"},{"Postcode":"6210","Name":"O M Francis","Address":"Un 9 118 Mandurah Tce Mandurah WA 6210","Phone number":"(08) 9581 2737"},{"Postcode":"6210","Name":"R & E Francis","Address":"228/ 41 Portrush Pde Meadow Springs WA 6210","Phone number":"(08) 9582 5228"},{"Postcode":"6210","Name":"S Francis","Address":"68 Carissa Turn Halls Head WA 6210","Phone number":"(08) 9586 2948"},{"Postcode":"6210","Name":"T & J F Francis","Address":"65 Amazon Drv Greenfields WA 6210","Phone number":"(08) 9581 1849"},{"Postcode":"6057","Name":"G M & J Francis","Address":"10 Pelican Loop High Wycombe WA 6057","Phone number":"(08) 9454 8188"},{"Postcode":"6167","Name":"T Francis","Address":"106 Price Pkwy Bertram WA 6167","Phone number":"(08) 9439 4419"},{"Postcode":"6210","Name":"A S Francis","Address":"17 Wisteria La Greenfields WA 6210","Phone number":"(08) 9534 8854"},{"Postcode":"6210","Name":"F Francis","Address":"73 Coolibah Ave Dudley Park WA 6210","Phone number":"(08) 9586 8699"},{"Postcode":"6210","Name":"G Francis","Address":"2 Westview Pde Wannanup WA 6210","Phone number":"(08) 9534 6090"},{"Postcode":"6210","Name":"H Francis","Address":"2 Lomandra Pl Wannanup WA 6210","Phone number":"(08) 9534 6390"},{"Postcode":"6210","Name":"K Francis","Address":"7 Koolyanga Pl Greenfields WA 6210","Phone number":"(08) 9535 9396"},{"Postcode":"6210","Name":"N & M Francis","Address":"48 Perseus Rd Silver Sands WA 6210","Phone number":"(08) 9535 8057"},{"Postcode":"6210","Name":"O M Francis","Address":"Un 9 118 Mandurah Tce Mandurah WA 6210","Phone number":"(08) 9581 2737"},{"Postcode":"6210","Name":"R & E Francis","Address":"228/ 41 Portrush Pde Meadow Springs WA 6210","Phone number":"(08) 9582 5228"},{"Postcode":"6210","Name":"S Francis","Address":"68 Carissa Turn Halls Head WA 6210","Phone number":"(08) 9586 2948"},{"Postcode":"6210","Name":"T & J F Francis","Address":"65 Amazon Drv Greenfields WA 6210","Phone number":"(08) 9581 1849"},{"Postcode":"6210","Name":"A S Francis","Address":"17 Wisteria La Greenfields WA 6210","Phone number":"(08) 9534 8854"},{"Postcode":"6210","Name":"F Francis","Address":"73 Coolibah Ave Dudley Park WA 6210","Phone number":"(08) 9586 8699"},{"Postcode":"6210","Name":"G Francis","Address":"2 Westview Pde Wannanup WA 6210","Phone number":"(08) 9534 6090"},{"Postcode":"6210","Name":"H Francis","Address":"2 Lomandra Pl Wannanup WA 6210","Phone number":"(08) 9534 6390"},{"Postcode":"6210","Name":"K Francis","Address":"7 Koolyanga Pl Greenfields WA 6210","Phone number":"(08) 9535 9396"},{"Postcode":"6210","Name":"N & M Francis","Address":"48 Perseus Rd Silver Sands WA 6210","Phone number":"(08) 9535 8057"},{"Postcode":"6210","Name":"O M Francis","Address":"Un 9 118 Mandurah Tce Mandurah WA 6210","Phone number":"(08) 9581 2737"},{"Postcode":"6210","Name":"R & E Francis","Address":"228/ 41 Portrush Pde Meadow Springs WA 6210","Phone number":"(08) 9582 5228"},{"Postcode":"6210","Name":"S Francis","Address":"68 Carissa Turn Halls Head WA 6210","Phone number":"(08) 9586 2948"},{"Postcode":"6210","Name":"T & J F Francis","Address":"65 Amazon Drv Greenfields WA 6210","Phone number":"(08) 9581 1849"},{"Postcode":"6210","Name":"A S Francis","Address":"17 Wisteria La Greenfields WA 6210","Phone number":"(08) 9534 8854"},{"Postcode":"6210","Name":"F Francis","Address":"73 Coolibah Ave Dudley Park WA 6210","Phone number":"(08) 9586 8699"},{"Postcode":"6210","Name":"G Francis","Address":"2 Westview Pde Wannanup WA 6210","Phone number":"(08) 9534 6090"},{"Postcode":"6210","Name":"H Francis","Address":"2 Lomandra Pl Wannanup WA 6210","Phone number":"(08) 9534 6390"},{"Postcode":"6210","Name":"K Francis","Address":"7 Koolyanga Pl Greenfields WA 6210","Phone number":"(08) 9535 9396"},{"Postcode":"6210","Name":"N & M Francis","Address":"48 Perseus Rd Silver Sands WA 6210","Phone number":"(08) 9535 8057"},{"Postcode":"6210","Name":"O M Francis","Address":"Un 9 118 Mandurah Tce Mandurah WA 6210","Phone number":"(08) 9581 2737"},{"Postcode":"6210","Name":"R & E Francis","Address":"228/ 41 Portrush Pde Meadow Springs WA 6210","Phone number":"(08) 9582 5228"},{"Postcode":"6210","Name":"S Francis","Address":"68 Carissa Turn Halls Head WA 6210","Phone number":"(08) 9586 2948"},{"Postcode":"6210","Name":"T & J F Francis","Address":"65 Amazon Drv Greenfields WA 6210","Phone number":"(08) 9581 1849"},{"Postcode":"6152","Name":"Mr B Francis","Address":"28 Bland St Como WA 6152","Phone number":"(08) 9368 6128"},{"Postcode":"6064","Name":"A Francis","Address":"10 a Shelvock Cres Koondoola WA 6064","Phone number":"(04) 3339 1473"},{"Postcode":"6064","Name":"Mr A F Francis","Address":"10 Stoke Crt Girrawheen WA 6064","Phone number":"(08) 9342 4308"},{"Postcode":"6064","Name":"C Francis","Address":"82 Fenchurch St Alexander Heights WA 6064","Phone number":"(08) 9342 2628"},{"Postcode":"6064","Name":"D Francis","Address":"U 5 15 Yapton Turn Girrawheen WA 6064","Phone number":"(08) 9247 2732"},{"Postcode":"6064","Name":"G Francis","Address":"59 Gaby Way Marangaroo WA 6064","Phone number":"(04) 0823 5673"},{"Postcode":"6065","Name":"A Francis","Address":"23 Higginsville Pde Pearsall WA 6065","Phone number":"(08) 9306 1103"},{"Postcode":"6065","Name":"C Francis","Address":"6 Ficarra Way Sinagra WA 6065","Phone number":"(08) 9404 6695"},{"Postcode":"6065","Name":"D R & P J Francis","Address":"19 Baron Loop Madeley WA 6065","Phone number":"(08) 9302 4779"},{"Postcode":"6065","Name":"N Francis","Address":"26 Cantrell Cct Landsdale WA 6065","Phone number":"(08) 9302 5536"},{"Postcode":"6110","Name":"B Francis","Address":"5 Marquis Crt Gosnells WA 6110","Phone number":"(08) 9398 1900"},{"Postcode":"6110","Name":"B S Francis","Address":"7 Treeline Pde Southern River WA 6110","Phone number":"(08) 9398 8338"},{"Postcode":"6110","Name":"D & M Francis","Address":"8 Parkview Drv Southern River WA 6110","Phone number":"(08) 9398 4770"},{"Postcode":"6110","Name":"M Francis","Address":"97 Fremantle Rd Gosnells WA 6110","Phone number":"(08) 9398 1094"},{"Postcode":"6110","Name":"S W Francis","Address":"10 Glenorchy Rd Southern River WA 6110","Phone number":"(08) 9398 4380"},{"Postcode":"6210","Name":"A S Francis","Address":"17 Wisteria La Greenfields WA 6210","Phone number":"(08) 9534 8854"},{"Postcode":"6210","Name":"F Francis","Address":"73 Coolibah Ave Dudley Park WA 6210","Phone number":"(08) 9586 8699"},{"Postcode":"6210","Name":"G Francis","Address":"2 Westview Pde Wannanup WA 6210","Phone number":"(08) 9534 6090"},{"Postcode":"6210","Name":"H Francis","Address":"2 Lomandra Pl Wannanup WA 6210","Phone number":"(08) 9534 6390"},{"Postcode":"6210","Name":"K Francis","Address":"7 Koolyanga Pl Greenfields WA 6210","Phone number":"(08) 9535 9396"},{"Postcode":"6210","Name":"N & M Francis","Address":"48 Perseus Rd Silver Sands WA 6210","Phone number":"(08) 9535 8057"},{"Postcode":"6210","Name":"O M Francis","Address":"Un 9 118 Mandurah Tce Mandurah WA 6210","Phone number":"(08) 9581 2737"},{"Postcode":"6210","Name":"R & E Francis","Address":"228/ 41 Portrush Pde Meadow Springs WA 6210","Phone number":"(08) 9582 5228"},{"Postcode":"6210","Name":"S Francis","Address":"68 Carissa Turn Halls Head WA 6210","Phone number":"(08) 9586 2948"},{"Postcode":"6210","Name":"T & J F Francis","Address":"65 Amazon Drv Greenfields WA 6210","Phone number":"(08) 9581 1849"},{"Postcode":"6167","Name":"T Francis","Address":"106 Price Pkwy Bertram WA 6167","Phone number":"(08) 9439 4419"},{"Postcode":"6208","Name":"M Francis","Address":"11 Holloway Turn Ravenswood WA 6208","Phone number":"(08) 9537 9558"},{"Postcode":"6065","Name":"A Francis","Address":"23 Higginsville Pde Pearsall WA 6065","Phone number":"(08) 9306 1103"},{"Postcode":"6065","Name":"C Francis","Address":"6 Ficarra Way Sinagra WA 6065","Phone number":"(08) 9404 6695"},{"Postcode":"6065","Name":"D R & P J Francis","Address":"19 Baron Loop Madeley WA 6065","Phone number":"(08) 9302 4779"},{"Postcode":"6065","Name":"N Francis","Address":"26 Cantrell Cct Landsdale WA 6065","Phone number":"(08) 9302 5536"},{"Postcode":"6156","Name":"R K Francis","Address":"12 Woodhams St Willagee WA 6156","Phone number":"(08) 9337 3664"},{"Postcode":"6030","Name":"S A Francis","Address":"95 Seagrove Blv Merriwa WA 6030","Phone number":"(08) 9304 6241"},{"Postcode":"6056","Name":"A J A Francis","Address":"5 Davis Rd Helena Valley WA 6056","Phone number":"(04) 0809 5540"},{"Postcode":"6056","Name":"Darrel Francis","Address":"64 Victoria Pde Midvale WA 6056","Phone number":"(02) 6239 4650"},{"Postcode":"6056","Name":"E Francis","Address":"Un 3 10 Mathoura St Midland WA 6056","Phone number":"(08) 9250 7551"},{"Postcode":"6056","Name":"A J A Francis","Address":"5 Davis Rd Helena Valley WA 6056","Phone number":"(04) 0809 5540"},{"Postcode":"6056","Name":"Darrel Francis","Address":"64 Victoria Pde Midvale WA 6056","Phone number":"(02) 6239 4650"},{"Postcode":"6056","Name":"E Francis","Address":"Un 3 10 Mathoura St Midland WA 6056","Phone number":"(08) 9250 7551"},{"Postcode":"6056","Name":"A J A Francis","Address":"5 Davis Rd Helena Valley WA 6056","Phone number":"(04) 0809 5540"},{"Postcode":"6056","Name":"Darrel Francis","Address":"64 Victoria Pde Midvale WA 6056","Phone number":"(02) 6239 4650"},{"Postcode":"6056","Name":"E Francis","Address":"Un 3 10 Mathoura St Midland WA 6056","Phone number":"(08) 9250 7551"},{"Postcode":"6232","Name":"B Francis","Address":"3 Calder Ct Millbridge WA 6232","Phone number":"(08) 9725 0714"},{"Postcode":"6232","Name":"L K Francis","Address":"6 Hale St Eaton WA 6232","Phone number":"(08) 9725 1237"},{"Postcode":"6056","Name":"A J A Francis","Address":"5 Davis Rd Helena Valley WA 6056","Phone number":"(04) 0809 5540"},{"Postcode":"6056","Name":"Darrel Francis","Address":"64 Victoria Pde Midvale WA 6056","Phone number":"(02) 6239 4650"},{"Postcode":"6056","Name":"E Francis","Address":"Un 3 10 Mathoura St Midland WA 6056","Phone number":"(08) 9250 7551"},{"Postcode":"6030","Name":"S A Francis","Address":"95 Seagrove Blv Merriwa WA 6030","Phone number":"(08) 9304 6241"},{"Postcode":"6061","Name":"Ms A Francis","Address":"18 Coniston Way Balga WA 6061","Phone number":"(08) 9342 4865"},{"Postcode":"6061","Name":"R J Francis","Address":"Un 4 41 Wythburn Ave Balga WA 6061","Phone number":"(08) 9349 8707"},{"Postcode":"6062","Name":"B Francis","Address":"21 Discovery Dr Morley WA 6062","Phone number":"(08) 6245 3820"},{"Postcode":"6112","Name":"A Francis","Address":"23 Greenshank Rd Harrisdale WA 6112","Phone number":"(08) 9397 0292"},{"Postcode":"6112","Name":"C Francis","Address":"47 Hillhouse Way Piara Waters WA 6112","Phone number":"(08) 9397 2932"},{"Postcode":"6112","Name":"Mrs E Francis","Address":"32 Portsmouth Way Harrisdale WA 6112","Phone number":"(08) 9393 4047"},{"Postcode":"6112","Name":"H J Francis","Address":"114 Challis Rd Seville Grove WA 6112","Phone number":"(04) 1917 8040"},{"Postcode":"6112","Name":"R Francis","Address":"373 Railway Ave Armadale WA 6112","Phone number":"(08) 9399 4178"},{"Postcode":"6112","Name":"S Francis","Address":"100 Derry Ave Mt Nasura WA 6112","Phone number":"(08) 9399 1275"},{"Postcode":"6153","Name":"J Francis","Address":"4 Atkins Rd Applecross WA 6153","Phone number":"(08) 9364 5396"},{"Postcode":"6153","Name":"L Francis","Address":"15 The Esplanade Mt Pleasant WA 6153","Phone number":"(08) 9316 9339"},{"Postcode":"6112","Name":"A Francis","Address":"23 Greenshank Rd Harrisdale WA 6112","Phone number":"(08) 9397 0292"},{"Postcode":"6112","Name":"C Francis","Address":"47 Hillhouse Way Piara Waters WA 6112","Phone number":"(08) 9397 2932"},{"Postcode":"6112","Name":"Mrs E Francis","Address":"32 Portsmouth Way Harrisdale WA 6112","Phone number":"(08) 9393 4047"},{"Postcode":"6112","Name":"H J Francis","Address":"114 Challis Rd Seville Grove WA 6112","Phone number":"(04) 1917 8040"},{"Postcode":"6112","Name":"R Francis","Address":"373 Railway Ave Armadale WA 6112","Phone number":"(08) 9399 4178"},{"Postcode":"6112","Name":"S Francis","Address":"100 Derry Ave Mt Nasura WA 6112","Phone number":"(08) 9399 1275"},{"Postcode":"6027","Name":"L Francis","Address":"26 Bankfield Ret Ocean Reef WA 6027","Phone number":"(08) 9300 6990"},{"Postcode":"6027","Name":"L G Francis","Address":"20 Johnson Crs Mullaloo WA 6027","Phone number":"(08) 9401 8534"},{"Postcode":"6027","Name":"Mr T L Francis","Address":"16 Emerald Way Edgewater WA 6027","Phone number":"(08) 9405 3947"},{"Postcode":"6027","Name":"W G & J R Francis","Address":"22 King Edward Drv Heathridge WA 6027","Phone number":"(08) 9307 4352"},{"Postcode":"6154","Name":"Colin Francis","Address":"51a North Lake Rd Myaree WA 6154","Phone number":"(08) 9330 7351"},{"Postcode":"6009","Name":"J Francis-Hayes","Address":"108 Smyth Rd Nedlands WA 6009","Phone number":"(08) 9389 5091"},{"Postcode":"6208","Name":"M Francis","Address":"11 Holloway Turn Ravenswood WA 6208","Phone number":"(08) 9537 9558"},{"Postcode":"6061","Name":"Ms A Francis","Address":"18 Coniston Way Balga WA 6061","Phone number":"(08) 9342 4865"},{"Postcode":"6061","Name":"R J Francis","Address":"Un 4 41 Wythburn Ave Balga WA 6061","Phone number":"(08) 9349 8707"},{"Postcode":"6062","Name":"B Francis","Address":"21 Discovery Dr Morley WA 6062","Phone number":"(08) 6245 3820"},{"Postcode":"6163","Name":"K Francis","Address":"Un 4 37 Waverley Rd Coolbellup WA 6163","Phone number":"(08) 9337 3654"},{"Postcode":"6163","Name":"P Francis","Address":"31A Garden Rd Spearwood WA 6163","Phone number":"(08) 9418 8335"},{"Postcode":"6163","Name":"S Francis","Address":"Un 12 6 Brunswick St North Coogee WA 6163","Phone number":"(08) 9395 7273"},{"Postcode":"6163","Name":"Z Francis","Address":"6 Davon St Hamilton Hill WA 6163","Phone number":"(08) 9337 5364"},{"Postcode":"6208","Name":"M Francis","Address":"11 Holloway Turn Ravenswood WA 6208","Phone number":"(08) 9537 9558"},{"Postcode":"6163","Name":"K Francis","Address":"Un 4 37 Waverley Rd Coolbellup WA 6163","Phone number":"(08) 9337 3654"},{"Postcode":"6163","Name":"P Francis","Address":"31A Garden Rd Spearwood WA 6163","Phone number":"(08) 9418 8335"},{"Postcode":"6163","Name":"S Francis","Address":"Un 12 6 Brunswick St North Coogee WA 6163","Phone number":"(08) 9395 7273"},{"Postcode":"6163","Name":"Z Francis","Address":"6 Davon St Hamilton Hill WA 6163","Phone number":"(08) 9337 5364"},{"Postcode":"6027","Name":"L Francis","Address":"26 Bankfield Ret Ocean Reef WA 6027","Phone number":"(08) 9300 6990"},{"Postcode":"6027","Name":"L G Francis","Address":"20 Johnson Crs Mullaloo WA 6027","Phone number":"(08) 9401 8534"},{"Postcode":"6027","Name":"Mr T L Francis","Address":"16 Emerald Way Edgewater WA 6027","Phone number":"(08) 9405 3947"},{"Postcode":"6027","Name":"W G & J R Francis","Address":"22 King Edward Drv Heathridge WA 6027","Phone number":"(08) 9307 4352"},{"Postcode":"6167","Name":"T Francis","Address":"106 Price Pkwy Bertram WA 6167","Phone number":"(08) 9439 4419"},{"Postcode":"6210","Name":"A S Francis","Address":"17 Wisteria La Greenfields WA 6210","Phone number":"(08) 9534 8854"},{"Postcode":"6210","Name":"F Francis","Address":"73 Coolibah Ave Dudley Park WA 6210","Phone number":"(08) 9586 8699"},{"Postcode":"6210","Name":"G Francis","Address":"2 Westview Pde Wannanup WA 6210","Phone number":"(08) 9534 6090"},{"Postcode":"6210","Name":"H Francis","Address":"2 Lomandra Pl Wannanup WA 6210","Phone number":"(08) 9534 6390"},{"Postcode":"6210","Name":"K Francis","Address":"7 Koolyanga Pl Greenfields WA 6210","Phone number":"(08) 9535 9396"},{"Postcode":"6210","Name":"N & M Francis","Address":"48 Perseus Rd Silver Sands WA 6210","Phone number":"(08) 9535 8057"},{"Postcode":"6210","Name":"O M Francis","Address":"Un 9 118 Mandurah Tce Mandurah WA 6210","Phone number":"(08) 9581 2737"},{"Postcode":"6210","Name":"R & E Francis","Address":"228/ 41 Portrush Pde Meadow Springs WA 6210","Phone number":"(08) 9582 5228"},{"Postcode":"6210","Name":"S Francis","Address":"68 Carissa Turn Halls Head WA 6210","Phone number":"(08) 9586 2948"},{"Postcode":"6210","Name":"T & J F Francis","Address":"65 Amazon Drv Greenfields WA 6210","Phone number":"(08) 9581 1849"},{"Postcode":"6147","Name":"V Saunders-Francis","Address":"129 Vellgrove Ave Parkwood WA 6147","Phone number":"(08) 9259 5697"},{"Postcode":"6167","Name":"T Francis","Address":"106 Price Pkwy Bertram WA 6167","Phone number":"(08) 9439 4419"},{"Postcode":"6065","Name":"A Francis","Address":"23 Higginsville Pde Pearsall WA 6065","Phone number":"(08) 9306 1103"},{"Postcode":"6065","Name":"C Francis","Address":"6 Ficarra Way Sinagra WA 6065","Phone number":"(08) 9404 6695"},{"Postcode":"6065","Name":"D R & P J Francis","Address":"19 Baron Loop Madeley WA 6065","Phone number":"(08) 9302 4779"},{"Postcode":"6065","Name":"N Francis","Address":"26 Cantrell Cct Landsdale WA 6065","Phone number":"(08) 9302 5536"},{"Postcode":"6230","Name":"A O A Francis","Address":"33 Queensbury St South Bunbury WA 6230","Phone number":"(08) 9721 4641"},{"Postcode":"6230","Name":"J Francis","Address":"68B Thomas St East Bunbury WA 6230","Phone number":"(08) 9791 5277"},{"Postcode":"6230","Name":"R J Francis","Address":"10 Dunstan St South Bunbury WA 6230","Phone number":"(08) 9721 6553"},{"Postcode":"6230","Name":"S Francis","Address":"21 Columba St South Bunbury WA 6230","Phone number":"(04) 0732 6051"},{"Postcode":"6230","Name":"S L Francis","Address":"21 Columba St South Bunbury WA 6230","Phone number":"(08) 9721 1598"},{"Postcode":"6168","Name":"J Francis","Address":"Un 18 8 Merope Cl Rockingham WA 6168","Phone number":"(08) 9528 1818"},{"Postcode":"6168","Name":"R Francis","Address":"4 Rakoa Pl Cooloongup WA 6168","Phone number":"(08) 9529 3112"},{"Postcode":"6105","Name":"J L Francis","Address":"Un 1 132 Gabriel St Cloverdale WA 6105","Phone number":"(08) 9277 6770"},{"Postcode":"6065","Name":"A Francis","Address":"23 Higginsville Pde Pearsall WA 6065","Phone number":"(08) 9306 1103"},{"Postcode":"6065","Name":"C Francis","Address":"6 Ficarra Way Sinagra WA 6065","Phone number":"(08) 9404 6695"},{"Postcode":"6065","Name":"D R & P J Francis","Address":"19 Baron Loop Madeley WA 6065","Phone number":"(08) 9302 4779"},{"Postcode":"6065","Name":"N Francis","Address":"26 Cantrell Cct Landsdale WA 6065","Phone number":"(08) 9302 5536"},{"Postcode":"6208","Name":"M Francis","Address":"11 Holloway Turn Ravenswood WA 6208","Phone number":"(08) 9537 9558"},{"Postcode":"6208","Name":"M Francis","Address":"11 Holloway Turn Ravenswood WA 6208","Phone number":"(08) 9537 9558"},{"Postcode":"6167","Name":"T Francis","Address":"106 Price Pkwy Bertram WA 6167","Phone number":"(08) 9439 4419"},{"Postcode":"6107","Name":"A Francis","Address":"6 Yallup Pl Cannington WA 6107","Phone number":"(08) 9356 2339"},{"Postcode":"6030","Name":"S A Francis","Address":"95 Seagrove Blv Merriwa WA 6030","Phone number":"(08) 9304 6241"},{"Postcode":"6208","Name":"M Francis","Address":"11 Holloway Turn Ravenswood WA 6208","Phone number":"(08) 9537 9558"}]