[{"Postcode":"6167","Name":"J Fletcher","Address":"61 Millbrook Ave Bertram WA 6167","Phone number":"(08) 9419 3895"},{"Postcode":"6167","Name":"R & K Fletcher","Address":"3 Roscrea Crt Orelia WA 6167","Phone number":"(08) 9419 1550"},{"Postcode":"6167","Name":"S H Fletcher","Address":"7 Maydwell Way Calista WA 6167","Phone number":"(08) 9419 1820"},{"Postcode":"6112","Name":"A L Fletcher","Address":"20 Wolfson Way Piara Waters WA 6112","Phone number":"(08) 9393 3799"},{"Postcode":"6112","Name":"K Fletcher","Address":"10 William St Armadale WA 6112","Phone number":"(08) 9399 2388"},{"Postcode":"6104","Name":"I Fletcher","Address":"188 Keymer St Belmont WA 6104","Phone number":"(08) 9277 6081"},{"Postcode":"6104","Name":"T Fletcher","Address":"180 A Leake St Belmont WA 6104","Phone number":"(08) 9277 4201"},{"Postcode":"6065","Name":"B Fletcher","Address":"16 Brookway Rtt Landsdale WA 6065","Phone number":"(08) 9302 5450"},{"Postcode":"6065","Name":"N Fletcher","Address":"5 Wykes Ct Wanneroo WA 6065","Phone number":"(08) 9206 2943"},{"Postcode":"6065","Name":"S A & S M Fletcher","Address":"10 Clyde Crt Wanneroo WA 6065","Phone number":"(08) 9405 4638"},{"Postcode":"6054","Name":"R J Fletcher","Address":"112 Altone Rd Kiara WA 6054","Phone number":"(08) 9378 3106"},{"Postcode":"6156","Name":"C Fletcher","Address":"Un 4 6 Connell Crt Willagee WA 6156","Phone number":"(08) 9337 8110"},{"Postcode":"6164","Name":"C D Fletcher","Address":"55 Folland Pde Atwell WA 6164","Phone number":"(08) 9498 6504"},{"Postcode":"6164","Name":"C D Fletcher","Address":"55 Folland Pde Atwell WA 6164","Phone number":"(08) 9498 6504"},{"Postcode":"6233","Name":"G W Fletcher","Address":"2 Charman Pl Australind WA 6233","Phone number":"(08) 9725 8678"},{"Postcode":"6233","Name":"R N Fletcher","Address":"51 Fitzgerald Way Australind WA 6233","Phone number":"(04) 1994 5333"},{"Postcode":"6233","Name":"T Fletcher","Address":"23 Roberts Rd Leschenault WA 6233","Phone number":"(04) 1904 6138"},{"Postcode":"6171","Name":"M Fletcher","Address":"5 Mentor St Baldivis WA 6171","Phone number":"(04) 1902 9775"},{"Postcode":"6061","Name":"L Fletcher","Address":"31 Cartmell Way Balga WA 6061","Phone number":"(04) 1524 8008"},{"Postcode":"6164","Name":"C D Fletcher","Address":"55 Folland Pde Atwell WA 6164","Phone number":"(08) 9498 6504"},{"Postcode":"6031","Name":"C Fletcher","Address":"62 Golf Links Dr Carramar WA 6031","Phone number":"(04) 0010 9590"},{"Postcode":"6210","Name":"C Fletcher","Address":"4 McKerracher St Dudley Park WA 6210","Phone number":"(08) 9535 2902"},{"Postcode":"6210","Name":"C & A Fletcher","Address":"12 Nutbush Ave Falcon WA 6210","Phone number":"(08) 9534 3336"},{"Postcode":"6210","Name":"J Fletcher","Address":"3 Laidley Way Greenfields WA 6210","Phone number":"(08) 9581 7786"},{"Postcode":"6210","Name":"L Fletcher","Address":"121 Mclarty Rd Halls Head WA 6210","Phone number":"(04) 2721 6889"},{"Postcode":"6210","Name":"M Fletcher","Address":"28 Glencoe Pde Halls Head WA 6210","Phone number":"(08) 9582 8319"},{"Postcode":"6210","Name":"M E Fletcher","Address":"117 Waterlily Dr Dudley Park WA 6210","Phone number":"(04) 0910 4680"},{"Postcode":"6054","Name":"R J Fletcher","Address":"112 Altone Rd Kiara WA 6054","Phone number":"(08) 9378 3106"},{"Postcode":"6053","Name":"Miss H Fletcher","Address":"Un 6 5 Neville St Bayswater WA 6053","Phone number":"(08) 9371 1180"},{"Postcode":"6053","Name":"P M Fletcher","Address":"7 Salisbury St Bayswater WA 6053","Phone number":"(08) 9272 4745"},{"Postcode":"6162","Name":"E Fletcher","Address":"418 South Tce South Fremantle WA 6162","Phone number":"(08) 9336 7272"},{"Postcode":"6107","Name":"P Fletcher","Address":"136 Hollis Rd Wilson WA 6107","Phone number":"(08) 9458 1985"},{"Postcode":"6112","Name":"A L Fletcher","Address":"20 Wolfson Way Piara Waters WA 6112","Phone number":"(08) 9393 3799"},{"Postcode":"6112","Name":"K Fletcher","Address":"10 William St Armadale WA 6112","Phone number":"(08) 9399 2388"},{"Postcode":"6164","Name":"C D Fletcher","Address":"55 Folland Pde Atwell WA 6164","Phone number":"(08) 9498 6504"},{"Postcode":"6069","Name":"G & A Fletcher","Address":"362 Vines Ave The Vines WA 6069","Phone number":"(08) 9297 1318"},{"Postcode":"6069","Name":"V Fletcher","Address":"12 Convallis Vsta The Vines WA 6069","Phone number":"(08) 9296 7818"},{"Postcode":"6104","Name":"I Fletcher","Address":"188 Keymer St Belmont WA 6104","Phone number":"(08) 9277 6081"},{"Postcode":"6104","Name":"T Fletcher","Address":"180 A Leake St Belmont WA 6104","Phone number":"(08) 9277 4201"},{"Postcode":"6102","Name":"F Fletcher","Address":"23 Behan St Bentley WA 6102","Phone number":"(08) 9351 8247"},{"Postcode":"6167","Name":"J Fletcher","Address":"61 Millbrook Ave Bertram WA 6167","Phone number":"(08) 9419 3895"},{"Postcode":"6167","Name":"R & K Fletcher","Address":"3 Roscrea Crt Orelia WA 6167","Phone number":"(08) 9419 1550"},{"Postcode":"6167","Name":"S H Fletcher","Address":"7 Maydwell Way Calista WA 6167","Phone number":"(08) 9419 1820"},{"Postcode":"6076","Name":"E & J Fletcher","Address":"54 Watsonia Rd Gooseberry Hill WA 6076","Phone number":"(08) 9454 6725"},{"Postcode":"6076","Name":"J Fletcher","Address":"10 - 14 Central Mall Kalamunda WA 6076","Phone number":"(04) 0205 6416"},{"Postcode":"6076","Name":"Mrs N D & A W Fletcher","Address":"Un 7 173 Lesmurdie Rd Lesmurdie WA 6076","Phone number":"(08) 6293 1052"},{"Postcode":"6157","Name":"C Fletcher","Address":"4 Kent St Bicton WA 6157","Phone number":"(04) 1774 4440"},{"Postcode":"6157","Name":"T C Fletcher","Address":"Un 3 171 Stock Rd Palmyra WA 6157","Phone number":"(08) 9330 6262"},{"Postcode":"6233","Name":"G W Fletcher","Address":"2 Charman Pl Australind WA 6233","Phone number":"(08) 9725 8678"},{"Postcode":"6233","Name":"R N Fletcher","Address":"51 Fitzgerald Way Australind WA 6233","Phone number":"(04) 1994 5333"},{"Postcode":"6233","Name":"T Fletcher","Address":"23 Roberts Rd Leschenault WA 6233","Phone number":"(04) 1904 6138"},{"Postcode":"6208","Name":"R Fletcher","Address":"11 Apricot St Pinjarra WA 6208","Phone number":"(08) 9531 1884"},{"Postcode":"6210","Name":"C Fletcher","Address":"4 McKerracher St Dudley Park WA 6210","Phone number":"(08) 9535 2902"},{"Postcode":"6210","Name":"C & A Fletcher","Address":"12 Nutbush Ave Falcon WA 6210","Phone number":"(08) 9534 3336"},{"Postcode":"6210","Name":"J Fletcher","Address":"3 Laidley Way Greenfields WA 6210","Phone number":"(08) 9581 7786"},{"Postcode":"6210","Name":"L Fletcher","Address":"121 Mclarty Rd Halls Head WA 6210","Phone number":"(04) 2721 6889"},{"Postcode":"6210","Name":"M Fletcher","Address":"28 Glencoe Pde Halls Head WA 6210","Phone number":"(08) 9582 8319"},{"Postcode":"6210","Name":"M E Fletcher","Address":"117 Waterlily Dr Dudley Park WA 6210","Phone number":"(04) 0910 4680"},{"Postcode":"6043","Name":"D L Fletcher","Address":"4 Wedge St Ledge Point WA 6043","Phone number":"(08) 9655 2034"},{"Postcode":"6069","Name":"G & A Fletcher","Address":"362 Vines Ave The Vines WA 6069","Phone number":"(08) 9297 1318"},{"Postcode":"6069","Name":"V Fletcher","Address":"12 Convallis Vsta The Vines WA 6069","Phone number":"(08) 9296 7818"},{"Postcode":"6112","Name":"A L Fletcher","Address":"20 Wolfson Way Piara Waters WA 6112","Phone number":"(08) 9393 3799"},{"Postcode":"6112","Name":"K Fletcher","Address":"10 William St Armadale WA 6112","Phone number":"(08) 9399 2388"},{"Postcode":"6149","Name":"A Fletcher","Address":"14 Endeavour Ave Bull Creek WA 6149","Phone number":"(08) 9332 8161"},{"Postcode":"6149","Name":"I Fletcher","Address":"32 Matthew Ave Leeming WA 6149","Phone number":"(08) 9332 5699"},{"Postcode":"6230","Name":"C A F Fletcher","Address":"1 Morony Mews Gelorup WA 6230","Phone number":"(08) 9795 7138"},{"Postcode":"6230","Name":"Mr K & L Fletcher","Address":"5 Smythe Cres South Bunbury WA 6230","Phone number":"(08) 9721 2242"},{"Postcode":"6230","Name":"M Fletcher","Address":"14 Oleander Pl East Bunbury WA 6230","Phone number":"(08) 9791 8512"},{"Postcode":"6100","Name":"M N R Fletcher","Address":"22 Rayment St Lathlain WA 6100","Phone number":"(08) 9361 8431"},{"Postcode":"6100","Name":"P Fletcher","Address":"38 Midgley St Lathlain WA 6100","Phone number":"(08) 9472 1161"},{"Postcode":"6036","Name":"C Fletcher","Address":"7 Polo Way Butler WA 6036","Phone number":"(08) 9562 0628"},{"Postcode":"6167","Name":"J Fletcher","Address":"61 Millbrook Ave Bertram WA 6167","Phone number":"(08) 9419 3895"},{"Postcode":"6167","Name":"R & K Fletcher","Address":"3 Roscrea Crt Orelia WA 6167","Phone number":"(08) 9419 1550"},{"Postcode":"6167","Name":"S H Fletcher","Address":"7 Maydwell Way Calista WA 6167","Phone number":"(08) 9419 1820"},{"Postcode":"6111","Name":"M F Fletcher","Address":"22 Garland Rd Roleystone WA 6111","Phone number":"(08) 9496 2942"},{"Postcode":"6155","Name":"C Fletcher","Address":"173 Rostrata Ave Willetton WA 6155","Phone number":"(08) 9457 0610"},{"Postcode":"6155","Name":"C Fletcher","Address":"173 Rostrata Ave Willetton WA 6155","Phone number":"(08) 9457 0610"},{"Postcode":"6107","Name":"P Fletcher","Address":"136 Hollis Rd Wilson WA 6107","Phone number":"(08) 9458 1985"},{"Postcode":"6230","Name":"C A F Fletcher","Address":"1 Morony Mews Gelorup WA 6230","Phone number":"(08) 9795 7138"},{"Postcode":"6230","Name":"Mr K & L Fletcher","Address":"5 Smythe Cres South Bunbury WA 6230","Phone number":"(08) 9721 2242"},{"Postcode":"6230","Name":"M Fletcher","Address":"14 Oleander Pl East Bunbury WA 6230","Phone number":"(08) 9791 8512"},{"Postcode":"6020","Name":"G R Stirling E R Fletcher","Address":"11 Glomar Rse Sorrento WA 6020","Phone number":"(08) 9447 9945"},{"Postcode":"6020","Name":"O Fletcher","Address":"7 Harman Rd Sorrento WA 6020","Phone number":"(08) 9447 3310"},{"Postcode":"6101","Name":"B Fletcher","Address":"37 Camberwell St East Victoria Park WA 6101","Phone number":"(08) 9470 2061"},{"Postcode":"6101","Name":"M Fletcher","Address":"65A Sussex St East Victoria Park WA 6101","Phone number":"(08) 9361 1107"},{"Postcode":"6076","Name":"E & J Fletcher","Address":"54 Watsonia Rd Gooseberry Hill WA 6076","Phone number":"(08) 9454 6725"},{"Postcode":"6076","Name":"J Fletcher","Address":"10 - 14 Central Mall Kalamunda WA 6076","Phone number":"(04) 0205 6416"},{"Postcode":"6076","Name":"Mrs N D & A W Fletcher","Address":"Un 7 173 Lesmurdie Rd Lesmurdie WA 6076","Phone number":"(08) 6293 1052"},{"Postcode":"6167","Name":"J Fletcher","Address":"61 Millbrook Ave Bertram WA 6167","Phone number":"(08) 9419 3895"},{"Postcode":"6167","Name":"R & K Fletcher","Address":"3 Roscrea Crt Orelia WA 6167","Phone number":"(08) 9419 1550"},{"Postcode":"6167","Name":"S H Fletcher","Address":"7 Maydwell Way Calista WA 6167","Phone number":"(08) 9419 1820"},{"Postcode":"6055","Name":"H Fletcher","Address":"Site 135 219 Midland Rd Hazelmere WA 6055","Phone number":"(08) 9274 2448"},{"Postcode":"6111","Name":"M F Fletcher","Address":"22 Garland Rd Roleystone WA 6111","Phone number":"(08) 9496 2942"},{"Postcode":"6018","Name":"J Fletcher","Address":"16 Edmondson Crs Karrinyup WA 6018","Phone number":"(08) 9445 7038"},{"Postcode":"6018","Name":"N Fletcher","Address":"Un 12 136 Hancock St Doubleview WA 6018","Phone number":"(08) 9244 8783"},{"Postcode":"6018","Name":"R Fletcher","Address":"51 Oxcliffe Rd Doubleview WA 6018","Phone number":"(08) 9446 3687"},{"Postcode":"6015","Name":"M Fletcher","Address":"Vil 125 60 Kalinda Drv City Beach WA 6015","Phone number":"(08) 9385 8634"},{"Postcode":"6030","Name":"B Fletcher","Address":"33 Trephna Mews Clarkson WA 6030","Phone number":"(04) 1893 9069"},{"Postcode":"6030","Name":"B Fletcher","Address":"Un 198 76 Ridgewood Blv Ridgewood WA 6030","Phone number":"(08) 9305 7374"},{"Postcode":"6030","Name":"B J Fletcher","Address":"33 Trephina Mews Clarkson WA 6030","Phone number":"(08) 9305 0689"},{"Postcode":"6030","Name":"C Fletcher","Address":"18 Antares St Clarkson WA 6030","Phone number":"(08) 9408 5771"},{"Postcode":"6030","Name":"C Fletcher","Address":"140 Ocean Drv Quinns Rocks WA 6030","Phone number":"(08) 9305 1058"},{"Postcode":"6030","Name":"R & L Fletcher","Address":"15 Ronez Elb Merriwa WA 6030","Phone number":"(08) 9305 1981"},{"Postcode":"6210","Name":"C Fletcher","Address":"4 McKerracher St Dudley Park WA 6210","Phone number":"(08) 9535 2902"},{"Postcode":"6210","Name":"C & A Fletcher","Address":"12 Nutbush Ave Falcon WA 6210","Phone number":"(08) 9534 3336"},{"Postcode":"6210","Name":"J Fletcher","Address":"3 Laidley Way Greenfields WA 6210","Phone number":"(08) 9581 7786"},{"Postcode":"6210","Name":"L Fletcher","Address":"121 Mclarty Rd Halls Head WA 6210","Phone number":"(04) 2721 6889"},{"Postcode":"6210","Name":"M Fletcher","Address":"28 Glencoe Pde Halls Head WA 6210","Phone number":"(08) 9582 8319"},{"Postcode":"6210","Name":"M E Fletcher","Address":"117 Waterlily Dr Dudley Park WA 6210","Phone number":"(04) 0910 4680"},{"Postcode":"6105","Name":"G Fletcher","Address":"360 Abernethy Rd Cloverdale WA 6105","Phone number":"(08) 9277 4507"},{"Postcode":"6230","Name":"C A F Fletcher","Address":"1 Morony Mews Gelorup WA 6230","Phone number":"(08) 9795 7138"},{"Postcode":"6230","Name":"Mr K & L Fletcher","Address":"5 Smythe Cres South Bunbury WA 6230","Phone number":"(08) 9721 2242"},{"Postcode":"6230","Name":"M Fletcher","Address":"14 Oleander Pl East Bunbury WA 6230","Phone number":"(08) 9791 8512"},{"Postcode":"6152","Name":"C Fletcher","Address":"7 Roebuck Drv Salter Point WA 6152","Phone number":"(08) 9450 4686"},{"Postcode":"6152","Name":"I R Fletcher","Address":"3 A Griffin Crs Manning WA 6152","Phone number":"(08) 9450 5033"},{"Postcode":"6152","Name":"S Fletcher","Address":"Un 1 55 Canavan Crs Manning WA 6152","Phone number":"(08) 9313 4554"},{"Postcode":"6210","Name":"C Fletcher","Address":"4 McKerracher St Dudley Park WA 6210","Phone number":"(08) 9535 2902"},{"Postcode":"6210","Name":"C & A Fletcher","Address":"12 Nutbush Ave Falcon WA 6210","Phone number":"(08) 9534 3336"},{"Postcode":"6210","Name":"J Fletcher","Address":"3 Laidley Way Greenfields WA 6210","Phone number":"(08) 9581 7786"},{"Postcode":"6210","Name":"L Fletcher","Address":"121 Mclarty Rd Halls Head WA 6210","Phone number":"(04) 2721 6889"},{"Postcode":"6210","Name":"M Fletcher","Address":"28 Glencoe Pde Halls Head WA 6210","Phone number":"(08) 9582 8319"},{"Postcode":"6210","Name":"M E Fletcher","Address":"117 Waterlily Dr Dudley Park WA 6210","Phone number":"(04) 0910 4680"},{"Postcode":"6050","Name":"Mr R Fletcher.","Address":"18 Roy St Mt Lawley WA 6050","Phone number":"(08) 9328 4623"},{"Postcode":"6050","Name":"M M Fletcher-Jones","Address":"87B Central Ave Mt Lawley WA 6050","Phone number":"(08) 9271 8270"},{"Postcode":"6168","Name":"A Fletcher","Address":"17 Collie Cl Rockingham WA 6168","Phone number":"(08) 9591 2646"},{"Postcode":"6168","Name":"A R Fletcher","Address":"Un 6 61 Jecks St Rockingham WA 6168","Phone number":"(08) 9592 6328"},{"Postcode":"6168","Name":"S Fletcher","Address":"9 Bradbury St Rockingham WA 6168","Phone number":"(04) 2843 2600"},{"Postcode":"6168","Name":"S Fletcher","Address":"Un 5 9 Bradbury St Rockingham WA 6168","Phone number":"(08) 9528 4326"},{"Postcode":"6011","Name":"P J Fletcher-Dutton","Address":"8 Warnham Rd Cottesloe WA 6011","Phone number":"(04) 3812 6764"},{"Postcode":"6025","Name":"D Fletcher","Address":"11 Armytage Way Hillarys WA 6025","Phone number":"(08) 9401 6051"},{"Postcode":"6025","Name":"P F Fletcher","Address":"1 Gosse Rd Padbury WA 6025","Phone number":"(08) 9401 3928"},{"Postcode":"6025","Name":"R Fletcher","Address":"15 Trusmore Crs Craigie WA 6025","Phone number":"(08) 9401 8190"},{"Postcode":"6025","Name":"S Fletcher","Address":"128 Waterford Drv Hillarys WA 6025","Phone number":"(08) 9401 9033"},{"Postcode":"6008","Name":"I Fletcher","Address":"15 Park St Subiaco WA 6008","Phone number":"(08) 9381 1771"},{"Postcode":"6008","Name":"W Fletcher","Address":"237 Nicholson Rd Shenton Park WA 6008","Phone number":"(08) 9381 3613"},{"Postcode":"6230","Name":"C A F Fletcher","Address":"1 Morony Mews Gelorup WA 6230","Phone number":"(08) 9795 7138"},{"Postcode":"6230","Name":"Mr K & L Fletcher","Address":"5 Smythe Cres South Bunbury WA 6230","Phone number":"(08) 9721 2242"},{"Postcode":"6230","Name":"M Fletcher","Address":"14 Oleander Pl East Bunbury WA 6230","Phone number":"(08) 9791 8512"},{"Postcode":"6065","Name":"B Fletcher","Address":"16 Brookway Rtt Landsdale WA 6065","Phone number":"(08) 9302 5450"},{"Postcode":"6065","Name":"N Fletcher","Address":"5 Wykes Ct Wanneroo WA 6065","Phone number":"(08) 9206 2943"},{"Postcode":"6065","Name":"S A & S M Fletcher","Address":"10 Clyde Crt Wanneroo WA 6065","Phone number":"(08) 9405 4638"},{"Postcode":"6070","Name":"Mr W C Fletcher","Address":"9 Lukin Ave Darlington WA 6070","Phone number":"(08) 9299 7005"},{"Postcode":"6230","Name":"C A F Fletcher","Address":"1 Morony Mews Gelorup WA 6230","Phone number":"(08) 9795 7138"},{"Postcode":"6230","Name":"Mr K & L Fletcher","Address":"5 Smythe Cres South Bunbury WA 6230","Phone number":"(08) 9721 2242"},{"Postcode":"6230","Name":"M Fletcher","Address":"14 Oleander Pl East Bunbury WA 6230","Phone number":"(08) 9791 8512"},{"Postcode":"6210","Name":"C Fletcher","Address":"4 McKerracher St Dudley Park WA 6210","Phone number":"(08) 9535 2902"},{"Postcode":"6210","Name":"C & A Fletcher","Address":"12 Nutbush Ave Falcon WA 6210","Phone number":"(08) 9534 3336"},{"Postcode":"6210","Name":"J Fletcher","Address":"3 Laidley Way Greenfields WA 6210","Phone number":"(08) 9581 7786"},{"Postcode":"6210","Name":"L Fletcher","Address":"121 Mclarty Rd Halls Head WA 6210","Phone number":"(04) 2721 6889"},{"Postcode":"6210","Name":"M Fletcher","Address":"28 Glencoe Pde Halls Head WA 6210","Phone number":"(08) 9582 8319"},{"Postcode":"6210","Name":"M E Fletcher","Address":"117 Waterlily Dr Dudley Park WA 6210","Phone number":"(04) 0910 4680"},{"Postcode":"6059","Name":"D Fletcher","Address":"Un 7 3 Coralberry Crs Dianella WA 6059","Phone number":"(08) 9349 3181"},{"Postcode":"6018","Name":"J Fletcher","Address":"16 Edmondson Crs Karrinyup WA 6018","Phone number":"(08) 9445 7038"},{"Postcode":"6018","Name":"N Fletcher","Address":"Un 12 136 Hancock St Doubleview WA 6018","Phone number":"(08) 9244 8783"},{"Postcode":"6018","Name":"R Fletcher","Address":"51 Oxcliffe Rd Doubleview WA 6018","Phone number":"(08) 9446 3687"},{"Postcode":"6210","Name":"C Fletcher","Address":"4 McKerracher St Dudley Park WA 6210","Phone number":"(08) 9535 2902"},{"Postcode":"6210","Name":"C & A Fletcher","Address":"12 Nutbush Ave Falcon WA 6210","Phone number":"(08) 9534 3336"},{"Postcode":"6210","Name":"J Fletcher","Address":"3 Laidley Way Greenfields WA 6210","Phone number":"(08) 9581 7786"},{"Postcode":"6210","Name":"L Fletcher","Address":"121 Mclarty Rd Halls Head WA 6210","Phone number":"(04) 2721 6889"},{"Postcode":"6210","Name":"M Fletcher","Address":"28 Glencoe Pde Halls Head WA 6210","Phone number":"(08) 9582 8319"},{"Postcode":"6210","Name":"M E Fletcher","Address":"117 Waterlily Dr Dudley Park WA 6210","Phone number":"(04) 0910 4680"},{"Postcode":"6230","Name":"C A F Fletcher","Address":"1 Morony Mews Gelorup WA 6230","Phone number":"(08) 9795 7138"},{"Postcode":"6230","Name":"Mr K & L Fletcher","Address":"5 Smythe Cres South Bunbury WA 6230","Phone number":"(08) 9721 2242"},{"Postcode":"6230","Name":"M Fletcher","Address":"14 Oleander Pl East Bunbury WA 6230","Phone number":"(08) 9791 8512"},{"Postcode":"6004","Name":"R C Fletcher","Address":"45 Haig Park Crcle East Perth WA 6004","Phone number":"(08) 9225 5721"},{"Postcode":"6168","Name":"A Fletcher","Address":"17 Collie Cl Rockingham WA 6168","Phone number":"(08) 9591 2646"},{"Postcode":"6168","Name":"A R Fletcher","Address":"Un 6 61 Jecks St Rockingham WA 6168","Phone number":"(08) 9592 6328"},{"Postcode":"6168","Name":"S Fletcher","Address":"9 Bradbury St Rockingham WA 6168","Phone number":"(04) 2843 2600"},{"Postcode":"6168","Name":"S Fletcher","Address":"Un 5 9 Bradbury St Rockingham WA 6168","Phone number":"(08) 9528 4326"},{"Postcode":"6101","Name":"B Fletcher","Address":"37 Camberwell St East Victoria Park WA 6101","Phone number":"(08) 9470 2061"},{"Postcode":"6101","Name":"M Fletcher","Address":"65A Sussex St East Victoria Park WA 6101","Phone number":"(08) 9361 1107"},{"Postcode":"6232","Name":"M Fletcher","Address":"14 Charnley Vis Millbridge WA 6232","Phone number":"(08) 9725 3688"},{"Postcode":"6054","Name":"R J Fletcher","Address":"112 Altone Rd Kiara WA 6054","Phone number":"(08) 9378 3106"},{"Postcode":"6069","Name":"G & A Fletcher","Address":"362 Vines Ave The Vines WA 6069","Phone number":"(08) 9297 1318"},{"Postcode":"6069","Name":"V Fletcher","Address":"12 Convallis Vsta The Vines WA 6069","Phone number":"(08) 9296 7818"},{"Postcode":"6069","Name":"G & A Fletcher","Address":"362 Vines Ave The Vines WA 6069","Phone number":"(08) 9297 1318"},{"Postcode":"6069","Name":"V Fletcher","Address":"12 Convallis Vsta The Vines WA 6069","Phone number":"(08) 9296 7818"},{"Postcode":"6062","Name":"Ms J Fletcher.","Address":"28 Woodhouse Way Noranda WA 6062","Phone number":"(08) 9276 6910"},{"Postcode":"6210","Name":"C Fletcher","Address":"4 McKerracher St Dudley Park WA 6210","Phone number":"(08) 9535 2902"},{"Postcode":"6210","Name":"C & A Fletcher","Address":"12 Nutbush Ave Falcon WA 6210","Phone number":"(08) 9534 3336"},{"Postcode":"6210","Name":"J Fletcher","Address":"3 Laidley Way Greenfields WA 6210","Phone number":"(08) 9581 7786"},{"Postcode":"6210","Name":"L Fletcher","Address":"121 Mclarty Rd Halls Head WA 6210","Phone number":"(04) 2721 6889"},{"Postcode":"6210","Name":"M Fletcher","Address":"28 Glencoe Pde Halls Head WA 6210","Phone number":"(08) 9582 8319"},{"Postcode":"6210","Name":"M E Fletcher","Address":"117 Waterlily Dr Dudley Park WA 6210","Phone number":"(04) 0910 4680"},{"Postcode":"6208","Name":"R Fletcher","Address":"11 Apricot St Pinjarra WA 6208","Phone number":"(08) 9531 1884"},{"Postcode":"6210","Name":"C Fletcher","Address":"4 McKerracher St Dudley Park WA 6210","Phone number":"(08) 9535 2902"},{"Postcode":"6210","Name":"C & A Fletcher","Address":"12 Nutbush Ave Falcon WA 6210","Phone number":"(08) 9534 3336"},{"Postcode":"6210","Name":"J Fletcher","Address":"3 Laidley Way Greenfields WA 6210","Phone number":"(08) 9581 7786"},{"Postcode":"6210","Name":"L Fletcher","Address":"121 Mclarty Rd Halls Head WA 6210","Phone number":"(04) 2721 6889"},{"Postcode":"6210","Name":"M Fletcher","Address":"28 Glencoe Pde Halls Head WA 6210","Phone number":"(08) 9582 8319"},{"Postcode":"6210","Name":"M E Fletcher","Address":"117 Waterlily Dr Dudley Park WA 6210","Phone number":"(04) 0910 4680"},{"Postcode":"6148","Name":"J Fletcher","Address":"16 Saurel Way Ferndale WA 6148","Phone number":"(08) 9258 6272"},{"Postcode":"6148","Name":"J E Fletcher","Address":"7 Crowea Way Ferndale WA 6148","Phone number":"(08) 9451 8490"},{"Postcode":"6112","Name":"A L Fletcher","Address":"20 Wolfson Way Piara Waters WA 6112","Phone number":"(08) 9393 3799"},{"Postcode":"6112","Name":"K Fletcher","Address":"10 William St Armadale WA 6112","Phone number":"(08) 9399 2388"},{"Postcode":"6058","Name":"M Fletcher","Address":"33 Kalmia Way Forrestfield WA 6058","Phone number":"(08) 9453 1197"},{"Postcode":"6160","Name":"D & P Fletcher-Hughes","Address":"44 Bellevue Tce Fremantle WA 6160","Phone number":"(08) 9335 3138"},{"Postcode":"6210","Name":"C Fletcher","Address":"4 McKerracher St Dudley Park WA 6210","Phone number":"(08) 9535 2902"},{"Postcode":"6210","Name":"C & A Fletcher","Address":"12 Nutbush Ave Falcon WA 6210","Phone number":"(08) 9534 3336"},{"Postcode":"6210","Name":"J Fletcher","Address":"3 Laidley Way Greenfields WA 6210","Phone number":"(08) 9581 7786"},{"Postcode":"6210","Name":"L Fletcher","Address":"121 Mclarty Rd Halls Head WA 6210","Phone number":"(04) 2721 6889"},{"Postcode":"6210","Name":"M Fletcher","Address":"28 Glencoe Pde Halls Head WA 6210","Phone number":"(08) 9582 8319"},{"Postcode":"6210","Name":"M E Fletcher","Address":"117 Waterlily Dr Dudley Park WA 6210","Phone number":"(04) 0910 4680"},{"Postcode":"6168","Name":"A Fletcher","Address":"17 Collie Cl Rockingham WA 6168","Phone number":"(08) 9591 2646"},{"Postcode":"6168","Name":"A R Fletcher","Address":"Un 6 61 Jecks St Rockingham WA 6168","Phone number":"(08) 9592 6328"},{"Postcode":"6168","Name":"S Fletcher","Address":"9 Bradbury St Rockingham WA 6168","Phone number":"(04) 2843 2600"},{"Postcode":"6168","Name":"S Fletcher","Address":"Un 5 9 Bradbury St Rockingham WA 6168","Phone number":"(08) 9528 4326"},{"Postcode":"6230","Name":"C A F Fletcher","Address":"1 Morony Mews Gelorup WA 6230","Phone number":"(08) 9795 7138"},{"Postcode":"6230","Name":"Mr K & L Fletcher","Address":"5 Smythe Cres South Bunbury WA 6230","Phone number":"(08) 9721 2242"},{"Postcode":"6230","Name":"M Fletcher","Address":"14 Oleander Pl East Bunbury WA 6230","Phone number":"(08) 9791 8512"},{"Postcode":"6230","Name":"C A F Fletcher","Address":"1 Morony Mews Gelorup WA 6230","Phone number":"(08) 9795 7138"},{"Postcode":"6230","Name":"Mr K & L Fletcher","Address":"5 Smythe Cres South Bunbury WA 6230","Phone number":"(08) 9721 2242"},{"Postcode":"6230","Name":"M Fletcher","Address":"14 Oleander Pl East Bunbury WA 6230","Phone number":"(08) 9791 8512"},{"Postcode":"6016","Name":"N Fletcher","Address":"13 Bondi St Mt Hawthorn WA 6016","Phone number":"(08) 9444 1387"},{"Postcode":"6065","Name":"B Fletcher","Address":"16 Brookway Rtt Landsdale WA 6065","Phone number":"(08) 9302 5450"},{"Postcode":"6065","Name":"N Fletcher","Address":"5 Wykes Ct Wanneroo WA 6065","Phone number":"(08) 9206 2943"},{"Postcode":"6065","Name":"S A & S M Fletcher","Address":"10 Clyde Crt Wanneroo WA 6065","Phone number":"(08) 9405 4638"},{"Postcode":"6076","Name":"E & J Fletcher","Address":"54 Watsonia Rd Gooseberry Hill WA 6076","Phone number":"(08) 9454 6725"},{"Postcode":"6076","Name":"J Fletcher","Address":"10 - 14 Central Mall Kalamunda WA 6076","Phone number":"(04) 0205 6416"},{"Postcode":"6076","Name":"Mrs N D & A W Fletcher","Address":"Un 7 173 Lesmurdie Rd Lesmurdie WA 6076","Phone number":"(08) 6293 1052"},{"Postcode":"6110","Name":"S Fletcher","Address":"5 Carson Crt Gosnells WA 6110","Phone number":"(08) 9398 2817"},{"Postcode":"6210","Name":"C Fletcher","Address":"4 McKerracher St Dudley Park WA 6210","Phone number":"(08) 9535 2902"},{"Postcode":"6210","Name":"C & A Fletcher","Address":"12 Nutbush Ave Falcon WA 6210","Phone number":"(08) 9534 3336"},{"Postcode":"6210","Name":"J Fletcher","Address":"3 Laidley Way Greenfields WA 6210","Phone number":"(08) 9581 7786"},{"Postcode":"6210","Name":"L Fletcher","Address":"121 Mclarty Rd Halls Head WA 6210","Phone number":"(04) 2721 6889"},{"Postcode":"6210","Name":"M Fletcher","Address":"28 Glencoe Pde Halls Head WA 6210","Phone number":"(08) 9582 8319"},{"Postcode":"6210","Name":"M E Fletcher","Address":"117 Waterlily Dr Dudley Park WA 6210","Phone number":"(04) 0910 4680"},{"Postcode":"6024","Name":"C Fletcher","Address":"72 Sandalwood Drv Greenwood WA 6024","Phone number":"(08) 9447 3337"},{"Postcode":"6024","Name":"K Fletcher","Address":"51 Sandalwood Drv Greenwood WA 6024","Phone number":"(08) 9447 1264"},{"Postcode":"6024","Name":"T Fletcher","Address":"7 Glenmere Rd Warwick WA 6024","Phone number":"(08) 9447 1053"},{"Postcode":"6055","Name":"H Fletcher","Address":"Site 135 219 Midland Rd Hazelmere WA 6055","Phone number":"(08) 9274 2448"},{"Postcode":"6018","Name":"J Fletcher","Address":"16 Edmondson Crs Karrinyup WA 6018","Phone number":"(08) 9445 7038"},{"Postcode":"6018","Name":"N Fletcher","Address":"Un 12 136 Hancock St Doubleview WA 6018","Phone number":"(08) 9244 8783"},{"Postcode":"6018","Name":"R Fletcher","Address":"51 Oxcliffe Rd Doubleview WA 6018","Phone number":"(08) 9446 3687"},{"Postcode":"6076","Name":"E & J Fletcher","Address":"54 Watsonia Rd Gooseberry Hill WA 6076","Phone number":"(08) 9454 6725"},{"Postcode":"6076","Name":"J Fletcher","Address":"10 - 14 Central Mall Kalamunda WA 6076","Phone number":"(04) 0205 6416"},{"Postcode":"6076","Name":"Mrs N D & A W Fletcher","Address":"Un 7 173 Lesmurdie Rd Lesmurdie WA 6076","Phone number":"(08) 6293 1052"},{"Postcode":"6210","Name":"C Fletcher","Address":"4 McKerracher St Dudley Park WA 6210","Phone number":"(08) 9535 2902"},{"Postcode":"6210","Name":"C & A Fletcher","Address":"12 Nutbush Ave Falcon WA 6210","Phone number":"(08) 9534 3336"},{"Postcode":"6210","Name":"J Fletcher","Address":"3 Laidley Way Greenfields WA 6210","Phone number":"(08) 9581 7786"},{"Postcode":"6210","Name":"L Fletcher","Address":"121 Mclarty Rd Halls Head WA 6210","Phone number":"(04) 2721 6889"},{"Postcode":"6210","Name":"M Fletcher","Address":"28 Glencoe Pde Halls Head WA 6210","Phone number":"(08) 9582 8319"},{"Postcode":"6210","Name":"M E Fletcher","Address":"117 Waterlily Dr Dudley Park WA 6210","Phone number":"(04) 0910 4680"},{"Postcode":"6164","Name":"C D Fletcher","Address":"55 Folland Pde Atwell WA 6164","Phone number":"(08) 9498 6504"},{"Postcode":"6055","Name":"H Fletcher","Address":"Site 135 219 Midland Rd Hazelmere WA 6055","Phone number":"(08) 9274 2448"},{"Postcode":"6055","Name":"H Fletcher","Address":"Site 135 219 Midland Rd Hazelmere WA 6055","Phone number":"(08) 9274 2448"},{"Postcode":"6210","Name":"C Fletcher","Address":"4 McKerracher St Dudley Park WA 6210","Phone number":"(08) 9535 2902"},{"Postcode":"6210","Name":"C & A Fletcher","Address":"12 Nutbush Ave Falcon WA 6210","Phone number":"(08) 9534 3336"},{"Postcode":"6210","Name":"J Fletcher","Address":"3 Laidley Way Greenfields WA 6210","Phone number":"(08) 9581 7786"},{"Postcode":"6210","Name":"L Fletcher","Address":"121 Mclarty Rd Halls Head WA 6210","Phone number":"(04) 2721 6889"},{"Postcode":"6210","Name":"M Fletcher","Address":"28 Glencoe Pde Halls Head WA 6210","Phone number":"(08) 9582 8319"},{"Postcode":"6210","Name":"M E Fletcher","Address":"117 Waterlily Dr Dudley Park WA 6210","Phone number":"(04) 0910 4680"},{"Postcode":"6057","Name":"Mike & Jill Fletcher","Address":"59 Norwood Rd Maida Vale WA 6057","Phone number":"(08) 9454 9946"},{"Postcode":"6057","Name":"P Fletcher","Address":"27 Bluebell Ave High Wycombe WA 6057","Phone number":"(08) 9454 7043"},{"Postcode":"6025","Name":"D Fletcher","Address":"11 Armytage Way Hillarys WA 6025","Phone number":"(08) 9401 6051"},{"Postcode":"6025","Name":"P F Fletcher","Address":"1 Gosse Rd Padbury WA 6025","Phone number":"(08) 9401 3928"},{"Postcode":"6025","Name":"R Fletcher","Address":"15 Trusmore Crs Craigie WA 6025","Phone number":"(08) 9401 8190"},{"Postcode":"6025","Name":"S Fletcher","Address":"128 Waterford Drv Hillarys WA 6025","Phone number":"(08) 9401 9033"},{"Postcode":"6168","Name":"A Fletcher","Address":"17 Collie Cl Rockingham WA 6168","Phone number":"(08) 9591 2646"},{"Postcode":"6168","Name":"A R Fletcher","Address":"Un 6 61 Jecks St Rockingham WA 6168","Phone number":"(08) 9592 6328"},{"Postcode":"6168","Name":"S Fletcher","Address":"9 Bradbury St Rockingham WA 6168","Phone number":"(04) 2843 2600"},{"Postcode":"6168","Name":"S Fletcher","Address":"Un 5 9 Bradbury St Rockingham WA 6168","Phone number":"(08) 9528 4326"},{"Postcode":"6065","Name":"B Fletcher","Address":"16 Brookway Rtt Landsdale WA 6065","Phone number":"(08) 9302 5450"},{"Postcode":"6065","Name":"N Fletcher","Address":"5 Wykes Ct Wanneroo WA 6065","Phone number":"(08) 9206 2943"},{"Postcode":"6065","Name":"S A & S M Fletcher","Address":"10 Clyde Crt Wanneroo WA 6065","Phone number":"(08) 9405 4638"},{"Postcode":"6110","Name":"S Fletcher","Address":"5 Carson Crt Gosnells WA 6110","Phone number":"(08) 9398 2817"},{"Postcode":"6018","Name":"J Fletcher","Address":"16 Edmondson Crs Karrinyup WA 6018","Phone number":"(08) 9445 7038"},{"Postcode":"6018","Name":"N Fletcher","Address":"Un 12 136 Hancock St Doubleview WA 6018","Phone number":"(08) 9244 8783"},{"Postcode":"6018","Name":"R Fletcher","Address":"51 Oxcliffe Rd Doubleview WA 6018","Phone number":"(08) 9446 3687"},{"Postcode":"6065","Name":"B Fletcher","Address":"16 Brookway Rtt Landsdale WA 6065","Phone number":"(08) 9302 5450"},{"Postcode":"6065","Name":"N Fletcher","Address":"5 Wykes Ct Wanneroo WA 6065","Phone number":"(08) 9206 2943"},{"Postcode":"6065","Name":"S A & S M Fletcher","Address":"10 Clyde Crt Wanneroo WA 6065","Phone number":"(08) 9405 4638"},{"Postcode":"6164","Name":"C D Fletcher","Address":"55 Folland Pde Atwell WA 6164","Phone number":"(08) 9498 6504"},{"Postcode":"6036","Name":"C Fletcher","Address":"7 Polo Way Butler WA 6036","Phone number":"(08) 9562 0628"},{"Postcode":"6076","Name":"E & J Fletcher","Address":"54 Watsonia Rd Gooseberry Hill WA 6076","Phone number":"(08) 9454 6725"},{"Postcode":"6076","Name":"J Fletcher","Address":"10 - 14 Central Mall Kalamunda WA 6076","Phone number":"(04) 0205 6416"},{"Postcode":"6076","Name":"Mrs N D & A W Fletcher","Address":"Un 7 173 Lesmurdie Rd Lesmurdie WA 6076","Phone number":"(08) 6293 1052"},{"Postcode":"6025","Name":"D Fletcher","Address":"11 Armytage Way Hillarys WA 6025","Phone number":"(08) 9401 6051"},{"Postcode":"6025","Name":"P F Fletcher","Address":"1 Gosse Rd Padbury WA 6025","Phone number":"(08) 9401 3928"},{"Postcode":"6025","Name":"R Fletcher","Address":"15 Trusmore Crs Craigie WA 6025","Phone number":"(08) 9401 8190"},{"Postcode":"6025","Name":"S Fletcher","Address":"128 Waterford Drv Hillarys WA 6025","Phone number":"(08) 9401 9033"},{"Postcode":"6152","Name":"C Fletcher","Address":"7 Roebuck Drv Salter Point WA 6152","Phone number":"(08) 9450 4686"},{"Postcode":"6152","Name":"I R Fletcher","Address":"3 A Griffin Crs Manning WA 6152","Phone number":"(08) 9450 5033"},{"Postcode":"6152","Name":"S Fletcher","Address":"Un 1 55 Canavan Crs Manning WA 6152","Phone number":"(08) 9313 4554"},{"Postcode":"6111","Name":"M F Fletcher","Address":"22 Garland Rd Roleystone WA 6111","Phone number":"(08) 9496 2942"},{"Postcode":"6018","Name":"J Fletcher","Address":"16 Edmondson Crs Karrinyup WA 6018","Phone number":"(08) 9445 7038"},{"Postcode":"6018","Name":"N Fletcher","Address":"Un 12 136 Hancock St Doubleview WA 6018","Phone number":"(08) 9244 8783"},{"Postcode":"6018","Name":"R Fletcher","Address":"51 Oxcliffe Rd Doubleview WA 6018","Phone number":"(08) 9446 3687"},{"Postcode":"6111","Name":"M F Fletcher","Address":"22 Garland Rd Roleystone WA 6111","Phone number":"(08) 9496 2942"},{"Postcode":"6151","Name":"B Fletcher","Address":"Un 46 281 Mill Point Rd South Perth WA 6151","Phone number":"(08) 9367 3725"},{"Postcode":"6151","Name":"S W & L R Fletcher","Address":"Un 14 35 Angelo St South Perth WA 6151","Phone number":"(08) 9474 2610"},{"Postcode":"6107","Name":"P Fletcher","Address":"136 Hollis Rd Wilson WA 6107","Phone number":"(08) 9458 1985"},{"Postcode":"6105","Name":"G Fletcher","Address":"360 Abernethy Rd Cloverdale WA 6105","Phone number":"(08) 9277 4507"},{"Postcode":"6054","Name":"R J Fletcher","Address":"112 Altone Rd Kiara WA 6054","Phone number":"(08) 9378 3106"},{"Postcode":"6026","Name":"G Fletcher","Address":"6 Koolyn Gr Kingsley WA 6026","Phone number":"(08) 9309 3064"},{"Postcode":"6026","Name":"G Fletcher","Address":"44 Panzano Cct Woodvale WA 6026","Phone number":"(08) 9409 1651"},{"Postcode":"6026","Name":"I D & C A Fletcher","Address":"6 Dalton Crs Kingsley WA 6026","Phone number":"(08) 9309 1503"},{"Postcode":"6065","Name":"B Fletcher","Address":"16 Brookway Rtt Landsdale WA 6065","Phone number":"(08) 9302 5450"},{"Postcode":"6065","Name":"N Fletcher","Address":"5 Wykes Ct Wanneroo WA 6065","Phone number":"(08) 9206 2943"},{"Postcode":"6065","Name":"S A & S M Fletcher","Address":"10 Clyde Crt Wanneroo WA 6065","Phone number":"(08) 9405 4638"},{"Postcode":"6167","Name":"J Fletcher","Address":"61 Millbrook Ave Bertram WA 6167","Phone number":"(08) 9419 3895"},{"Postcode":"6167","Name":"R & K Fletcher","Address":"3 Roscrea Crt Orelia WA 6167","Phone number":"(08) 9419 1550"},{"Postcode":"6167","Name":"S H Fletcher","Address":"7 Maydwell Way Calista WA 6167","Phone number":"(08) 9419 1820"},{"Postcode":"6167","Name":"J Fletcher","Address":"61 Millbrook Ave Bertram WA 6167","Phone number":"(08) 9419 3895"},{"Postcode":"6167","Name":"R & K Fletcher","Address":"3 Roscrea Crt Orelia WA 6167","Phone number":"(08) 9419 1550"},{"Postcode":"6167","Name":"S H Fletcher","Address":"7 Maydwell Way Calista WA 6167","Phone number":"(08) 9419 1820"},{"Postcode":"6210","Name":"C Fletcher","Address":"4 McKerracher St Dudley Park WA 6210","Phone number":"(08) 9535 2902"},{"Postcode":"6210","Name":"C & A Fletcher","Address":"12 Nutbush Ave Falcon WA 6210","Phone number":"(08) 9534 3336"},{"Postcode":"6210","Name":"J Fletcher","Address":"3 Laidley Way Greenfields WA 6210","Phone number":"(08) 9581 7786"},{"Postcode":"6210","Name":"L Fletcher","Address":"121 Mclarty Rd Halls Head WA 6210","Phone number":"(04) 2721 6889"},{"Postcode":"6210","Name":"M Fletcher","Address":"28 Glencoe Pde Halls Head WA 6210","Phone number":"(08) 9582 8319"},{"Postcode":"6210","Name":"M E Fletcher","Address":"117 Waterlily Dr Dudley Park WA 6210","Phone number":"(04) 0910 4680"},{"Postcode":"6065","Name":"B Fletcher","Address":"16 Brookway Rtt Landsdale WA 6065","Phone number":"(08) 9302 5450"},{"Postcode":"6065","Name":"N Fletcher","Address":"5 Wykes Ct Wanneroo WA 6065","Phone number":"(08) 9206 2943"},{"Postcode":"6065","Name":"S A & S M Fletcher","Address":"10 Clyde Crt Wanneroo WA 6065","Phone number":"(08) 9405 4638"},{"Postcode":"6100","Name":"M N R Fletcher","Address":"22 Rayment St Lathlain WA 6100","Phone number":"(08) 9361 8431"},{"Postcode":"6100","Name":"P Fletcher","Address":"38 Midgley St Lathlain WA 6100","Phone number":"(08) 9472 1161"},{"Postcode":"6170","Name":"B J Fletcher","Address":"6 Fareham Crs Wellard WA 6170","Phone number":"(08) 9439 1631"},{"Postcode":"6043","Name":"D L Fletcher","Address":"4 Wedge St Ledge Point WA 6043","Phone number":"(08) 9655 2034"},{"Postcode":"6149","Name":"A Fletcher","Address":"14 Endeavour Ave Bull Creek WA 6149","Phone number":"(08) 9332 8161"},{"Postcode":"6149","Name":"I Fletcher","Address":"32 Matthew Ave Leeming WA 6149","Phone number":"(08) 9332 5699"},{"Postcode":"6233","Name":"G W Fletcher","Address":"2 Charman Pl Australind WA 6233","Phone number":"(08) 9725 8678"},{"Postcode":"6233","Name":"R N Fletcher","Address":"51 Fitzgerald Way Australind WA 6233","Phone number":"(04) 1994 5333"},{"Postcode":"6233","Name":"T Fletcher","Address":"23 Roberts Rd Leschenault WA 6233","Phone number":"(04) 1904 6138"},{"Postcode":"6076","Name":"E & J Fletcher","Address":"54 Watsonia Rd Gooseberry Hill WA 6076","Phone number":"(08) 9454 6725"},{"Postcode":"6076","Name":"J Fletcher","Address":"10 - 14 Central Mall Kalamunda WA 6076","Phone number":"(04) 0205 6416"},{"Postcode":"6076","Name":"Mrs N D & A W Fletcher","Address":"Un 7 173 Lesmurdie Rd Lesmurdie WA 6076","Phone number":"(08) 6293 1052"},{"Postcode":"6065","Name":"B Fletcher","Address":"16 Brookway Rtt Landsdale WA 6065","Phone number":"(08) 9302 5450"},{"Postcode":"6065","Name":"N Fletcher","Address":"5 Wykes Ct Wanneroo WA 6065","Phone number":"(08) 9206 2943"},{"Postcode":"6065","Name":"S A & S M Fletcher","Address":"10 Clyde Crt Wanneroo WA 6065","Phone number":"(08) 9405 4638"},{"Postcode":"6054","Name":"R J Fletcher","Address":"112 Altone Rd Kiara WA 6054","Phone number":"(08) 9378 3106"},{"Postcode":"6065","Name":"B Fletcher","Address":"16 Brookway Rtt Landsdale WA 6065","Phone number":"(08) 9302 5450"},{"Postcode":"6065","Name":"N Fletcher","Address":"5 Wykes Ct Wanneroo WA 6065","Phone number":"(08) 9206 2943"},{"Postcode":"6065","Name":"S A & S M Fletcher","Address":"10 Clyde Crt Wanneroo WA 6065","Phone number":"(08) 9405 4638"},{"Postcode":"6210","Name":"C Fletcher","Address":"4 McKerracher St Dudley Park WA 6210","Phone number":"(08) 9535 2902"},{"Postcode":"6210","Name":"C & A Fletcher","Address":"12 Nutbush Ave Falcon WA 6210","Phone number":"(08) 9534 3336"},{"Postcode":"6210","Name":"J Fletcher","Address":"3 Laidley Way Greenfields WA 6210","Phone number":"(08) 9581 7786"},{"Postcode":"6210","Name":"L Fletcher","Address":"121 Mclarty Rd Halls Head WA 6210","Phone number":"(04) 2721 6889"},{"Postcode":"6210","Name":"M Fletcher","Address":"28 Glencoe Pde Halls Head WA 6210","Phone number":"(08) 9582 8319"},{"Postcode":"6210","Name":"M E Fletcher","Address":"117 Waterlily Dr Dudley Park WA 6210","Phone number":"(04) 0910 4680"},{"Postcode":"6057","Name":"Mike & Jill Fletcher","Address":"59 Norwood Rd Maida Vale WA 6057","Phone number":"(08) 9454 9946"},{"Postcode":"6057","Name":"P Fletcher","Address":"27 Bluebell Ave High Wycombe WA 6057","Phone number":"(08) 9454 7043"},{"Postcode":"6167","Name":"J Fletcher","Address":"61 Millbrook Ave Bertram WA 6167","Phone number":"(08) 9419 3895"},{"Postcode":"6167","Name":"R & K Fletcher","Address":"3 Roscrea Crt Orelia WA 6167","Phone number":"(08) 9419 1550"},{"Postcode":"6167","Name":"S H Fletcher","Address":"7 Maydwell Way Calista WA 6167","Phone number":"(08) 9419 1820"},{"Postcode":"6210","Name":"C Fletcher","Address":"4 McKerracher St Dudley Park WA 6210","Phone number":"(08) 9535 2902"},{"Postcode":"6210","Name":"C & A Fletcher","Address":"12 Nutbush Ave Falcon WA 6210","Phone number":"(08) 9534 3336"},{"Postcode":"6210","Name":"J Fletcher","Address":"3 Laidley Way Greenfields WA 6210","Phone number":"(08) 9581 7786"},{"Postcode":"6210","Name":"L Fletcher","Address":"121 Mclarty Rd Halls Head WA 6210","Phone number":"(04) 2721 6889"},{"Postcode":"6210","Name":"M Fletcher","Address":"28 Glencoe Pde Halls Head WA 6210","Phone number":"(08) 9582 8319"},{"Postcode":"6210","Name":"M E Fletcher","Address":"117 Waterlily Dr Dudley Park WA 6210","Phone number":"(04) 0910 4680"},{"Postcode":"6210","Name":"C Fletcher","Address":"4 McKerracher St Dudley Park WA 6210","Phone number":"(08) 9535 2902"},{"Postcode":"6210","Name":"C & A Fletcher","Address":"12 Nutbush Ave Falcon WA 6210","Phone number":"(08) 9534 3336"},{"Postcode":"6210","Name":"J Fletcher","Address":"3 Laidley Way Greenfields WA 6210","Phone number":"(08) 9581 7786"},{"Postcode":"6210","Name":"L Fletcher","Address":"121 Mclarty Rd Halls Head WA 6210","Phone number":"(04) 2721 6889"},{"Postcode":"6210","Name":"M Fletcher","Address":"28 Glencoe Pde Halls Head WA 6210","Phone number":"(08) 9582 8319"},{"Postcode":"6210","Name":"M E Fletcher","Address":"117 Waterlily Dr Dudley Park WA 6210","Phone number":"(04) 0910 4680"},{"Postcode":"6210","Name":"C Fletcher","Address":"4 McKerracher St Dudley Park WA 6210","Phone number":"(08) 9535 2902"},{"Postcode":"6210","Name":"C & A Fletcher","Address":"12 Nutbush Ave Falcon WA 6210","Phone number":"(08) 9534 3336"},{"Postcode":"6210","Name":"J Fletcher","Address":"3 Laidley Way Greenfields WA 6210","Phone number":"(08) 9581 7786"},{"Postcode":"6210","Name":"L Fletcher","Address":"121 Mclarty Rd Halls Head WA 6210","Phone number":"(04) 2721 6889"},{"Postcode":"6210","Name":"M Fletcher","Address":"28 Glencoe Pde Halls Head WA 6210","Phone number":"(08) 9582 8319"},{"Postcode":"6210","Name":"M E Fletcher","Address":"117 Waterlily Dr Dudley Park WA 6210","Phone number":"(04) 0910 4680"},{"Postcode":"6152","Name":"C Fletcher","Address":"7 Roebuck Drv Salter Point WA 6152","Phone number":"(08) 9450 4686"},{"Postcode":"6152","Name":"I R Fletcher","Address":"3 A Griffin Crs Manning WA 6152","Phone number":"(08) 9450 5033"},{"Postcode":"6152","Name":"S Fletcher","Address":"Un 1 55 Canavan Crs Manning WA 6152","Phone number":"(08) 9313 4554"},{"Postcode":"6065","Name":"B Fletcher","Address":"16 Brookway Rtt Landsdale WA 6065","Phone number":"(08) 9302 5450"},{"Postcode":"6065","Name":"N Fletcher","Address":"5 Wykes Ct Wanneroo WA 6065","Phone number":"(08) 9206 2943"},{"Postcode":"6065","Name":"S A & S M Fletcher","Address":"10 Clyde Crt Wanneroo WA 6065","Phone number":"(08) 9405 4638"},{"Postcode":"6020","Name":"G R Stirling E R Fletcher","Address":"11 Glomar Rse Sorrento WA 6020","Phone number":"(08) 9447 9945"},{"Postcode":"6020","Name":"O Fletcher","Address":"7 Harman Rd Sorrento WA 6020","Phone number":"(08) 9447 3310"},{"Postcode":"6110","Name":"S Fletcher","Address":"5 Carson Crt Gosnells WA 6110","Phone number":"(08) 9398 2817"},{"Postcode":"6210","Name":"C Fletcher","Address":"4 McKerracher St Dudley Park WA 6210","Phone number":"(08) 9535 2902"},{"Postcode":"6210","Name":"C & A Fletcher","Address":"12 Nutbush Ave Falcon WA 6210","Phone number":"(08) 9534 3336"},{"Postcode":"6210","Name":"J Fletcher","Address":"3 Laidley Way Greenfields WA 6210","Phone number":"(08) 9581 7786"},{"Postcode":"6210","Name":"L Fletcher","Address":"121 Mclarty Rd Halls Head WA 6210","Phone number":"(04) 2721 6889"},{"Postcode":"6210","Name":"M Fletcher","Address":"28 Glencoe Pde Halls Head WA 6210","Phone number":"(08) 9582 8319"},{"Postcode":"6210","Name":"M E Fletcher","Address":"117 Waterlily Dr Dudley Park WA 6210","Phone number":"(04) 0910 4680"},{"Postcode":"6167","Name":"J Fletcher","Address":"61 Millbrook Ave Bertram WA 6167","Phone number":"(08) 9419 3895"},{"Postcode":"6167","Name":"R & K Fletcher","Address":"3 Roscrea Crt Orelia WA 6167","Phone number":"(08) 9419 1550"},{"Postcode":"6167","Name":"S H Fletcher","Address":"7 Maydwell Way Calista WA 6167","Phone number":"(08) 9419 1820"},{"Postcode":"6208","Name":"R Fletcher","Address":"11 Apricot St Pinjarra WA 6208","Phone number":"(08) 9531 1884"},{"Postcode":"6065","Name":"B Fletcher","Address":"16 Brookway Rtt Landsdale WA 6065","Phone number":"(08) 9302 5450"},{"Postcode":"6065","Name":"N Fletcher","Address":"5 Wykes Ct Wanneroo WA 6065","Phone number":"(08) 9206 2943"},{"Postcode":"6065","Name":"S A & S M Fletcher","Address":"10 Clyde Crt Wanneroo WA 6065","Phone number":"(08) 9405 4638"},{"Postcode":"6156","Name":"C Fletcher","Address":"Un 4 6 Connell Crt Willagee WA 6156","Phone number":"(08) 9337 8110"},{"Postcode":"6050","Name":"Mr R Fletcher.","Address":"18 Roy St Mt Lawley WA 6050","Phone number":"(08) 9328 4623"},{"Postcode":"6050","Name":"M M Fletcher-Jones","Address":"87B Central Ave Mt Lawley WA 6050","Phone number":"(08) 9271 8270"},{"Postcode":"6030","Name":"B Fletcher","Address":"33 Trephna Mews Clarkson WA 6030","Phone number":"(04) 1893 9069"},{"Postcode":"6030","Name":"B Fletcher","Address":"Un 198 76 Ridgewood Blv Ridgewood WA 6030","Phone number":"(08) 9305 7374"},{"Postcode":"6030","Name":"B J Fletcher","Address":"33 Trephina Mews Clarkson WA 6030","Phone number":"(08) 9305 0689"},{"Postcode":"6030","Name":"C Fletcher","Address":"18 Antares St Clarkson WA 6030","Phone number":"(08) 9408 5771"},{"Postcode":"6030","Name":"C Fletcher","Address":"140 Ocean Drv Quinns Rocks WA 6030","Phone number":"(08) 9305 1058"},{"Postcode":"6030","Name":"R & L Fletcher","Address":"15 Ronez Elb Merriwa WA 6030","Phone number":"(08) 9305 1981"},{"Postcode":"6232","Name":"M Fletcher","Address":"14 Charnley Vis Millbridge WA 6232","Phone number":"(08) 9725 3688"},{"Postcode":"6030","Name":"B Fletcher","Address":"33 Trephna Mews Clarkson WA 6030","Phone number":"(04) 1893 9069"},{"Postcode":"6030","Name":"B Fletcher","Address":"Un 198 76 Ridgewood Blv Ridgewood WA 6030","Phone number":"(08) 9305 7374"},{"Postcode":"6030","Name":"B J Fletcher","Address":"33 Trephina Mews Clarkson WA 6030","Phone number":"(08) 9305 0689"},{"Postcode":"6030","Name":"C Fletcher","Address":"18 Antares St Clarkson WA 6030","Phone number":"(08) 9408 5771"},{"Postcode":"6030","Name":"C Fletcher","Address":"140 Ocean Drv Quinns Rocks WA 6030","Phone number":"(08) 9305 1058"},{"Postcode":"6030","Name":"R & L Fletcher","Address":"15 Ronez Elb Merriwa WA 6030","Phone number":"(08) 9305 1981"},{"Postcode":"6061","Name":"L Fletcher","Address":"31 Cartmell Way Balga WA 6061","Phone number":"(04) 1524 8008"},{"Postcode":"6062","Name":"Ms J Fletcher.","Address":"28 Woodhouse Way Noranda WA 6062","Phone number":"(08) 9276 6910"},{"Postcode":"6012","Name":"M Fletcher","Address":"101 Wellington St Mosman Park WA 6012","Phone number":"(08) 9384 3385"},{"Postcode":"6016","Name":"N Fletcher","Address":"13 Bondi St Mt Hawthorn WA 6016","Phone number":"(08) 9444 1387"},{"Postcode":"6050","Name":"Mr R Fletcher.","Address":"18 Roy St Mt Lawley WA 6050","Phone number":"(08) 9328 4623"},{"Postcode":"6050","Name":"M M Fletcher-Jones","Address":"87B Central Ave Mt Lawley WA 6050","Phone number":"(08) 9271 8270"},{"Postcode":"6112","Name":"A L Fletcher","Address":"20 Wolfson Way Piara Waters WA 6112","Phone number":"(08) 9393 3799"},{"Postcode":"6112","Name":"K Fletcher","Address":"10 William St Armadale WA 6112","Phone number":"(08) 9399 2388"},{"Postcode":"6112","Name":"A L Fletcher","Address":"20 Wolfson Way Piara Waters WA 6112","Phone number":"(08) 9393 3799"},{"Postcode":"6112","Name":"K Fletcher","Address":"10 William St Armadale WA 6112","Phone number":"(08) 9399 2388"},{"Postcode":"6123","Name":"A Fletcher","Address":"9 Anstey St Mundijong WA 6123","Phone number":"(08) 9526 0558"},{"Postcode":"6031","Name":"C Fletcher","Address":"62 Golf Links Dr Carramar WA 6031","Phone number":"(04) 0010 9590"},{"Postcode":"6208","Name":"R Fletcher","Address":"11 Apricot St Pinjarra WA 6208","Phone number":"(08) 9531 1884"},{"Postcode":"6061","Name":"L Fletcher","Address":"31 Cartmell Way Balga WA 6061","Phone number":"(04) 1524 8008"},{"Postcode":"6062","Name":"Ms J Fletcher.","Address":"28 Woodhouse Way Noranda WA 6062","Phone number":"(08) 9276 6910"},{"Postcode":"6020","Name":"G R Stirling E R Fletcher","Address":"11 Glomar Rse Sorrento WA 6020","Phone number":"(08) 9447 9945"},{"Postcode":"6020","Name":"O Fletcher","Address":"7 Harman Rd Sorrento WA 6020","Phone number":"(08) 9447 3310"},{"Postcode":"6208","Name":"R Fletcher","Address":"11 Apricot St Pinjarra WA 6208","Phone number":"(08) 9531 1884"},{"Postcode":"6208","Name":"R Fletcher","Address":"11 Apricot St Pinjarra WA 6208","Phone number":"(08) 9531 1884"},{"Postcode":"6167","Name":"J Fletcher","Address":"61 Millbrook Ave Bertram WA 6167","Phone number":"(08) 9419 3895"},{"Postcode":"6167","Name":"R & K Fletcher","Address":"3 Roscrea Crt Orelia WA 6167","Phone number":"(08) 9419 1550"},{"Postcode":"6167","Name":"S H Fletcher","Address":"7 Maydwell Way Calista WA 6167","Phone number":"(08) 9419 1820"},{"Postcode":"6025","Name":"D Fletcher","Address":"11 Armytage Way Hillarys WA 6025","Phone number":"(08) 9401 6051"},{"Postcode":"6025","Name":"P F Fletcher","Address":"1 Gosse Rd Padbury WA 6025","Phone number":"(08) 9401 3928"},{"Postcode":"6025","Name":"R Fletcher","Address":"15 Trusmore Crs Craigie WA 6025","Phone number":"(08) 9401 8190"},{"Postcode":"6025","Name":"S Fletcher","Address":"128 Waterford Drv Hillarys WA 6025","Phone number":"(08) 9401 9033"},{"Postcode":"6157","Name":"C Fletcher","Address":"4 Kent St Bicton WA 6157","Phone number":"(04) 1774 4440"},{"Postcode":"6157","Name":"T C Fletcher","Address":"Un 3 171 Stock Rd Palmyra WA 6157","Phone number":"(08) 9330 6262"},{"Postcode":"6233","Name":"G W Fletcher","Address":"2 Charman Pl Australind WA 6233","Phone number":"(08) 9725 8678"},{"Postcode":"6233","Name":"R N Fletcher","Address":"51 Fitzgerald Way Australind WA 6233","Phone number":"(04) 1994 5333"},{"Postcode":"6233","Name":"T Fletcher","Address":"23 Roberts Rd Leschenault WA 6233","Phone number":"(04) 1904 6138"},{"Postcode":"6210","Name":"C Fletcher","Address":"4 McKerracher St Dudley Park WA 6210","Phone number":"(08) 9535 2902"},{"Postcode":"6210","Name":"C & A Fletcher","Address":"12 Nutbush Ave Falcon WA 6210","Phone number":"(08) 9534 3336"},{"Postcode":"6210","Name":"J Fletcher","Address":"3 Laidley Way Greenfields WA 6210","Phone number":"(08) 9581 7786"},{"Postcode":"6210","Name":"L Fletcher","Address":"121 Mclarty Rd Halls Head WA 6210","Phone number":"(04) 2721 6889"},{"Postcode":"6210","Name":"M Fletcher","Address":"28 Glencoe Pde Halls Head WA 6210","Phone number":"(08) 9582 8319"},{"Postcode":"6210","Name":"M E Fletcher","Address":"117 Waterlily Dr Dudley Park WA 6210","Phone number":"(04) 0910 4680"},{"Postcode":"6167","Name":"J Fletcher","Address":"61 Millbrook Ave Bertram WA 6167","Phone number":"(08) 9419 3895"},{"Postcode":"6167","Name":"R & K Fletcher","Address":"3 Roscrea Crt Orelia WA 6167","Phone number":"(08) 9419 1550"},{"Postcode":"6167","Name":"S H Fletcher","Address":"7 Maydwell Way Calista WA 6167","Phone number":"(08) 9419 1820"},{"Postcode":"6076","Name":"E & J Fletcher","Address":"54 Watsonia Rd Gooseberry Hill WA 6076","Phone number":"(08) 9454 6725"},{"Postcode":"6076","Name":"J Fletcher","Address":"10 - 14 Central Mall Kalamunda WA 6076","Phone number":"(04) 0205 6416"},{"Postcode":"6076","Name":"Mrs N D & A W Fletcher","Address":"Un 7 173 Lesmurdie Rd Lesmurdie WA 6076","Phone number":"(08) 6293 1052"},{"Postcode":"6065","Name":"B Fletcher","Address":"16 Brookway Rtt Landsdale WA 6065","Phone number":"(08) 9302 5450"},{"Postcode":"6065","Name":"N Fletcher","Address":"5 Wykes Ct Wanneroo WA 6065","Phone number":"(08) 9206 2943"},{"Postcode":"6065","Name":"S A & S M Fletcher","Address":"10 Clyde Crt Wanneroo WA 6065","Phone number":"(08) 9405 4638"},{"Postcode":"6230","Name":"C A F Fletcher","Address":"1 Morony Mews Gelorup WA 6230","Phone number":"(08) 9795 7138"},{"Postcode":"6230","Name":"Mr K & L Fletcher","Address":"5 Smythe Cres South Bunbury WA 6230","Phone number":"(08) 9721 2242"},{"Postcode":"6230","Name":"M Fletcher","Address":"14 Oleander Pl East Bunbury WA 6230","Phone number":"(08) 9791 8512"},{"Postcode":"6011","Name":"P J Fletcher-Dutton","Address":"8 Warnham Rd Cottesloe WA 6011","Phone number":"(04) 3812 6764"},{"Postcode":"6168","Name":"A Fletcher","Address":"17 Collie Cl Rockingham WA 6168","Phone number":"(08) 9591 2646"},{"Postcode":"6168","Name":"A R Fletcher","Address":"Un 6 61 Jecks St Rockingham WA 6168","Phone number":"(08) 9592 6328"},{"Postcode":"6168","Name":"S Fletcher","Address":"9 Bradbury St Rockingham WA 6168","Phone number":"(04) 2843 2600"},{"Postcode":"6168","Name":"S Fletcher","Address":"Un 5 9 Bradbury St Rockingham WA 6168","Phone number":"(08) 9528 4326"},{"Postcode":"6000","Name":"M Fletcher","Address":"181 Bulwer St Perth WA 6000","Phone number":"(08) 9227 9240"},{"Postcode":"6000","Name":"J F Fletcher-Jones","Address":"19 Ruth St Perth WA 6000","Phone number":"(08) 9328 2465"}]