[{"Postcode":"6064","Name":"C Tran","Address":"12 Swincer Way Koondoola WA 6064","Phone number":"(08) 9342 8965"},{"Postcode":"6064","Name":"H Tran","Address":"69 Tyndall Cct Alexander Heights WA 6064","Phone number":"(08) 9343 9126"},{"Postcode":"6064","Name":"H Tran","Address":"15 St Quentin Pkwy Alexander Heights WA 6064","Phone number":"(08) 9343 5061"},{"Postcode":"6064","Name":"H Tran","Address":"34 Koondoola Ave Koondoola WA 6064","Phone number":"(08) 9342 3546"},{"Postcode":"6064","Name":"H Tran","Address":"23 Horton Cres Marangaroo WA 6064","Phone number":"(08) 9343 3668"},{"Postcode":"6064","Name":"H Tran","Address":"10 Seppelt Pl Marangaroo WA 6064","Phone number":"(08) 9343 5905"},{"Postcode":"6064","Name":"H Tran","Address":"35 Monash Cir Marangaroo WA 6064","Phone number":"(08) 6184 5831"},{"Postcode":"6064","Name":"K Tran","Address":"20 Princeton Crcle Alexander Heights WA 6064","Phone number":"(08) 9342 2915"},{"Postcode":"6064","Name":"K Tran","Address":"4 Emblem Lp Alexander Heights WA 6064","Phone number":"(08) 6162 2289"},{"Postcode":"6064","Name":"K Tran","Address":"5 Bartle La Alexander Heights WA 6064","Phone number":"(08) 9342 6108"},{"Postcode":"6064","Name":"K Tran","Address":"83 Le Grand Gardns Marangaroo WA 6064","Phone number":"(08) 9343 2282"},{"Postcode":"6064","Name":"L T Tran","Address":"51 Nelligan Ave Girrawheen WA 6064","Phone number":"(08) 9342 5703"},{"Postcode":"6064","Name":"M Tran","Address":"7 Gabell Way Koondoola WA 6064","Phone number":"(08) 9343 0490"},{"Postcode":"6064","Name":"M Tran","Address":"62 Gaby Way Marangaroo WA 6064","Phone number":"(08) 9343 9618"},{"Postcode":"6064","Name":"P Tran","Address":"293 Alexander Drv Alexander Heights WA 6064","Phone number":"(08) 9343 1062"},{"Postcode":"6064","Name":"P T Tran","Address":"63 Picton Tce Alexander Heights WA 6064","Phone number":"(08) 9342 2224"},{"Postcode":"6064","Name":"Mr R Tran","Address":"14 Bredhurst Rd Marangaroo WA 6064","Phone number":"(08) 9343 1981"},{"Postcode":"6064","Name":"S Tran","Address":"30 Axford Rd Alexander Heights WA 6064","Phone number":"(08) 9342 1258"},{"Postcode":"6064","Name":"T Tran","Address":"31 Highview St Alexander Heights WA 6064","Phone number":"(08) 9343 6671"},{"Postcode":"6064","Name":"T Tran","Address":"8 Sherwood Pl Alexander Heights WA 6064","Phone number":"(08) 9342 1439"},{"Postcode":"6064","Name":"T Tran","Address":"29 Brecknock Way Girrawheen WA 6064","Phone number":"(08) 9342 7325"},{"Postcode":"6064","Name":"Mr T Tran.","Address":"5 Woodford Crt Koondoola WA 6064","Phone number":"(08) 9342 6341"},{"Postcode":"6064","Name":"T T Tran","Address":"17 Parkin Way Marangaroo WA 6064","Phone number":"(08) 9247 4594"},{"Postcode":"6064","Name":"T T N Tran","Address":"12 Milstead Way Marangaroo WA 6064","Phone number":"(08) 9343 0439"},{"Postcode":"6064","Name":"X Tran","Address":"14 Doctorate Cl Marangaroo WA 6064","Phone number":"(08) 9343 0193"},{"Postcode":"6038","Name":"M Tran","Address":"16 Fallow Way Alkimos WA 6038","Phone number":"(08) 9562 4646"},{"Postcode":"6167","Name":"T Tran","Address":"35 Beacham Crs Medina WA 6167","Phone number":"(08) 9419 7899"},{"Postcode":"6104","Name":"L Tran","Address":"8 Dunreath Vis Belmont WA 6104","Phone number":"(08) 9475 0649"},{"Postcode":"6065","Name":"B Tran","Address":"5 Magill St Landsdale WA 6065","Phone number":"(08) 6305 0989"},{"Postcode":"6065","Name":"D Tran","Address":"8 Tony Martin Way Darch WA 6065","Phone number":"(08) 9302 4785"},{"Postcode":"6065","Name":"D C Tran","Address":"89 Southmead Drv Landsdale WA 6065","Phone number":"(08) 9302 3659"},{"Postcode":"6065","Name":"H Tran","Address":"33 Emmetts Rd Landsdale WA 6065","Phone number":"(08) 9303 2439"},{"Postcode":"6065","Name":"J D Tran","Address":"81 Nankeen Crcle Tapping WA 6065","Phone number":"(08) 9306 5259"},{"Postcode":"6065","Name":"M Tran","Address":"6 Tissington Drv Darch WA 6065","Phone number":"(08) 9302 5609"},{"Postcode":"6065","Name":"M Tran","Address":"79 Archer St Pearsall WA 6065","Phone number":"(08) 9306 9471"},{"Postcode":"6065","Name":"N Tran","Address":"28 East Rd Pearsall WA 6065","Phone number":"(08) 9306 2647"},{"Postcode":"6065","Name":"N B Tran","Address":"55 Cadoux Loop Hocking WA 6065","Phone number":"(08) 9405 3439"},{"Postcode":"6065","Name":"S Tran","Address":"21 Mosey St Landsdale WA 6065","Phone number":"(08) 9302 1257"},{"Postcode":"6065","Name":"T Tran","Address":"20 Brockwell Pkwy Landsdale WA 6065","Phone number":"(08) 9302 6181"},{"Postcode":"6065","Name":"T M Tran","Address":"3 Rayner Drv Landsdale WA 6065","Phone number":"(08) 9302 2683"},{"Postcode":"6065","Name":"T N H Tran","Address":"5 Archimedes Crs Tapping WA 6065","Phone number":"(08) 9206 3937"},{"Postcode":"6065","Name":"T T Tran","Address":"14 Scarfo App Tapping WA 6065","Phone number":"(08) 9206 3164"},{"Postcode":"6065","Name":"T V Tran","Address":"14 Foxfield Rd Darch WA 6065","Phone number":"(08) 9302 2099"},{"Postcode":"6065","Name":"V T Tran","Address":"40 Denman Gardns Landsdale WA 6065","Phone number":"(08) 9302 1467"},{"Postcode":"6054","Name":"M Tran","Address":"1 Knoll Pl Kiara WA 6054","Phone number":"(08) 9378 2502"},{"Postcode":"6021","Name":"N Tran","Address":"87 Amelia St Balcatta WA 6021","Phone number":"(08) 9345 4852"},{"Postcode":"6061","Name":"Tran","Address":"19 B Findon Crs Westminster WA 6061","Phone number":"(08) 9207 1485"},{"Postcode":"6061","Name":"M S Tran","Address":"14A Mildmay St Balga WA 6061","Phone number":"(08) 9343 5635"},{"Postcode":"6061","Name":"M T N Tran","Address":"9 Lambourne Ret Mirrabooka WA 6061","Phone number":"(08) 9249 7685"},{"Postcode":"6061","Name":"M Y Tran","Address":"16 Eastbourne Crs Nollamara WA 6061","Phone number":"(08) 9349 4335"},{"Postcode":"6061","Name":"P Tran","Address":"2 Saddler Crcle Mirrabooka WA 6061","Phone number":"(08) 9344 2162"},{"Postcode":"6061","Name":"T Tran","Address":"5 Wilmore Grn Mirrabooka WA 6061","Phone number":"(08) 9209 3181"},{"Postcode":"6061","Name":"T Tran","Address":"30 Hancock St Nollamara WA 6061","Phone number":"(04) 3374 0945"},{"Postcode":"6061","Name":"V Tran","Address":"10 Thomas Hamilton Ave Mirrabooka WA 6061","Phone number":"(08) 9344 1129"},{"Postcode":"6061","Name":"V Tran","Address":"40 Hancock St Nollamara WA 6061","Phone number":"(08) 9349 0771"},{"Postcode":"6061","Name":"G H Huynh Tran","Address":"15 Boyare Ave Mirrabooka WA 6061","Phone number":"(08) 9247 4539"},{"Postcode":"6066","Name":"D Tran","Address":"14 Beadon Cl Ballajura WA 6066","Phone number":"(08) 9248 8190"},{"Postcode":"6066","Name":"D T Tran","Address":"50 Yosemite Loop Ballajura WA 6066","Phone number":"(08) 9249 8378"},{"Postcode":"6066","Name":"H Tran","Address":"54 Badgingarra Gdns Ballajura WA 6066","Phone number":"(08) 9248 9838"},{"Postcode":"6066","Name":"H D Tran","Address":"29 Evergreen Ramble Ballajura WA 6066","Phone number":"(08) 9249 2176"},{"Postcode":"6066","Name":"T Tran","Address":"16 Snowdonia Crt Ballajura WA 6066","Phone number":"(08) 9249 6041"},{"Postcode":"6066","Name":"T Tran","Address":"204 Illawarra Crs South Ballajura WA 6066","Phone number":"(08) 9249 2579"},{"Postcode":"6066","Name":"T Tran","Address":"385 Summerlakes Pde Ballajura WA 6066","Phone number":"(08) 9249 5603"},{"Postcode":"6066","Name":"T Tran","Address":"9 Waterton Ret Ballajura WA 6066","Phone number":"(08) 9248 8435"},{"Postcode":"6056","Name":"Q Tran","Address":"56A Toodyay Rd Middle Swan WA 6056","Phone number":"(08) 9250 1935"},{"Postcode":"6054","Name":"M Tran","Address":"1 Knoll Pl Kiara WA 6054","Phone number":"(08) 9378 2502"},{"Postcode":"6162","Name":"H Tran","Address":"Un 2 211 South St Beaconsfield WA 6162","Phone number":"(08) 9335 1435"},{"Postcode":"6107","Name":"L T Tran","Address":"10 Eureka Rd Wilson WA 6107","Phone number":"(08) 9358 3013"},{"Postcode":"6107","Name":"T Tran","Address":"109 Streatham St Beckenham WA 6107","Phone number":"(08) 9356 7402"},{"Postcode":"6107","Name":"T Tran","Address":"25 Thomas St East Cannington WA 6107","Phone number":"(08) 9358 2753"},{"Postcode":"6063","Name":"D Tran","Address":"12 Welland Way Beechboro WA 6063","Phone number":"(08) 9377 4134"},{"Postcode":"6063","Name":"Mr D Tran","Address":"504 Beechboro Rd Beechboro WA 6063","Phone number":"(08) 9377 4483"},{"Postcode":"6063","Name":"Ms H Tran","Address":"107 Amazon Drv Beechboro WA 6063","Phone number":"(08) 9378 9519"},{"Postcode":"6063","Name":"K Tran","Address":"54 Hillwater Prm Bennett Springs WA 6063","Phone number":"(08) 9378 7895"},{"Postcode":"6063","Name":"S Tran","Address":"22 Mitra Loop Bennett Springs WA 6063","Phone number":"(08) 9378 7748"},{"Postcode":"6063","Name":"T Tran","Address":"79 Bridgeman Drv Beechboro WA 6063","Phone number":"(08) 9377 5507"},{"Postcode":"6063","Name":"T Tran","Address":"168 Amazon Drv Beechboro WA 6063","Phone number":"(08) 9377 5254"},{"Postcode":"6063","Name":"T Tran","Address":"29 Whimbrel Pde Bennett Springs WA 6063","Phone number":"(08) 9377 7601"},{"Postcode":"6063","Name":"T Tran","Address":"36 Parella Crt Bennett Springs WA 6063","Phone number":"(08) 9378 7668"},{"Postcode":"6063","Name":"T Tran","Address":"5 Bulbine Vis Bennett Springs WA 6063","Phone number":"(08) 9378 7531"},{"Postcode":"6069","Name":"Duc Tran","Address":"15 Birchmore Gardns Ellenbrook WA 6069","Phone number":"(08) 6296 7982"},{"Postcode":"6069","Name":"T T Tran","Address":"Un 2 4 Tickner Pde Ellenbrook WA 6069","Phone number":"(08) 6296 4918"},{"Postcode":"6069","Name":"Mrs T T N Tran","Address":"10 Rakich Drv Ellenbrook WA 6069","Phone number":"(08) 6296 6347"},{"Postcode":"6056","Name":"Q Tran","Address":"56A Toodyay Rd Middle Swan WA 6056","Phone number":"(08) 9250 1935"},{"Postcode":"6104","Name":"L Tran","Address":"8 Dunreath Vis Belmont WA 6104","Phone number":"(08) 9475 0649"},{"Postcode":"6102","Name":"D S Tran","Address":"113 Manning Rd Bentley WA 6102","Phone number":"(08) 9451 7640"},{"Postcode":"6102","Name":"S Tran","Address":"30B Alday St St James WA 6102","Phone number":"(08) 9470 5004"},{"Postcode":"6167","Name":"T Tran","Address":"35 Beacham Crs Medina WA 6167","Phone number":"(08) 9419 7899"},{"Postcode":"6163","Name":"Mrs L T T Tran","Address":"13 B Williamson Rd Kardinya WA 6163","Phone number":"(08) 9314 6438"},{"Postcode":"6163","Name":"T Tran","Address":"46 Wanstead St North Coogee WA 6163","Phone number":"(08) 9395 7051"},{"Postcode":"6163","Name":"U N Tran","Address":"41 Zlinya Cir Spearwood WA 6163","Phone number":"(08) 9418 2552"},{"Postcode":"6056","Name":"Q Tran","Address":"56A Toodyay Rd Middle Swan WA 6056","Phone number":"(08) 9250 1935"},{"Postcode":"6069","Name":"Duc Tran","Address":"15 Birchmore Gardns Ellenbrook WA 6069","Phone number":"(08) 6296 7982"},{"Postcode":"6069","Name":"T T Tran","Address":"Un 2 4 Tickner Pde Ellenbrook WA 6069","Phone number":"(08) 6296 4918"},{"Postcode":"6069","Name":"Mrs T T N Tran","Address":"10 Rakich Drv Ellenbrook WA 6069","Phone number":"(08) 6296 6347"},{"Postcode":"6084","Name":"V H Tran","Address":"250 Kirby Rd Bullsbrook WA 6084","Phone number":"(08) 9571 3145"},{"Postcode":"6100","Name":"C Tran","Address":"38 Harvey St Burswood WA 6100","Phone number":"(08) 9361 0664"},{"Postcode":"6167","Name":"T Tran","Address":"35 Beacham Crs Medina WA 6167","Phone number":"(08) 9419 7899"},{"Postcode":"6107","Name":"L T Tran","Address":"10 Eureka Rd Wilson WA 6107","Phone number":"(08) 9358 3013"},{"Postcode":"6107","Name":"T Tran","Address":"109 Streatham St Beckenham WA 6107","Phone number":"(08) 9356 7402"},{"Postcode":"6107","Name":"T Tran","Address":"25 Thomas St East Cannington WA 6107","Phone number":"(08) 9358 2753"},{"Postcode":"6020","Name":"T Tran","Address":"15 Galahad Way Carine WA 6020","Phone number":"(08) 9243 0297"},{"Postcode":"6167","Name":"T Tran","Address":"35 Beacham Crs Medina WA 6167","Phone number":"(08) 9419 7899"},{"Postcode":"6055","Name":"H Tran","Address":"10 Dempster St Caversham WA 6055","Phone number":"(08) 9250 5020"},{"Postcode":"6055","Name":"M Tran","Address":"7 Hastie Link Caversham WA 6055","Phone number":"(08) 9374 0065"},{"Postcode":"6055","Name":"N T Tran","Address":"3 Arvine Link Caversham WA 6055","Phone number":"(08) 9250 7681"},{"Postcode":"6084","Name":"V H Tran","Address":"250 Kirby Rd Bullsbrook WA 6084","Phone number":"(08) 9571 3145"},{"Postcode":"6018","Name":"N Tran","Address":"8 B Donatti Rd Innaloo WA 6018","Phone number":"(08) 9445 8005"},{"Postcode":"6018","Name":"V T Tran","Address":"33 Mallee Way Gwelup WA 6018","Phone number":"(08) 9447 3173"},{"Postcode":"6010","Name":"K Tran","Address":"32 First Ave Claremont WA 6010","Phone number":"(08) 9286 3456"},{"Postcode":"6010","Name":"K Tran","Address":"32 First Ave Claremont WA 6010","Phone number":"(08) 9286 3456"},{"Postcode":"6030","Name":"K Tran","Address":"28 Caldwell Turn Clarkson WA 6030","Phone number":"(08) 9407 7151"},{"Postcode":"6105","Name":"H T Tran","Address":"284 Knutsford Ave Kewdale WA 6105","Phone number":"(08) 9277 3356"},{"Postcode":"6163","Name":"Mrs L T T Tran","Address":"13 B Williamson Rd Kardinya WA 6163","Phone number":"(08) 9314 6438"},{"Postcode":"6163","Name":"T Tran","Address":"46 Wanstead St North Coogee WA 6163","Phone number":"(08) 9395 7051"},{"Postcode":"6163","Name":"U N Tran","Address":"41 Zlinya Cir Spearwood WA 6163","Phone number":"(08) 9418 2552"},{"Postcode":"6008","Name":"H Tran","Address":"Unit 35 165 Derby Rd Shenton Park WA 6008","Phone number":"(08) 9381 2382"},{"Postcode":"6008","Name":"T Tran","Address":"184 Rokeby Rd Subiaco WA 6008","Phone number":"(08) 9388 7894"},{"Postcode":"6008","Name":"W Tran","Address":"12 Smyth Rd Shenton Park WA 6008","Phone number":"(08) 9381 9173"},{"Postcode":"6065","Name":"B Tran","Address":"5 Magill St Landsdale WA 6065","Phone number":"(08) 6305 0989"},{"Postcode":"6065","Name":"D Tran","Address":"8 Tony Martin Way Darch WA 6065","Phone number":"(08) 9302 4785"},{"Postcode":"6065","Name":"D C Tran","Address":"89 Southmead Drv Landsdale WA 6065","Phone number":"(08) 9302 3659"},{"Postcode":"6065","Name":"H Tran","Address":"33 Emmetts Rd Landsdale WA 6065","Phone number":"(08) 9303 2439"},{"Postcode":"6065","Name":"J D Tran","Address":"81 Nankeen Crcle Tapping WA 6065","Phone number":"(08) 9306 5259"},{"Postcode":"6065","Name":"M Tran","Address":"6 Tissington Drv Darch WA 6065","Phone number":"(08) 9302 5609"},{"Postcode":"6065","Name":"M Tran","Address":"79 Archer St Pearsall WA 6065","Phone number":"(08) 9306 9471"},{"Postcode":"6065","Name":"N Tran","Address":"28 East Rd Pearsall WA 6065","Phone number":"(08) 9306 2647"},{"Postcode":"6065","Name":"N B Tran","Address":"55 Cadoux Loop Hocking WA 6065","Phone number":"(08) 9405 3439"},{"Postcode":"6065","Name":"S Tran","Address":"21 Mosey St Landsdale WA 6065","Phone number":"(08) 9302 1257"},{"Postcode":"6065","Name":"T Tran","Address":"20 Brockwell Pkwy Landsdale WA 6065","Phone number":"(08) 9302 6181"},{"Postcode":"6065","Name":"T M Tran","Address":"3 Rayner Drv Landsdale WA 6065","Phone number":"(08) 9302 2683"},{"Postcode":"6065","Name":"T N H Tran","Address":"5 Archimedes Crs Tapping WA 6065","Phone number":"(08) 9206 3937"},{"Postcode":"6065","Name":"T T Tran","Address":"14 Scarfo App Tapping WA 6065","Phone number":"(08) 9206 3164"},{"Postcode":"6065","Name":"T V Tran","Address":"14 Foxfield Rd Darch WA 6065","Phone number":"(08) 9302 2099"},{"Postcode":"6065","Name":"V T Tran","Address":"40 Denman Gardns Landsdale WA 6065","Phone number":"(08) 9302 1467"},{"Postcode":"6059","Name":"A T Tran","Address":"4 Oberon Cl Dianella WA 6059","Phone number":"(08) 9275 6669"},{"Postcode":"6059","Name":"D Q Tran","Address":"17 Roelands Pl Dianella WA 6059","Phone number":"(08) 9440 5721"},{"Postcode":"6059","Name":"H Tran","Address":"12 Coralberry Crs Dianella WA 6059","Phone number":"(08) 9345 3435"},{"Postcode":"6059","Name":"H Tran","Address":"32 Cherrywood Ave Dianella WA 6059","Phone number":"(08) 9440 0705"},{"Postcode":"6059","Name":"L P Tran","Address":"17 Witchcliffe Way Dianella WA 6059","Phone number":"(08) 9207 2323"},{"Postcode":"6059","Name":"Q A Tran","Address":"52 Cheviot St Dianella WA 6059","Phone number":"(08) 9276 2871"},{"Postcode":"6059","Name":"V Tran","Address":"1 Boddington Cct Dianella WA 6059","Phone number":"(08) 9375 8558"},{"Postcode":"6059","Name":"V M Tran","Address":"28 Cherrywood Ave Dianella WA 6059","Phone number":"(08) 9345 1285"},{"Postcode":"6060","Name":"A Tran","Address":"68 B Kinsella St Joondanna WA 6060","Phone number":"(08) 9201 1093"},{"Postcode":"6060","Name":"H Tran","Address":"32   B Hodgson St Tuart Hill WA 6060","Phone number":"(08) 9242 5386"},{"Postcode":"6060","Name":"J Tran","Address":"357 A Hector St Yokine WA 6060","Phone number":"(08) 9201 2640"},{"Postcode":"6060","Name":"Lan Dieu Tran","Address":"155 B Tyler St Tuart Hill WA 6060","Phone number":"(08) 9345 1983"},{"Postcode":"6060","Name":"M Tran","Address":"Un 8 224 Hector St Tuart Hill WA 6060","Phone number":"(08) 9201 2979"},{"Postcode":"6060","Name":"P Tran","Address":"160 Baden St Joondanna WA 6060","Phone number":"(08) 9444 2174"},{"Postcode":"6060","Name":"Q H Tran","Address":"162 Morley Drv Yokine WA 6060","Phone number":"(08) 9344 2789"},{"Postcode":"6060","Name":"T Tran","Address":"185 Lawley St Yokine WA 6060","Phone number":"(08) 9349 5983"},{"Postcode":"6060","Name":"T H Tran","Address":"130 French St Tuart Hill WA 6060","Phone number":"(08) 9440 1688"},{"Postcode":"6018","Name":"N Tran","Address":"8 B Donatti Rd Innaloo WA 6018","Phone number":"(08) 9445 8005"},{"Postcode":"6018","Name":"V T Tran","Address":"33 Mallee Way Gwelup WA 6018","Phone number":"(08) 9447 3173"},{"Postcode":"6054","Name":"M Tran","Address":"1 Knoll Pl Kiara WA 6054","Phone number":"(08) 9378 2502"},{"Postcode":"6069","Name":"Duc Tran","Address":"15 Birchmore Gardns Ellenbrook WA 6069","Phone number":"(08) 6296 7982"},{"Postcode":"6069","Name":"T T Tran","Address":"Un 2 4 Tickner Pde Ellenbrook WA 6069","Phone number":"(08) 6296 4918"},{"Postcode":"6069","Name":"Mrs T T N Tran","Address":"10 Rakich Drv Ellenbrook WA 6069","Phone number":"(08) 6296 6347"},{"Postcode":"6069","Name":"Duc Tran","Address":"15 Birchmore Gardns Ellenbrook WA 6069","Phone number":"(08) 6296 7982"},{"Postcode":"6069","Name":"T T Tran","Address":"Un 2 4 Tickner Pde Ellenbrook WA 6069","Phone number":"(08) 6296 4918"},{"Postcode":"6069","Name":"Mrs T T N Tran","Address":"10 Rakich Drv Ellenbrook WA 6069","Phone number":"(08) 6296 6347"},{"Postcode":"6062","Name":"C Tran","Address":"382 Beechboro Rd North Morley WA 6062","Phone number":"(08) 9379 2251"},{"Postcode":"6062","Name":"Mr N Tran","Address":"8 Belstead Ave Noranda WA 6062","Phone number":"(08) 9375 5824"},{"Postcode":"6062","Name":"Mr N T Tran","Address":"62 Walmsley Drv Noranda WA 6062","Phone number":"(08) 9276 5897"},{"Postcode":"6062","Name":"T Tran","Address":"522 Morley Drv Morley WA 6062","Phone number":"(08) 9275 6304"},{"Postcode":"6062","Name":"T Tran","Address":"74A Benara Rd Noranda WA 6062","Phone number":"(08) 9275 0797"},{"Postcode":"6014","Name":"T Tran","Address":"49 Herdsman Pde Wembley WA 6014","Phone number":"(08) 9284 0490"},{"Postcode":"6064","Name":"C Tran","Address":"12 Swincer Way Koondoola WA 6064","Phone number":"(08) 9342 8965"},{"Postcode":"6064","Name":"H Tran","Address":"69 Tyndall Cct Alexander Heights WA 6064","Phone number":"(08) 9343 9126"},{"Postcode":"6064","Name":"H Tran","Address":"15 St Quentin Pkwy Alexander Heights WA 6064","Phone number":"(08) 9343 5061"},{"Postcode":"6064","Name":"H Tran","Address":"34 Koondoola Ave Koondoola WA 6064","Phone number":"(08) 9342 3546"},{"Postcode":"6064","Name":"H Tran","Address":"23 Horton Cres Marangaroo WA 6064","Phone number":"(08) 9343 3668"},{"Postcode":"6064","Name":"H Tran","Address":"10 Seppelt Pl Marangaroo WA 6064","Phone number":"(08) 9343 5905"},{"Postcode":"6064","Name":"H Tran","Address":"35 Monash Cir Marangaroo WA 6064","Phone number":"(08) 6184 5831"},{"Postcode":"6064","Name":"K Tran","Address":"20 Princeton Crcle Alexander Heights WA 6064","Phone number":"(08) 9342 2915"},{"Postcode":"6064","Name":"K Tran","Address":"4 Emblem Lp Alexander Heights WA 6064","Phone number":"(08) 6162 2289"},{"Postcode":"6064","Name":"K Tran","Address":"5 Bartle La Alexander Heights WA 6064","Phone number":"(08) 9342 6108"},{"Postcode":"6064","Name":"K Tran","Address":"83 Le Grand Gardns Marangaroo WA 6064","Phone number":"(08) 9343 2282"},{"Postcode":"6064","Name":"L T Tran","Address":"51 Nelligan Ave Girrawheen WA 6064","Phone number":"(08) 9342 5703"},{"Postcode":"6064","Name":"M Tran","Address":"7 Gabell Way Koondoola WA 6064","Phone number":"(08) 9343 0490"},{"Postcode":"6064","Name":"M Tran","Address":"62 Gaby Way Marangaroo WA 6064","Phone number":"(08) 9343 9618"},{"Postcode":"6064","Name":"P Tran","Address":"293 Alexander Drv Alexander Heights WA 6064","Phone number":"(08) 9343 1062"},{"Postcode":"6064","Name":"P T Tran","Address":"63 Picton Tce Alexander Heights WA 6064","Phone number":"(08) 9342 2224"},{"Postcode":"6064","Name":"Mr R Tran","Address":"14 Bredhurst Rd Marangaroo WA 6064","Phone number":"(08) 9343 1981"},{"Postcode":"6064","Name":"S Tran","Address":"30 Axford Rd Alexander Heights WA 6064","Phone number":"(08) 9342 1258"},{"Postcode":"6064","Name":"T Tran","Address":"31 Highview St Alexander Heights WA 6064","Phone number":"(08) 9343 6671"},{"Postcode":"6064","Name":"T Tran","Address":"8 Sherwood Pl Alexander Heights WA 6064","Phone number":"(08) 9342 1439"},{"Postcode":"6064","Name":"T Tran","Address":"29 Brecknock Way Girrawheen WA 6064","Phone number":"(08) 9342 7325"},{"Postcode":"6064","Name":"Mr T Tran.","Address":"5 Woodford Crt Koondoola WA 6064","Phone number":"(08) 9342 6341"},{"Postcode":"6064","Name":"T T Tran","Address":"17 Parkin Way Marangaroo WA 6064","Phone number":"(08) 9247 4594"},{"Postcode":"6064","Name":"T T N Tran","Address":"12 Milstead Way Marangaroo WA 6064","Phone number":"(08) 9343 0439"},{"Postcode":"6064","Name":"X Tran","Address":"14 Doctorate Cl Marangaroo WA 6064","Phone number":"(08) 9343 0193"},{"Postcode":"6065","Name":"B Tran","Address":"5 Magill St Landsdale WA 6065","Phone number":"(08) 6305 0989"},{"Postcode":"6065","Name":"D Tran","Address":"8 Tony Martin Way Darch WA 6065","Phone number":"(08) 9302 4785"},{"Postcode":"6065","Name":"D C Tran","Address":"89 Southmead Drv Landsdale WA 6065","Phone number":"(08) 9302 3659"},{"Postcode":"6065","Name":"H Tran","Address":"33 Emmetts Rd Landsdale WA 6065","Phone number":"(08) 9303 2439"},{"Postcode":"6065","Name":"J D Tran","Address":"81 Nankeen Crcle Tapping WA 6065","Phone number":"(08) 9306 5259"},{"Postcode":"6065","Name":"M Tran","Address":"6 Tissington Drv Darch WA 6065","Phone number":"(08) 9302 5609"},{"Postcode":"6065","Name":"M Tran","Address":"79 Archer St Pearsall WA 6065","Phone number":"(08) 9306 9471"},{"Postcode":"6065","Name":"N Tran","Address":"28 East Rd Pearsall WA 6065","Phone number":"(08) 9306 2647"},{"Postcode":"6065","Name":"N B Tran","Address":"55 Cadoux Loop Hocking WA 6065","Phone number":"(08) 9405 3439"},{"Postcode":"6065","Name":"S Tran","Address":"21 Mosey St Landsdale WA 6065","Phone number":"(08) 9302 1257"},{"Postcode":"6065","Name":"T Tran","Address":"20 Brockwell Pkwy Landsdale WA 6065","Phone number":"(08) 9302 6181"},{"Postcode":"6065","Name":"T M Tran","Address":"3 Rayner Drv Landsdale WA 6065","Phone number":"(08) 9302 2683"},{"Postcode":"6065","Name":"T N H Tran","Address":"5 Archimedes Crs Tapping WA 6065","Phone number":"(08) 9206 3937"},{"Postcode":"6065","Name":"T T Tran","Address":"14 Scarfo App Tapping WA 6065","Phone number":"(08) 9206 3164"},{"Postcode":"6065","Name":"T V Tran","Address":"14 Foxfield Rd Darch WA 6065","Phone number":"(08) 9302 2099"},{"Postcode":"6065","Name":"V T Tran","Address":"40 Denman Gardns Landsdale WA 6065","Phone number":"(08) 9302 1467"},{"Postcode":"6110","Name":"P Tran","Address":"45 Ospringe St Gosnells WA 6110","Phone number":"(08) 9490 2261"},{"Postcode":"6056","Name":"Q Tran","Address":"56A Toodyay Rd Middle Swan WA 6056","Phone number":"(08) 9250 1935"},{"Postcode":"6024","Name":"H Tran","Address":"15 Eddington Rd Warwick WA 6024","Phone number":"(08) 9246 5378"},{"Postcode":"6024","Name":"H T Tran","Address":"389 Warwick Rd Greenwood WA 6024","Phone number":"(08) 9448 7350"},{"Postcode":"6055","Name":"H Tran","Address":"10 Dempster St Caversham WA 6055","Phone number":"(08) 9250 5020"},{"Postcode":"6055","Name":"M Tran","Address":"7 Hastie Link Caversham WA 6055","Phone number":"(08) 9374 0065"},{"Postcode":"6055","Name":"N T Tran","Address":"3 Arvine Link Caversham WA 6055","Phone number":"(08) 9250 7681"},{"Postcode":"6018","Name":"N Tran","Address":"8 B Donatti Rd Innaloo WA 6018","Phone number":"(08) 9445 8005"},{"Postcode":"6018","Name":"V T Tran","Address":"33 Mallee Way Gwelup WA 6018","Phone number":"(08) 9447 3173"},{"Postcode":"6022","Name":"K Tran","Address":"25 Maree St Hamersley WA 6022","Phone number":"(08) 9342 2846"},{"Postcode":"6022","Name":"Mr M Tran","Address":"148 Rannoch Crcle Hamersley WA 6022","Phone number":"(08) 9342 3084"},{"Postcode":"6163","Name":"Mrs L T T Tran","Address":"13 B Williamson Rd Kardinya WA 6163","Phone number":"(08) 9314 6438"},{"Postcode":"6163","Name":"T Tran","Address":"46 Wanstead St North Coogee WA 6163","Phone number":"(08) 9395 7051"},{"Postcode":"6163","Name":"U N Tran","Address":"41 Zlinya Cir Spearwood WA 6163","Phone number":"(08) 9418 2552"},{"Postcode":"6055","Name":"H Tran","Address":"10 Dempster St Caversham WA 6055","Phone number":"(08) 9250 5020"},{"Postcode":"6055","Name":"M Tran","Address":"7 Hastie Link Caversham WA 6055","Phone number":"(08) 9374 0065"},{"Postcode":"6055","Name":"N T Tran","Address":"3 Arvine Link Caversham WA 6055","Phone number":"(08) 9250 7681"},{"Postcode":"6056","Name":"Q Tran","Address":"56A Toodyay Rd Middle Swan WA 6056","Phone number":"(08) 9250 1935"},{"Postcode":"6055","Name":"H Tran","Address":"10 Dempster St Caversham WA 6055","Phone number":"(08) 9250 5020"},{"Postcode":"6055","Name":"M Tran","Address":"7 Hastie Link Caversham WA 6055","Phone number":"(08) 9374 0065"},{"Postcode":"6055","Name":"N T Tran","Address":"3 Arvine Link Caversham WA 6055","Phone number":"(08) 9250 7681"},{"Postcode":"6056","Name":"Q Tran","Address":"56A Toodyay Rd Middle Swan WA 6056","Phone number":"(08) 9250 1935"},{"Postcode":"6057","Name":"T Tran","Address":"83 Edney Rd High Wycombe WA 6057","Phone number":"(08) 9454 3676"},{"Postcode":"6003","Name":"H Q A Tran","Address":"Un 304 403 Newcastle St Northbridge WA 6003","Phone number":"(08) 9227 8026"},{"Postcode":"6163","Name":"Mrs L T T Tran","Address":"13 B Williamson Rd Kardinya WA 6163","Phone number":"(08) 9314 6438"},{"Postcode":"6163","Name":"T Tran","Address":"46 Wanstead St North Coogee WA 6163","Phone number":"(08) 9395 7051"},{"Postcode":"6163","Name":"U N Tran","Address":"41 Zlinya Cir Spearwood WA 6163","Phone number":"(08) 9418 2552"},{"Postcode":"6065","Name":"B Tran","Address":"5 Magill St Landsdale WA 6065","Phone number":"(08) 6305 0989"},{"Postcode":"6065","Name":"D Tran","Address":"8 Tony Martin Way Darch WA 6065","Phone number":"(08) 9302 4785"},{"Postcode":"6065","Name":"D C Tran","Address":"89 Southmead Drv Landsdale WA 6065","Phone number":"(08) 9302 3659"},{"Postcode":"6065","Name":"H Tran","Address":"33 Emmetts Rd Landsdale WA 6065","Phone number":"(08) 9303 2439"},{"Postcode":"6065","Name":"J D Tran","Address":"81 Nankeen Crcle Tapping WA 6065","Phone number":"(08) 9306 5259"},{"Postcode":"6065","Name":"M Tran","Address":"6 Tissington Drv Darch WA 6065","Phone number":"(08) 9302 5609"},{"Postcode":"6065","Name":"M Tran","Address":"79 Archer St Pearsall WA 6065","Phone number":"(08) 9306 9471"},{"Postcode":"6065","Name":"N Tran","Address":"28 East Rd Pearsall WA 6065","Phone number":"(08) 9306 2647"},{"Postcode":"6065","Name":"N B Tran","Address":"55 Cadoux Loop Hocking WA 6065","Phone number":"(08) 9405 3439"},{"Postcode":"6065","Name":"S Tran","Address":"21 Mosey St Landsdale WA 6065","Phone number":"(08) 9302 1257"},{"Postcode":"6065","Name":"T Tran","Address":"20 Brockwell Pkwy Landsdale WA 6065","Phone number":"(08) 9302 6181"},{"Postcode":"6065","Name":"T M Tran","Address":"3 Rayner Drv Landsdale WA 6065","Phone number":"(08) 9302 2683"},{"Postcode":"6065","Name":"T N H Tran","Address":"5 Archimedes Crs Tapping WA 6065","Phone number":"(08) 9206 3937"},{"Postcode":"6065","Name":"T T Tran","Address":"14 Scarfo App Tapping WA 6065","Phone number":"(08) 9206 3164"},{"Postcode":"6065","Name":"T V Tran","Address":"14 Foxfield Rd Darch WA 6065","Phone number":"(08) 9302 2099"},{"Postcode":"6065","Name":"V T Tran","Address":"40 Denman Gardns Landsdale WA 6065","Phone number":"(08) 9302 1467"},{"Postcode":"6110","Name":"P Tran","Address":"45 Ospringe St Gosnells WA 6110","Phone number":"(08) 9490 2261"},{"Postcode":"6018","Name":"N Tran","Address":"8 B Donatti Rd Innaloo WA 6018","Phone number":"(08) 9445 8005"},{"Postcode":"6018","Name":"V T Tran","Address":"33 Mallee Way Gwelup WA 6018","Phone number":"(08) 9447 3173"},{"Postcode":"6065","Name":"B Tran","Address":"5 Magill St Landsdale WA 6065","Phone number":"(08) 6305 0989"},{"Postcode":"6065","Name":"D Tran","Address":"8 Tony Martin Way Darch WA 6065","Phone number":"(08) 9302 4785"},{"Postcode":"6065","Name":"D C Tran","Address":"89 Southmead Drv Landsdale WA 6065","Phone number":"(08) 9302 3659"},{"Postcode":"6065","Name":"H Tran","Address":"33 Emmetts Rd Landsdale WA 6065","Phone number":"(08) 9303 2439"},{"Postcode":"6065","Name":"J D Tran","Address":"81 Nankeen Crcle Tapping WA 6065","Phone number":"(08) 9306 5259"},{"Postcode":"6065","Name":"M Tran","Address":"6 Tissington Drv Darch WA 6065","Phone number":"(08) 9302 5609"},{"Postcode":"6065","Name":"M Tran","Address":"79 Archer St Pearsall WA 6065","Phone number":"(08) 9306 9471"},{"Postcode":"6065","Name":"N Tran","Address":"28 East Rd Pearsall WA 6065","Phone number":"(08) 9306 2647"},{"Postcode":"6065","Name":"N B Tran","Address":"55 Cadoux Loop Hocking WA 6065","Phone number":"(08) 9405 3439"},{"Postcode":"6065","Name":"S Tran","Address":"21 Mosey St Landsdale WA 6065","Phone number":"(08) 9302 1257"},{"Postcode":"6065","Name":"T Tran","Address":"20 Brockwell Pkwy Landsdale WA 6065","Phone number":"(08) 9302 6181"},{"Postcode":"6065","Name":"T M Tran","Address":"3 Rayner Drv Landsdale WA 6065","Phone number":"(08) 9302 2683"},{"Postcode":"6065","Name":"T N H Tran","Address":"5 Archimedes Crs Tapping WA 6065","Phone number":"(08) 9206 3937"},{"Postcode":"6065","Name":"T T Tran","Address":"14 Scarfo App Tapping WA 6065","Phone number":"(08) 9206 3164"},{"Postcode":"6065","Name":"T V Tran","Address":"14 Foxfield Rd Darch WA 6065","Phone number":"(08) 9302 2099"},{"Postcode":"6065","Name":"V T Tran","Address":"40 Denman Gardns Landsdale WA 6065","Phone number":"(08) 9302 1467"},{"Postcode":"6056","Name":"Q Tran","Address":"56A Toodyay Rd Middle Swan WA 6056","Phone number":"(08) 9250 1935"},{"Postcode":"6014","Name":"T Tran","Address":"49 Herdsman Pde Wembley WA 6014","Phone number":"(08) 9284 0490"},{"Postcode":"6060","Name":"A Tran","Address":"68 B Kinsella St Joondanna WA 6060","Phone number":"(08) 9201 1093"},{"Postcode":"6060","Name":"H Tran","Address":"32   B Hodgson St Tuart Hill WA 6060","Phone number":"(08) 9242 5386"},{"Postcode":"6060","Name":"J Tran","Address":"357 A Hector St Yokine WA 6060","Phone number":"(08) 9201 2640"},{"Postcode":"6060","Name":"Lan Dieu Tran","Address":"155 B Tyler St Tuart Hill WA 6060","Phone number":"(08) 9345 1983"},{"Postcode":"6060","Name":"M Tran","Address":"Un 8 224 Hector St Tuart Hill WA 6060","Phone number":"(08) 9201 2979"},{"Postcode":"6060","Name":"P Tran","Address":"160 Baden St Joondanna WA 6060","Phone number":"(08) 9444 2174"},{"Postcode":"6060","Name":"Q H Tran","Address":"162 Morley Drv Yokine WA 6060","Phone number":"(08) 9344 2789"},{"Postcode":"6060","Name":"T Tran","Address":"185 Lawley St Yokine WA 6060","Phone number":"(08) 9349 5983"},{"Postcode":"6060","Name":"T H Tran","Address":"130 French St Tuart Hill WA 6060","Phone number":"(08) 9440 1688"},{"Postcode":"6163","Name":"Mrs L T T Tran","Address":"13 B Williamson Rd Kardinya WA 6163","Phone number":"(08) 9314 6438"},{"Postcode":"6163","Name":"T Tran","Address":"46 Wanstead St North Coogee WA 6163","Phone number":"(08) 9395 7051"},{"Postcode":"6163","Name":"U N Tran","Address":"41 Zlinya Cir Spearwood WA 6163","Phone number":"(08) 9418 2552"},{"Postcode":"6010","Name":"K Tran","Address":"32 First Ave Claremont WA 6010","Phone number":"(08) 9286 3456"},{"Postcode":"6018","Name":"N Tran","Address":"8 B Donatti Rd Innaloo WA 6018","Phone number":"(08) 9445 8005"},{"Postcode":"6018","Name":"V T Tran","Address":"33 Mallee Way Gwelup WA 6018","Phone number":"(08) 9447 3173"},{"Postcode":"6107","Name":"L T Tran","Address":"10 Eureka Rd Wilson WA 6107","Phone number":"(08) 9358 3013"},{"Postcode":"6107","Name":"T Tran","Address":"109 Streatham St Beckenham WA 6107","Phone number":"(08) 9356 7402"},{"Postcode":"6107","Name":"T Tran","Address":"25 Thomas St East Cannington WA 6107","Phone number":"(08) 9358 2753"},{"Postcode":"6105","Name":"H T Tran","Address":"284 Knutsford Ave Kewdale WA 6105","Phone number":"(08) 9277 3356"},{"Postcode":"6054","Name":"M Tran","Address":"1 Knoll Pl Kiara WA 6054","Phone number":"(08) 9378 2502"},{"Postcode":"6026","Name":"Q P Tran","Address":"12 Koolyn Gr Kingsley WA 6026","Phone number":"(08) 9409 9056"},{"Postcode":"6065","Name":"B Tran","Address":"5 Magill St Landsdale WA 6065","Phone number":"(08) 6305 0989"},{"Postcode":"6065","Name":"D Tran","Address":"8 Tony Martin Way Darch WA 6065","Phone number":"(08) 9302 4785"},{"Postcode":"6065","Name":"D C Tran","Address":"89 Southmead Drv Landsdale WA 6065","Phone number":"(08) 9302 3659"},{"Postcode":"6065","Name":"H Tran","Address":"33 Emmetts Rd Landsdale WA 6065","Phone number":"(08) 9303 2439"},{"Postcode":"6065","Name":"J D Tran","Address":"81 Nankeen Crcle Tapping WA 6065","Phone number":"(08) 9306 5259"},{"Postcode":"6065","Name":"M Tran","Address":"6 Tissington Drv Darch WA 6065","Phone number":"(08) 9302 5609"},{"Postcode":"6065","Name":"M Tran","Address":"79 Archer St Pearsall WA 6065","Phone number":"(08) 9306 9471"},{"Postcode":"6065","Name":"N Tran","Address":"28 East Rd Pearsall WA 6065","Phone number":"(08) 9306 2647"},{"Postcode":"6065","Name":"N B Tran","Address":"55 Cadoux Loop Hocking WA 6065","Phone number":"(08) 9405 3439"},{"Postcode":"6065","Name":"S Tran","Address":"21 Mosey St Landsdale WA 6065","Phone number":"(08) 9302 1257"},{"Postcode":"6065","Name":"T Tran","Address":"20 Brockwell Pkwy Landsdale WA 6065","Phone number":"(08) 9302 6181"},{"Postcode":"6065","Name":"T M Tran","Address":"3 Rayner Drv Landsdale WA 6065","Phone number":"(08) 9302 2683"},{"Postcode":"6065","Name":"T N H Tran","Address":"5 Archimedes Crs Tapping WA 6065","Phone number":"(08) 9206 3937"},{"Postcode":"6065","Name":"T T Tran","Address":"14 Scarfo App Tapping WA 6065","Phone number":"(08) 9206 3164"},{"Postcode":"6065","Name":"T V Tran","Address":"14 Foxfield Rd Darch WA 6065","Phone number":"(08) 9302 2099"},{"Postcode":"6065","Name":"V T Tran","Address":"40 Denman Gardns Landsdale WA 6065","Phone number":"(08) 9302 1467"},{"Postcode":"6064","Name":"C Tran","Address":"12 Swincer Way Koondoola WA 6064","Phone number":"(08) 9342 8965"},{"Postcode":"6064","Name":"H Tran","Address":"69 Tyndall Cct Alexander Heights WA 6064","Phone number":"(08) 9343 9126"},{"Postcode":"6064","Name":"H Tran","Address":"15 St Quentin Pkwy Alexander Heights WA 6064","Phone number":"(08) 9343 5061"},{"Postcode":"6064","Name":"H Tran","Address":"34 Koondoola Ave Koondoola WA 6064","Phone number":"(08) 9342 3546"},{"Postcode":"6064","Name":"H Tran","Address":"23 Horton Cres Marangaroo WA 6064","Phone number":"(08) 9343 3668"},{"Postcode":"6064","Name":"H Tran","Address":"10 Seppelt Pl Marangaroo WA 6064","Phone number":"(08) 9343 5905"},{"Postcode":"6064","Name":"H Tran","Address":"35 Monash Cir Marangaroo WA 6064","Phone number":"(08) 6184 5831"},{"Postcode":"6064","Name":"K Tran","Address":"20 Princeton Crcle Alexander Heights WA 6064","Phone number":"(08) 9342 2915"},{"Postcode":"6064","Name":"K Tran","Address":"4 Emblem Lp Alexander Heights WA 6064","Phone number":"(08) 6162 2289"},{"Postcode":"6064","Name":"K Tran","Address":"5 Bartle La Alexander Heights WA 6064","Phone number":"(08) 9342 6108"},{"Postcode":"6064","Name":"K Tran","Address":"83 Le Grand Gardns Marangaroo WA 6064","Phone number":"(08) 9343 2282"},{"Postcode":"6064","Name":"L T Tran","Address":"51 Nelligan Ave Girrawheen WA 6064","Phone number":"(08) 9342 5703"},{"Postcode":"6064","Name":"M Tran","Address":"7 Gabell Way Koondoola WA 6064","Phone number":"(08) 9343 0490"},{"Postcode":"6064","Name":"M Tran","Address":"62 Gaby Way Marangaroo WA 6064","Phone number":"(08) 9343 9618"},{"Postcode":"6064","Name":"P Tran","Address":"293 Alexander Drv Alexander Heights WA 6064","Phone number":"(08) 9343 1062"},{"Postcode":"6064","Name":"P T Tran","Address":"63 Picton Tce Alexander Heights WA 6064","Phone number":"(08) 9342 2224"},{"Postcode":"6064","Name":"Mr R Tran","Address":"14 Bredhurst Rd Marangaroo WA 6064","Phone number":"(08) 9343 1981"},{"Postcode":"6064","Name":"S Tran","Address":"30 Axford Rd Alexander Heights WA 6064","Phone number":"(08) 9342 1258"},{"Postcode":"6064","Name":"T Tran","Address":"31 Highview St Alexander Heights WA 6064","Phone number":"(08) 9343 6671"},{"Postcode":"6064","Name":"T Tran","Address":"8 Sherwood Pl Alexander Heights WA 6064","Phone number":"(08) 9342 1439"},{"Postcode":"6064","Name":"T Tran","Address":"29 Brecknock Way Girrawheen WA 6064","Phone number":"(08) 9342 7325"},{"Postcode":"6064","Name":"Mr T Tran.","Address":"5 Woodford Crt Koondoola WA 6064","Phone number":"(08) 9342 6341"},{"Postcode":"6064","Name":"T T Tran","Address":"17 Parkin Way Marangaroo WA 6064","Phone number":"(08) 9247 4594"},{"Postcode":"6064","Name":"T T N Tran","Address":"12 Milstead Way Marangaroo WA 6064","Phone number":"(08) 9343 0439"},{"Postcode":"6064","Name":"X Tran","Address":"14 Doctorate Cl Marangaroo WA 6064","Phone number":"(08) 9343 0193"},{"Postcode":"6056","Name":"Q Tran","Address":"56A Toodyay Rd Middle Swan WA 6056","Phone number":"(08) 9250 1935"},{"Postcode":"6167","Name":"T Tran","Address":"35 Beacham Crs Medina WA 6167","Phone number":"(08) 9419 7899"},{"Postcode":"6167","Name":"T Tran","Address":"35 Beacham Crs Medina WA 6167","Phone number":"(08) 9419 7899"},{"Postcode":"6065","Name":"B Tran","Address":"5 Magill St Landsdale WA 6065","Phone number":"(08) 6305 0989"},{"Postcode":"6065","Name":"D Tran","Address":"8 Tony Martin Way Darch WA 6065","Phone number":"(08) 9302 4785"},{"Postcode":"6065","Name":"D C Tran","Address":"89 Southmead Drv Landsdale WA 6065","Phone number":"(08) 9302 3659"},{"Postcode":"6065","Name":"H Tran","Address":"33 Emmetts Rd Landsdale WA 6065","Phone number":"(08) 9303 2439"},{"Postcode":"6065","Name":"J D Tran","Address":"81 Nankeen Crcle Tapping WA 6065","Phone number":"(08) 9306 5259"},{"Postcode":"6065","Name":"M Tran","Address":"6 Tissington Drv Darch WA 6065","Phone number":"(08) 9302 5609"},{"Postcode":"6065","Name":"M Tran","Address":"79 Archer St Pearsall WA 6065","Phone number":"(08) 9306 9471"},{"Postcode":"6065","Name":"N Tran","Address":"28 East Rd Pearsall WA 6065","Phone number":"(08) 9306 2647"},{"Postcode":"6065","Name":"N B Tran","Address":"55 Cadoux Loop Hocking WA 6065","Phone number":"(08) 9405 3439"},{"Postcode":"6065","Name":"S Tran","Address":"21 Mosey St Landsdale WA 6065","Phone number":"(08) 9302 1257"},{"Postcode":"6065","Name":"T Tran","Address":"20 Brockwell Pkwy Landsdale WA 6065","Phone number":"(08) 9302 6181"},{"Postcode":"6065","Name":"T M Tran","Address":"3 Rayner Drv Landsdale WA 6065","Phone number":"(08) 9302 2683"},{"Postcode":"6065","Name":"T N H Tran","Address":"5 Archimedes Crs Tapping WA 6065","Phone number":"(08) 9206 3937"},{"Postcode":"6065","Name":"T T Tran","Address":"14 Scarfo App Tapping WA 6065","Phone number":"(08) 9206 3164"},{"Postcode":"6065","Name":"T V Tran","Address":"14 Foxfield Rd Darch WA 6065","Phone number":"(08) 9302 2099"},{"Postcode":"6065","Name":"V T Tran","Address":"40 Denman Gardns Landsdale WA 6065","Phone number":"(08) 9302 1467"},{"Postcode":"6147","Name":"T Tran","Address":"46 Brookman Ave Langford WA 6147","Phone number":"(08) 6150 2671"},{"Postcode":"6100","Name":"C Tran","Address":"38 Harvey St Burswood WA 6100","Phone number":"(08) 9361 0664"},{"Postcode":"6054","Name":"M Tran","Address":"1 Knoll Pl Kiara WA 6054","Phone number":"(08) 9378 2502"},{"Postcode":"6084","Name":"V H Tran","Address":"250 Kirby Rd Bullsbrook WA 6084","Phone number":"(08) 9571 3145"},{"Postcode":"6147","Name":"T Tran","Address":"46 Brookman Ave Langford WA 6147","Phone number":"(08) 6150 2671"},{"Postcode":"6065","Name":"B Tran","Address":"5 Magill St Landsdale WA 6065","Phone number":"(08) 6305 0989"},{"Postcode":"6065","Name":"D Tran","Address":"8 Tony Martin Way Darch WA 6065","Phone number":"(08) 9302 4785"},{"Postcode":"6065","Name":"D C Tran","Address":"89 Southmead Drv Landsdale WA 6065","Phone number":"(08) 9302 3659"},{"Postcode":"6065","Name":"H Tran","Address":"33 Emmetts Rd Landsdale WA 6065","Phone number":"(08) 9303 2439"},{"Postcode":"6065","Name":"J D Tran","Address":"81 Nankeen Crcle Tapping WA 6065","Phone number":"(08) 9306 5259"},{"Postcode":"6065","Name":"M Tran","Address":"6 Tissington Drv Darch WA 6065","Phone number":"(08) 9302 5609"},{"Postcode":"6065","Name":"M Tran","Address":"79 Archer St Pearsall WA 6065","Phone number":"(08) 9306 9471"},{"Postcode":"6065","Name":"N Tran","Address":"28 East Rd Pearsall WA 6065","Phone number":"(08) 9306 2647"},{"Postcode":"6065","Name":"N B Tran","Address":"55 Cadoux Loop Hocking WA 6065","Phone number":"(08) 9405 3439"},{"Postcode":"6065","Name":"S Tran","Address":"21 Mosey St Landsdale WA 6065","Phone number":"(08) 9302 1257"},{"Postcode":"6065","Name":"T Tran","Address":"20 Brockwell Pkwy Landsdale WA 6065","Phone number":"(08) 9302 6181"},{"Postcode":"6065","Name":"T M Tran","Address":"3 Rayner Drv Landsdale WA 6065","Phone number":"(08) 9302 2683"},{"Postcode":"6065","Name":"T N H Tran","Address":"5 Archimedes Crs Tapping WA 6065","Phone number":"(08) 9206 3937"},{"Postcode":"6065","Name":"T T Tran","Address":"14 Scarfo App Tapping WA 6065","Phone number":"(08) 9206 3164"},{"Postcode":"6065","Name":"T V Tran","Address":"14 Foxfield Rd Darch WA 6065","Phone number":"(08) 9302 2099"},{"Postcode":"6065","Name":"V T Tran","Address":"40 Denman Gardns Landsdale WA 6065","Phone number":"(08) 9302 1467"},{"Postcode":"6057","Name":"T Tran","Address":"83 Edney Rd High Wycombe WA 6057","Phone number":"(08) 9454 3676"},{"Postcode":"6167","Name":"T Tran","Address":"35 Beacham Crs Medina WA 6167","Phone number":"(08) 9419 7899"},{"Postcode":"6064","Name":"C Tran","Address":"12 Swincer Way Koondoola WA 6064","Phone number":"(08) 9342 8965"},{"Postcode":"6064","Name":"H Tran","Address":"69 Tyndall Cct Alexander Heights WA 6064","Phone number":"(08) 9343 9126"},{"Postcode":"6064","Name":"H Tran","Address":"15 St Quentin Pkwy Alexander Heights WA 6064","Phone number":"(08) 9343 5061"},{"Postcode":"6064","Name":"H Tran","Address":"34 Koondoola Ave Koondoola WA 6064","Phone number":"(08) 9342 3546"},{"Postcode":"6064","Name":"H Tran","Address":"23 Horton Cres Marangaroo WA 6064","Phone number":"(08) 9343 3668"},{"Postcode":"6064","Name":"H Tran","Address":"10 Seppelt Pl Marangaroo WA 6064","Phone number":"(08) 9343 5905"},{"Postcode":"6064","Name":"H Tran","Address":"35 Monash Cir Marangaroo WA 6064","Phone number":"(08) 6184 5831"},{"Postcode":"6064","Name":"K Tran","Address":"20 Princeton Crcle Alexander Heights WA 6064","Phone number":"(08) 9342 2915"},{"Postcode":"6064","Name":"K Tran","Address":"4 Emblem Lp Alexander Heights WA 6064","Phone number":"(08) 6162 2289"},{"Postcode":"6064","Name":"K Tran","Address":"5 Bartle La Alexander Heights WA 6064","Phone number":"(08) 9342 6108"},{"Postcode":"6064","Name":"K Tran","Address":"83 Le Grand Gardns Marangaroo WA 6064","Phone number":"(08) 9343 2282"},{"Postcode":"6064","Name":"L T Tran","Address":"51 Nelligan Ave Girrawheen WA 6064","Phone number":"(08) 9342 5703"},{"Postcode":"6064","Name":"M Tran","Address":"7 Gabell Way Koondoola WA 6064","Phone number":"(08) 9343 0490"},{"Postcode":"6064","Name":"M Tran","Address":"62 Gaby Way Marangaroo WA 6064","Phone number":"(08) 9343 9618"},{"Postcode":"6064","Name":"P Tran","Address":"293 Alexander Drv Alexander Heights WA 6064","Phone number":"(08) 9343 1062"},{"Postcode":"6064","Name":"P T Tran","Address":"63 Picton Tce Alexander Heights WA 6064","Phone number":"(08) 9342 2224"},{"Postcode":"6064","Name":"Mr R Tran","Address":"14 Bredhurst Rd Marangaroo WA 6064","Phone number":"(08) 9343 1981"},{"Postcode":"6064","Name":"S Tran","Address":"30 Axford Rd Alexander Heights WA 6064","Phone number":"(08) 9342 1258"},{"Postcode":"6064","Name":"T Tran","Address":"31 Highview St Alexander Heights WA 6064","Phone number":"(08) 9343 6671"},{"Postcode":"6064","Name":"T Tran","Address":"8 Sherwood Pl Alexander Heights WA 6064","Phone number":"(08) 9342 1439"},{"Postcode":"6064","Name":"T Tran","Address":"29 Brecknock Way Girrawheen WA 6064","Phone number":"(08) 9342 7325"},{"Postcode":"6064","Name":"Mr T Tran.","Address":"5 Woodford Crt Koondoola WA 6064","Phone number":"(08) 9342 6341"},{"Postcode":"6064","Name":"T T Tran","Address":"17 Parkin Way Marangaroo WA 6064","Phone number":"(08) 9247 4594"},{"Postcode":"6064","Name":"T T N Tran","Address":"12 Milstead Way Marangaroo WA 6064","Phone number":"(08) 9343 0439"},{"Postcode":"6064","Name":"X Tran","Address":"14 Doctorate Cl Marangaroo WA 6064","Phone number":"(08) 9343 0193"},{"Postcode":"6065","Name":"B Tran","Address":"5 Magill St Landsdale WA 6065","Phone number":"(08) 6305 0989"},{"Postcode":"6065","Name":"D Tran","Address":"8 Tony Martin Way Darch WA 6065","Phone number":"(08) 9302 4785"},{"Postcode":"6065","Name":"D C Tran","Address":"89 Southmead Drv Landsdale WA 6065","Phone number":"(08) 9302 3659"},{"Postcode":"6065","Name":"H Tran","Address":"33 Emmetts Rd Landsdale WA 6065","Phone number":"(08) 9303 2439"},{"Postcode":"6065","Name":"J D Tran","Address":"81 Nankeen Crcle Tapping WA 6065","Phone number":"(08) 9306 5259"},{"Postcode":"6065","Name":"M Tran","Address":"6 Tissington Drv Darch WA 6065","Phone number":"(08) 9302 5609"},{"Postcode":"6065","Name":"M Tran","Address":"79 Archer St Pearsall WA 6065","Phone number":"(08) 9306 9471"},{"Postcode":"6065","Name":"N Tran","Address":"28 East Rd Pearsall WA 6065","Phone number":"(08) 9306 2647"},{"Postcode":"6065","Name":"N B Tran","Address":"55 Cadoux Loop Hocking WA 6065","Phone number":"(08) 9405 3439"},{"Postcode":"6065","Name":"S Tran","Address":"21 Mosey St Landsdale WA 6065","Phone number":"(08) 9302 1257"},{"Postcode":"6065","Name":"T Tran","Address":"20 Brockwell Pkwy Landsdale WA 6065","Phone number":"(08) 9302 6181"},{"Postcode":"6065","Name":"T M Tran","Address":"3 Rayner Drv Landsdale WA 6065","Phone number":"(08) 9302 2683"},{"Postcode":"6065","Name":"T N H Tran","Address":"5 Archimedes Crs Tapping WA 6065","Phone number":"(08) 9206 3937"},{"Postcode":"6065","Name":"T T Tran","Address":"14 Scarfo App Tapping WA 6065","Phone number":"(08) 9206 3164"},{"Postcode":"6065","Name":"T V Tran","Address":"14 Foxfield Rd Darch WA 6065","Phone number":"(08) 9302 2099"},{"Postcode":"6065","Name":"V T Tran","Address":"40 Denman Gardns Landsdale WA 6065","Phone number":"(08) 9302 1467"},{"Postcode":"6020","Name":"T Tran","Address":"15 Galahad Way Carine WA 6020","Phone number":"(08) 9243 0297"},{"Postcode":"6110","Name":"P Tran","Address":"45 Ospringe St Gosnells WA 6110","Phone number":"(08) 9490 2261"},{"Postcode":"6051","Name":"J Tran","Address":"Un 7 124 Seventh Ave Maylands WA 6051","Phone number":"(08) 9371 5350"},{"Postcode":"6167","Name":"T Tran","Address":"35 Beacham Crs Medina WA 6167","Phone number":"(08) 9419 7899"},{"Postcode":"6065","Name":"B Tran","Address":"5 Magill St Landsdale WA 6065","Phone number":"(08) 6305 0989"},{"Postcode":"6065","Name":"D Tran","Address":"8 Tony Martin Way Darch WA 6065","Phone number":"(08) 9302 4785"},{"Postcode":"6065","Name":"D C Tran","Address":"89 Southmead Drv Landsdale WA 6065","Phone number":"(08) 9302 3659"},{"Postcode":"6065","Name":"H Tran","Address":"33 Emmetts Rd Landsdale WA 6065","Phone number":"(08) 9303 2439"},{"Postcode":"6065","Name":"J D Tran","Address":"81 Nankeen Crcle Tapping WA 6065","Phone number":"(08) 9306 5259"},{"Postcode":"6065","Name":"M Tran","Address":"6 Tissington Drv Darch WA 6065","Phone number":"(08) 9302 5609"},{"Postcode":"6065","Name":"M Tran","Address":"79 Archer St Pearsall WA 6065","Phone number":"(08) 9306 9471"},{"Postcode":"6065","Name":"N Tran","Address":"28 East Rd Pearsall WA 6065","Phone number":"(08) 9306 2647"},{"Postcode":"6065","Name":"N B Tran","Address":"55 Cadoux Loop Hocking WA 6065","Phone number":"(08) 9405 3439"},{"Postcode":"6065","Name":"S Tran","Address":"21 Mosey St Landsdale WA 6065","Phone number":"(08) 9302 1257"},{"Postcode":"6065","Name":"T Tran","Address":"20 Brockwell Pkwy Landsdale WA 6065","Phone number":"(08) 9302 6181"},{"Postcode":"6065","Name":"T M Tran","Address":"3 Rayner Drv Landsdale WA 6065","Phone number":"(08) 9302 2683"},{"Postcode":"6065","Name":"T N H Tran","Address":"5 Archimedes Crs Tapping WA 6065","Phone number":"(08) 9206 3937"},{"Postcode":"6065","Name":"T T Tran","Address":"14 Scarfo App Tapping WA 6065","Phone number":"(08) 9206 3164"},{"Postcode":"6065","Name":"T V Tran","Address":"14 Foxfield Rd Darch WA 6065","Phone number":"(08) 9302 2099"},{"Postcode":"6065","Name":"V T Tran","Address":"40 Denman Gardns Landsdale WA 6065","Phone number":"(08) 9302 1467"},{"Postcode":"6030","Name":"K Tran","Address":"28 Caldwell Turn Clarkson WA 6030","Phone number":"(08) 9407 7151"},{"Postcode":"6056","Name":"Q Tran","Address":"56A Toodyay Rd Middle Swan WA 6056","Phone number":"(08) 9250 1935"},{"Postcode":"6056","Name":"Q Tran","Address":"56A Toodyay Rd Middle Swan WA 6056","Phone number":"(08) 9250 1935"},{"Postcode":"6056","Name":"Q Tran","Address":"56A Toodyay Rd Middle Swan WA 6056","Phone number":"(08) 9250 1935"},{"Postcode":"6056","Name":"Q Tran","Address":"56A Toodyay Rd Middle Swan WA 6056","Phone number":"(08) 9250 1935"},{"Postcode":"6030","Name":"K Tran","Address":"28 Caldwell Turn Clarkson WA 6030","Phone number":"(08) 9407 7151"},{"Postcode":"6061","Name":"Tran","Address":"19 B Findon Crs Westminster WA 6061","Phone number":"(08) 9207 1485"},{"Postcode":"6061","Name":"M S Tran","Address":"14A Mildmay St Balga WA 6061","Phone number":"(08) 9343 5635"},{"Postcode":"6061","Name":"M T N Tran","Address":"9 Lambourne Ret Mirrabooka WA 6061","Phone number":"(08) 9249 7685"},{"Postcode":"6061","Name":"M Y Tran","Address":"16 Eastbourne Crs Nollamara WA 6061","Phone number":"(08) 9349 4335"},{"Postcode":"6061","Name":"P Tran","Address":"2 Saddler Crcle Mirrabooka WA 6061","Phone number":"(08) 9344 2162"},{"Postcode":"6061","Name":"T Tran","Address":"5 Wilmore Grn Mirrabooka WA 6061","Phone number":"(08) 9209 3181"},{"Postcode":"6061","Name":"T Tran","Address":"30 Hancock St Nollamara WA 6061","Phone number":"(04) 3374 0945"},{"Postcode":"6061","Name":"V Tran","Address":"10 Thomas Hamilton Ave Mirrabooka WA 6061","Phone number":"(08) 9344 1129"},{"Postcode":"6061","Name":"V Tran","Address":"40 Hancock St Nollamara WA 6061","Phone number":"(08) 9349 0771"},{"Postcode":"6061","Name":"G H Huynh Tran","Address":"15 Boyare Ave Mirrabooka WA 6061","Phone number":"(08) 9247 4539"},{"Postcode":"6062","Name":"C Tran","Address":"382 Beechboro Rd North Morley WA 6062","Phone number":"(08) 9379 2251"},{"Postcode":"6062","Name":"Mr N Tran","Address":"8 Belstead Ave Noranda WA 6062","Phone number":"(08) 9375 5824"},{"Postcode":"6062","Name":"Mr N T Tran","Address":"62 Walmsley Drv Noranda WA 6062","Phone number":"(08) 9276 5897"},{"Postcode":"6062","Name":"T Tran","Address":"522 Morley Drv Morley WA 6062","Phone number":"(08) 9275 6304"},{"Postcode":"6062","Name":"T Tran","Address":"74A Benara Rd Noranda WA 6062","Phone number":"(08) 9275 0797"},{"Postcode":"6010","Name":"K Tran","Address":"32 First Ave Claremont WA 6010","Phone number":"(08) 9286 3456"},{"Postcode":"6061","Name":"Tran","Address":"19 B Findon Crs Westminster WA 6061","Phone number":"(08) 9207 1485"},{"Postcode":"6061","Name":"M S Tran","Address":"14A Mildmay St Balga WA 6061","Phone number":"(08) 9343 5635"},{"Postcode":"6061","Name":"M T N Tran","Address":"9 Lambourne Ret Mirrabooka WA 6061","Phone number":"(08) 9249 7685"},{"Postcode":"6061","Name":"M Y Tran","Address":"16 Eastbourne Crs Nollamara WA 6061","Phone number":"(08) 9349 4335"},{"Postcode":"6061","Name":"P Tran","Address":"2 Saddler Crcle Mirrabooka WA 6061","Phone number":"(08) 9344 2162"},{"Postcode":"6061","Name":"T Tran","Address":"5 Wilmore Grn Mirrabooka WA 6061","Phone number":"(08) 9209 3181"},{"Postcode":"6061","Name":"T Tran","Address":"30 Hancock St Nollamara WA 6061","Phone number":"(04) 3374 0945"},{"Postcode":"6061","Name":"V Tran","Address":"10 Thomas Hamilton Ave Mirrabooka WA 6061","Phone number":"(08) 9344 1129"},{"Postcode":"6061","Name":"V Tran","Address":"40 Hancock St Nollamara WA 6061","Phone number":"(08) 9349 0771"},{"Postcode":"6061","Name":"G H Huynh Tran","Address":"15 Boyare Ave Mirrabooka WA 6061","Phone number":"(08) 9247 4539"},{"Postcode":"6062","Name":"C Tran","Address":"382 Beechboro Rd North Morley WA 6062","Phone number":"(08) 9379 2251"},{"Postcode":"6062","Name":"Mr N Tran","Address":"8 Belstead Ave Noranda WA 6062","Phone number":"(08) 9375 5824"},{"Postcode":"6062","Name":"Mr N T Tran","Address":"62 Walmsley Drv Noranda WA 6062","Phone number":"(08) 9276 5897"},{"Postcode":"6062","Name":"T Tran","Address":"522 Morley Drv Morley WA 6062","Phone number":"(08) 9275 6304"},{"Postcode":"6062","Name":"T Tran","Address":"74A Benara Rd Noranda WA 6062","Phone number":"(08) 9275 0797"},{"Postcode":"6020","Name":"T Tran","Address":"15 Galahad Way Carine WA 6020","Phone number":"(08) 9243 0297"},{"Postcode":"6163","Name":"Mrs L T T Tran","Address":"13 B Williamson Rd Kardinya WA 6163","Phone number":"(08) 9314 6438"},{"Postcode":"6163","Name":"T Tran","Address":"46 Wanstead St North Coogee WA 6163","Phone number":"(08) 9395 7051"},{"Postcode":"6163","Name":"U N Tran","Address":"41 Zlinya Cir Spearwood WA 6163","Phone number":"(08) 9418 2552"},{"Postcode":"6006","Name":"H Tran","Address":"545A Fitzgerald St North Perth WA 6006","Phone number":"(08) 9443 9268"},{"Postcode":"6006","Name":"P Tran","Address":"63 Auckland St North Perth WA 6006","Phone number":"(08) 9444 2992"},{"Postcode":"6003","Name":"H Q A Tran","Address":"Un 304 403 Newcastle St Northbridge WA 6003","Phone number":"(08) 9227 8026"},{"Postcode":"6163","Name":"Mrs L T T Tran","Address":"13 B Williamson Rd Kardinya WA 6163","Phone number":"(08) 9314 6438"},{"Postcode":"6163","Name":"T Tran","Address":"46 Wanstead St North Coogee WA 6163","Phone number":"(08) 9395 7051"},{"Postcode":"6163","Name":"U N Tran","Address":"41 Zlinya Cir Spearwood WA 6163","Phone number":"(08) 9418 2552"},{"Postcode":"6167","Name":"T Tran","Address":"35 Beacham Crs Medina WA 6167","Phone number":"(08) 9419 7899"},{"Postcode":"6147","Name":"T Tran","Address":"46 Brookman Ave Langford WA 6147","Phone number":"(08) 6150 2671"},{"Postcode":"6167","Name":"T Tran","Address":"35 Beacham Crs Medina WA 6167","Phone number":"(08) 9419 7899"},{"Postcode":"6065","Name":"B Tran","Address":"5 Magill St Landsdale WA 6065","Phone number":"(08) 6305 0989"},{"Postcode":"6065","Name":"D Tran","Address":"8 Tony Martin Way Darch WA 6065","Phone number":"(08) 9302 4785"},{"Postcode":"6065","Name":"D C Tran","Address":"89 Southmead Drv Landsdale WA 6065","Phone number":"(08) 9302 3659"},{"Postcode":"6065","Name":"H Tran","Address":"33 Emmetts Rd Landsdale WA 6065","Phone number":"(08) 9303 2439"},{"Postcode":"6065","Name":"J D Tran","Address":"81 Nankeen Crcle Tapping WA 6065","Phone number":"(08) 9306 5259"},{"Postcode":"6065","Name":"M Tran","Address":"6 Tissington Drv Darch WA 6065","Phone number":"(08) 9302 5609"},{"Postcode":"6065","Name":"M Tran","Address":"79 Archer St Pearsall WA 6065","Phone number":"(08) 9306 9471"},{"Postcode":"6065","Name":"N Tran","Address":"28 East Rd Pearsall WA 6065","Phone number":"(08) 9306 2647"},{"Postcode":"6065","Name":"N B Tran","Address":"55 Cadoux Loop Hocking WA 6065","Phone number":"(08) 9405 3439"},{"Postcode":"6065","Name":"S Tran","Address":"21 Mosey St Landsdale WA 6065","Phone number":"(08) 9302 1257"},{"Postcode":"6065","Name":"T Tran","Address":"20 Brockwell Pkwy Landsdale WA 6065","Phone number":"(08) 9302 6181"},{"Postcode":"6065","Name":"T M Tran","Address":"3 Rayner Drv Landsdale WA 6065","Phone number":"(08) 9302 2683"},{"Postcode":"6065","Name":"T N H Tran","Address":"5 Archimedes Crs Tapping WA 6065","Phone number":"(08) 9206 3937"},{"Postcode":"6065","Name":"T T Tran","Address":"14 Scarfo App Tapping WA 6065","Phone number":"(08) 9206 3164"},{"Postcode":"6065","Name":"T V Tran","Address":"14 Foxfield Rd Darch WA 6065","Phone number":"(08) 9302 2099"},{"Postcode":"6065","Name":"V T Tran","Address":"40 Denman Gardns Landsdale WA 6065","Phone number":"(08) 9302 1467"},{"Postcode":"6000","Name":"Tran","Address":"324 Murray St Perth WA 6000","Phone number":"(08) 9321 9910"},{"Postcode":"6000","Name":"E Tran","Address":"6 Bulwer St Perth WA 6000","Phone number":"(08) 9227 9909"},{"Postcode":"6000","Name":"Ms M Tran","Address":"181 Bulwer St Perth WA 6000","Phone number":"(08) 9228 2612"},{"Postcode":"6000","Name":"T Tran","Address":"152 Palmerston St Perth WA 6000","Phone number":"(08) 9228 2829"},{"Postcode":"6105","Name":"H T Tran","Address":"284 Knutsford Ave Kewdale WA 6105","Phone number":"(08) 9277 3356"},{"Postcode":"6065","Name":"B Tran","Address":"5 Magill St Landsdale WA 6065","Phone number":"(08) 6305 0989"},{"Postcode":"6065","Name":"D Tran","Address":"8 Tony Martin Way Darch WA 6065","Phone number":"(08) 9302 4785"},{"Postcode":"6065","Name":"D C Tran","Address":"89 Southmead Drv Landsdale WA 6065","Phone number":"(08) 9302 3659"},{"Postcode":"6065","Name":"H Tran","Address":"33 Emmetts Rd Landsdale WA 6065","Phone number":"(08) 9303 2439"},{"Postcode":"6065","Name":"J D Tran","Address":"81 Nankeen Crcle Tapping WA 6065","Phone number":"(08) 9306 5259"},{"Postcode":"6065","Name":"M Tran","Address":"6 Tissington Drv Darch WA 6065","Phone number":"(08) 9302 5609"},{"Postcode":"6065","Name":"M Tran","Address":"79 Archer St Pearsall WA 6065","Phone number":"(08) 9306 9471"},{"Postcode":"6065","Name":"N Tran","Address":"28 East Rd Pearsall WA 6065","Phone number":"(08) 9306 2647"},{"Postcode":"6065","Name":"N B Tran","Address":"55 Cadoux Loop Hocking WA 6065","Phone number":"(08) 9405 3439"},{"Postcode":"6065","Name":"S Tran","Address":"21 Mosey St Landsdale WA 6065","Phone number":"(08) 9302 1257"},{"Postcode":"6065","Name":"T Tran","Address":"20 Brockwell Pkwy Landsdale WA 6065","Phone number":"(08) 9302 6181"},{"Postcode":"6065","Name":"T M Tran","Address":"3 Rayner Drv Landsdale WA 6065","Phone number":"(08) 9302 2683"},{"Postcode":"6065","Name":"T N H Tran","Address":"5 Archimedes Crs Tapping WA 6065","Phone number":"(08) 9206 3937"},{"Postcode":"6065","Name":"T T Tran","Address":"14 Scarfo App Tapping WA 6065","Phone number":"(08) 9206 3164"},{"Postcode":"6065","Name":"T V Tran","Address":"14 Foxfield Rd Darch WA 6065","Phone number":"(08) 9302 2099"},{"Postcode":"6065","Name":"V T Tran","Address":"40 Denman Gardns Landsdale WA 6065","Phone number":"(08) 9302 1467"},{"Postcode":"6167","Name":"T Tran","Address":"35 Beacham Crs Medina WA 6167","Phone number":"(08) 9419 7899"},{"Postcode":"6107","Name":"L T Tran","Address":"10 Eureka Rd Wilson WA 6107","Phone number":"(08) 9358 3013"},{"Postcode":"6107","Name":"T Tran","Address":"109 Streatham St Beckenham WA 6107","Phone number":"(08) 9356 7402"},{"Postcode":"6107","Name":"T Tran","Address":"25 Thomas St East Cannington WA 6107","Phone number":"(08) 9358 2753"},{"Postcode":"6030","Name":"K Tran","Address":"28 Caldwell Turn Clarkson WA 6030","Phone number":"(08) 9407 7151"},{"Postcode":"6056","Name":"Q Tran","Address":"56A Toodyay Rd Middle Swan WA 6056","Phone number":"(08) 9250 1935"},{"Postcode":"6104","Name":"L Tran","Address":"8 Dunreath Vis Belmont WA 6104","Phone number":"(08) 9475 0649"},{"Postcode":"6030","Name":"K Tran","Address":"28 Caldwell Turn Clarkson WA 6030","Phone number":"(08) 9407 7151"},{"Postcode":"6019","Name":"L Tran","Address":"48 Corbett St Scarborough WA 6019","Phone number":"(08) 9341 7328"}]