[{"Postcode":"6064","Name":"A L Rowe","Address":"5 Gayford Way Girrawheen WA 6064","Phone number":"(08) 9247 2584"},{"Postcode":"6064","Name":"G Rowe","Address":"Un 9 14 Yapton Turn Girrawheen WA 6064","Phone number":"(08) 9343 3060"},{"Postcode":"6064","Name":"W R Rowe","Address":"4 Hadleigh Way Girrawheen WA 6064","Phone number":"(08) 9343 0623"},{"Postcode":"6154","Name":"R C & T Rowe","Address":"Un 23 15 Cottrill St Myaree WA 6154","Phone number":"(08) 9317 6754"},{"Postcode":"6167","Name":"A Rowe","Address":"32 Sanctuary Drv Bertram WA 6167","Phone number":"(08) 9419 7137"},{"Postcode":"6167","Name":"J Rowe","Address":"9 Kalbarri Crs Bertram WA 6167","Phone number":"(08) 9417 7510"},{"Postcode":"6153","Name":"B Rowe","Address":"72 Selway Rd Brentwood WA 6153","Phone number":"(08) 6162 2683"},{"Postcode":"6153","Name":"D & M Rowe","Address":"12B Alness St Applecross WA 6153","Phone number":"(08) 9316 4219"},{"Postcode":"6153","Name":"G Rowe","Address":"22 Gibson St Mt Pleasant WA 6153","Phone number":"(08) 9316 0964"},{"Postcode":"6153","Name":"G Rowe","Address":"31 Henley Rd Mt Pleasant WA 6153","Phone number":"(04) 1247 9989"},{"Postcode":"6153","Name":"B Rowe","Address":"72 Selway Rd Brentwood WA 6153","Phone number":"(08) 6162 2683"},{"Postcode":"6153","Name":"D & M Rowe","Address":"12B Alness St Applecross WA 6153","Phone number":"(08) 9316 4219"},{"Postcode":"6153","Name":"G Rowe","Address":"22 Gibson St Mt Pleasant WA 6153","Phone number":"(08) 9316 0964"},{"Postcode":"6153","Name":"G Rowe","Address":"31 Henley Rd Mt Pleasant WA 6153","Phone number":"(04) 1247 9989"},{"Postcode":"6112","Name":"Ms D Rowe","Address":"37 Poad St Seville Grove WA 6112","Phone number":"(08) 9390 1130"},{"Postcode":"6112","Name":"K M Rowe","Address":"136 Owtram Rd Armadale WA 6112","Phone number":"(08) 9399 3959"},{"Postcode":"6104","Name":"B M Rowe","Address":"6 Sutton Ct Redcliffe WA 6104","Phone number":"(08) 9277 2003"},{"Postcode":"6104","Name":"N Rowe","Address":"12 The Crescent Redcliffe WA 6104","Phone number":"(08) 9277 9853"},{"Postcode":"6065","Name":"B Rowe","Address":"3 Cvitan Bnd Madeley WA 6065","Phone number":"(08) 9409 8537"},{"Postcode":"6054","Name":"J Rowe","Address":"49 Anzac Tce Bassendean WA 6054","Phone number":"(08) 9279 3731"},{"Postcode":"6156","Name":"L J Rowe","Address":"14 Radney St Willagee WA 6156","Phone number":"(04) 1793 0365"},{"Postcode":"6156","Name":"P Rowe","Address":"28 A Dandenong Rd Attadale WA 6156","Phone number":"(04) 3838 4738"},{"Postcode":"6164","Name":"B R Rowe","Address":"30 Magnolia Gdns Yangebup WA 6164","Phone number":"(08) 9414 8410"},{"Postcode":"6164","Name":"D J Rowe","Address":"4 Laguna Grn Jandakot WA 6164","Phone number":"(08) 9417 7652"},{"Postcode":"6164","Name":"S Rowe","Address":"2 Jakovich Crct Atwell WA 6164","Phone number":"(04) 2771 9038"},{"Postcode":"6164","Name":"S Rowe","Address":"5 Banksia Pl Yangebup WA 6164","Phone number":"(08) 9414 1805"},{"Postcode":"6164","Name":"S B Rowe","Address":"2 Jakovich Cct Atwell WA 6164","Phone number":"(08) 9498 6724"},{"Postcode":"6164","Name":"V Rowe","Address":"71 Folland Pde Atwell WA 6164","Phone number":"(08) 9498 5466"},{"Postcode":"6164","Name":"B R Rowe","Address":"30 Magnolia Gdns Yangebup WA 6164","Phone number":"(08) 9414 8410"},{"Postcode":"6164","Name":"D J Rowe","Address":"4 Laguna Grn Jandakot WA 6164","Phone number":"(08) 9417 7652"},{"Postcode":"6164","Name":"S Rowe","Address":"2 Jakovich Crct Atwell WA 6164","Phone number":"(04) 2771 9038"},{"Postcode":"6164","Name":"S Rowe","Address":"5 Banksia Pl Yangebup WA 6164","Phone number":"(08) 9414 1805"},{"Postcode":"6164","Name":"S B Rowe","Address":"2 Jakovich Cct Atwell WA 6164","Phone number":"(08) 9498 6724"},{"Postcode":"6164","Name":"V Rowe","Address":"71 Folland Pde Atwell WA 6164","Phone number":"(08) 9498 5466"},{"Postcode":"6233","Name":"E A Rowe","Address":"36 Mayne Way Australind WA 6233","Phone number":"(08) 9725 1410"},{"Postcode":"6233","Name":"M Rowe","Address":"18 B Stallard Crt Australind WA 6233","Phone number":"(08) 9725 9133"},{"Postcode":"6233","Name":"P Rowe","Address":"63 Mardo Ave Australind WA 6233","Phone number":"(08) 9797 0775"},{"Postcode":"6233","Name":"T M Rowe","Address":"51 Mardo Ave Australind WA 6233","Phone number":"(08) 9725 9972"},{"Postcode":"6061","Name":"M Rowe","Address":"6 Steyning Way Westminster WA 6061","Phone number":"(08) 9345 0375"},{"Postcode":"6164","Name":"B R Rowe","Address":"30 Magnolia Gdns Yangebup WA 6164","Phone number":"(08) 9414 8410"},{"Postcode":"6164","Name":"D J Rowe","Address":"4 Laguna Grn Jandakot WA 6164","Phone number":"(08) 9417 7652"},{"Postcode":"6164","Name":"S Rowe","Address":"2 Jakovich Crct Atwell WA 6164","Phone number":"(04) 2771 9038"},{"Postcode":"6164","Name":"S Rowe","Address":"5 Banksia Pl Yangebup WA 6164","Phone number":"(08) 9414 1805"},{"Postcode":"6164","Name":"S B Rowe","Address":"2 Jakovich Cct Atwell WA 6164","Phone number":"(08) 9498 6724"},{"Postcode":"6164","Name":"V Rowe","Address":"71 Folland Pde Atwell WA 6164","Phone number":"(08) 9498 5466"},{"Postcode":"6031","Name":"J Rowe","Address":"20 Staunton Vl Carramar WA 6031","Phone number":"(08) 9306 9490"},{"Postcode":"6210","Name":"A Rowe","Address":"131 Pebble Beach Blv Meadow Springs WA 6210","Phone number":"(08) 9583 4179"},{"Postcode":"6210","Name":"A & J Rowe","Address":"10 Tarata Cl Halls Head WA 6210","Phone number":"(08) 9582 7207"},{"Postcode":"6210","Name":"A A Rowe","Address":"20 Reverie Mews Halls Head WA 6210","Phone number":"(08) 9535 7243"},{"Postcode":"6210","Name":"B Rowe","Address":"16 Shelduck Way Dudley Park WA 6210","Phone number":"(08) 9584 8980"},{"Postcode":"6210","Name":"B K Rowe","Address":"35 Forrest St Mandurah WA 6210","Phone number":"(08) 9586 2256"},{"Postcode":"6210","Name":"D G F Rowe","Address":"44 Portmarnock Crcle Halls Head WA 6210","Phone number":"(08) 9586 2378"},{"Postcode":"6210","Name":"G Rowe","Address":"87 Peelwood Pde Halls Head WA 6210","Phone number":"(04) 0758 6902"},{"Postcode":"6210","Name":"M A Rowe","Address":"18 Candelo Loop Greenfields WA 6210","Phone number":"(04) 2877 1493"},{"Postcode":"6210","Name":"M A Rowe","Address":"18 Candelo Loop Greenfields WA 6210","Phone number":"(04) 1798 3027"},{"Postcode":"6210","Name":"M I Rowe","Address":"2A Baronia Loop Greenfields WA 6210","Phone number":"(08) 9534 9975"},{"Postcode":"6210","Name":"P L Rowe","Address":"20 Tallas Rd Silver Sands WA 6210","Phone number":"(08) 9535 1615"},{"Postcode":"6056","Name":"C K Rowe","Address":"66B Wellaton St Midland WA 6056","Phone number":"(08) 9250 1279"},{"Postcode":"6056","Name":"E & S M Rowe","Address":"4 Britomart Gr Stratton WA 6056","Phone number":"(08) 9250 7890"},{"Postcode":"6056","Name":"G Rowe","Address":"329 Pechey Rd Jane Brook WA 6056","Phone number":"(08) 9250 8445"},{"Postcode":"6056","Name":"Mr J Rowe","Address":"34 Greenough Crt Jane Brook WA 6056","Phone number":"(08) 9274 4861"},{"Postcode":"6056","Name":"R T & H Rowe","Address":"4 Callistemon Cl Helena Valley WA 6056","Phone number":"(08) 9250 3823"},{"Postcode":"6054","Name":"J Rowe","Address":"49 Anzac Tce Bassendean WA 6054","Phone number":"(08) 9279 3731"},{"Postcode":"6150","Name":"I H Rowe","Address":"7 Mackinlay Pl Winthrop WA 6150","Phone number":"(08) 9332 8326"},{"Postcode":"6162","Name":"A W Rowe","Address":"148 Solomon St Beaconsfield WA 6162","Phone number":"(08) 9335 6586"},{"Postcode":"6112","Name":"Ms D Rowe","Address":"37 Poad St Seville Grove WA 6112","Phone number":"(08) 9390 1130"},{"Postcode":"6112","Name":"K M Rowe","Address":"136 Owtram Rd Armadale WA 6112","Phone number":"(08) 9399 3959"},{"Postcode":"6063","Name":"S Rowe","Address":"6 Lockier Crsg Bennett Springs WA 6063","Phone number":"(08) 9377 7976"},{"Postcode":"6164","Name":"B R Rowe","Address":"30 Magnolia Gdns Yangebup WA 6164","Phone number":"(08) 9414 8410"},{"Postcode":"6164","Name":"D J Rowe","Address":"4 Laguna Grn Jandakot WA 6164","Phone number":"(08) 9417 7652"},{"Postcode":"6164","Name":"S Rowe","Address":"2 Jakovich Crct Atwell WA 6164","Phone number":"(04) 2771 9038"},{"Postcode":"6164","Name":"S Rowe","Address":"5 Banksia Pl Yangebup WA 6164","Phone number":"(08) 9414 1805"},{"Postcode":"6164","Name":"S B Rowe","Address":"2 Jakovich Cct Atwell WA 6164","Phone number":"(08) 9498 6724"},{"Postcode":"6164","Name":"V Rowe","Address":"71 Folland Pde Atwell WA 6164","Phone number":"(08) 9498 5466"},{"Postcode":"6027","Name":"Angela Rowe","Address":"22 Franklin La Joondalup WA 6027","Phone number":"(08) 9300 0481"},{"Postcode":"6027","Name":"R A & V C Rowe","Address":"36 Lakevalley Drv Edgewater WA 6027","Phone number":"(08) 9306 1731"},{"Postcode":"6069","Name":"J Rowe","Address":"118 Rossini Crcle Ellenbrook WA 6069","Phone number":"(08) 9297 4537"},{"Postcode":"6069","Name":"Q Rowe","Address":"105 Marden Gra Aveley WA 6069","Phone number":"(08) 9296 7803"},{"Postcode":"6056","Name":"C K Rowe","Address":"66B Wellaton St Midland WA 6056","Phone number":"(08) 9250 1279"},{"Postcode":"6056","Name":"E & S M Rowe","Address":"4 Britomart Gr Stratton WA 6056","Phone number":"(08) 9250 7890"},{"Postcode":"6056","Name":"G Rowe","Address":"329 Pechey Rd Jane Brook WA 6056","Phone number":"(08) 9250 8445"},{"Postcode":"6056","Name":"Mr J Rowe","Address":"34 Greenough Crt Jane Brook WA 6056","Phone number":"(08) 9274 4861"},{"Postcode":"6056","Name":"R T & H Rowe","Address":"4 Callistemon Cl Helena Valley WA 6056","Phone number":"(08) 9250 3823"},{"Postcode":"6104","Name":"B M Rowe","Address":"6 Sutton Ct Redcliffe WA 6104","Phone number":"(08) 9277 2003"},{"Postcode":"6104","Name":"N Rowe","Address":"12 The Crescent Redcliffe WA 6104","Phone number":"(08) 9277 9853"},{"Postcode":"6102","Name":"J Rowe","Address":"Hillview Tce Bentley WA 6102","Phone number":"(08) 6363 6250"},{"Postcode":"6167","Name":"A Rowe","Address":"32 Sanctuary Drv Bertram WA 6167","Phone number":"(08) 9419 7137"},{"Postcode":"6167","Name":"J Rowe","Address":"9 Kalbarri Crs Bertram WA 6167","Phone number":"(08) 9417 7510"},{"Postcode":"6163","Name":"C Rowe","Address":"35 Skeahan St Spearwood WA 6163","Phone number":"(08) 9434 3857"},{"Postcode":"6163","Name":"M Rowe","Address":"Un 14 30 Heirisson Way North Coogee WA 6163","Phone number":"(08) 9433 3565"},{"Postcode":"6076","Name":"C Rowe","Address":"7 Hillside Crs Gooseberry Hill WA 6076","Phone number":"(08) 9293 3184"},{"Postcode":"6076","Name":"P M Rowe","Address":"51 Cotherstone Rd Kalamunda WA 6076","Phone number":"(08) 9293 2019"},{"Postcode":"6233","Name":"E A Rowe","Address":"36 Mayne Way Australind WA 6233","Phone number":"(08) 9725 1410"},{"Postcode":"6233","Name":"M Rowe","Address":"18 B Stallard Crt Australind WA 6233","Phone number":"(08) 9725 9133"},{"Postcode":"6233","Name":"P Rowe","Address":"63 Mardo Ave Australind WA 6233","Phone number":"(08) 9797 0775"},{"Postcode":"6233","Name":"T M Rowe","Address":"51 Mardo Ave Australind WA 6233","Phone number":"(08) 9725 9972"},{"Postcode":"6208","Name":"K Rowe","Address":"16 Wollaston Basn Pinjarra WA 6208","Phone number":"(08) 9531 1271"},{"Postcode":"6208","Name":"K & F Rowe","Address":"Belswan Lifestyle Estate Pinjarra WA 6208","Phone number":"(08) 9531 0183"},{"Postcode":"6154","Name":"R C & T Rowe","Address":"Un 23 15 Cottrill St Myaree WA 6154","Phone number":"(08) 9317 6754"},{"Postcode":"6210","Name":"A Rowe","Address":"131 Pebble Beach Blv Meadow Springs WA 6210","Phone number":"(08) 9583 4179"},{"Postcode":"6210","Name":"A & J Rowe","Address":"10 Tarata Cl Halls Head WA 6210","Phone number":"(08) 9582 7207"},{"Postcode":"6210","Name":"A A Rowe","Address":"20 Reverie Mews Halls Head WA 6210","Phone number":"(08) 9535 7243"},{"Postcode":"6210","Name":"B Rowe","Address":"16 Shelduck Way Dudley Park WA 6210","Phone number":"(08) 9584 8980"},{"Postcode":"6210","Name":"B K Rowe","Address":"35 Forrest St Mandurah WA 6210","Phone number":"(08) 9586 2256"},{"Postcode":"6210","Name":"D G F Rowe","Address":"44 Portmarnock Crcle Halls Head WA 6210","Phone number":"(08) 9586 2378"},{"Postcode":"6210","Name":"G Rowe","Address":"87 Peelwood Pde Halls Head WA 6210","Phone number":"(04) 0758 6902"},{"Postcode":"6210","Name":"M A Rowe","Address":"18 Candelo Loop Greenfields WA 6210","Phone number":"(04) 2877 1493"},{"Postcode":"6210","Name":"M A Rowe","Address":"18 Candelo Loop Greenfields WA 6210","Phone number":"(04) 1798 3027"},{"Postcode":"6210","Name":"M I Rowe","Address":"2A Baronia Loop Greenfields WA 6210","Phone number":"(08) 9534 9975"},{"Postcode":"6210","Name":"P L Rowe","Address":"20 Tallas Rd Silver Sands WA 6210","Phone number":"(08) 9535 1615"},{"Postcode":"6056","Name":"C K Rowe","Address":"66B Wellaton St Midland WA 6056","Phone number":"(08) 9250 1279"},{"Postcode":"6056","Name":"E & S M Rowe","Address":"4 Britomart Gr Stratton WA 6056","Phone number":"(08) 9250 7890"},{"Postcode":"6056","Name":"G Rowe","Address":"329 Pechey Rd Jane Brook WA 6056","Phone number":"(08) 9250 8445"},{"Postcode":"6056","Name":"Mr J Rowe","Address":"34 Greenough Crt Jane Brook WA 6056","Phone number":"(08) 9274 4861"},{"Postcode":"6056","Name":"R T & H Rowe","Address":"4 Callistemon Cl Helena Valley WA 6056","Phone number":"(08) 9250 3823"},{"Postcode":"6153","Name":"B Rowe","Address":"72 Selway Rd Brentwood WA 6153","Phone number":"(08) 6162 2683"},{"Postcode":"6153","Name":"D & M Rowe","Address":"12B Alness St Applecross WA 6153","Phone number":"(08) 9316 4219"},{"Postcode":"6153","Name":"G Rowe","Address":"22 Gibson St Mt Pleasant WA 6153","Phone number":"(08) 9316 0964"},{"Postcode":"6153","Name":"G Rowe","Address":"31 Henley Rd Mt Pleasant WA 6153","Phone number":"(04) 1247 9989"},{"Postcode":"6069","Name":"J Rowe","Address":"118 Rossini Crcle Ellenbrook WA 6069","Phone number":"(08) 9297 4537"},{"Postcode":"6069","Name":"Q Rowe","Address":"105 Marden Gra Aveley WA 6069","Phone number":"(08) 9296 7803"},{"Postcode":"6112","Name":"Ms D Rowe","Address":"37 Poad St Seville Grove WA 6112","Phone number":"(08) 9390 1130"},{"Postcode":"6112","Name":"K M Rowe","Address":"136 Owtram Rd Armadale WA 6112","Phone number":"(08) 9399 3959"},{"Postcode":"6230","Name":"Abbott Pippa Rowe","Address":"15 Kurrajong Crcle Glen Iris WA 6230","Phone number":"(08) 9725 6213"},{"Postcode":"6230","Name":"G D Rowe","Address":"18 Goldsmith St South Bunbury WA 6230","Phone number":"(08) 9791 2469"},{"Postcode":"6230","Name":"G R & J A Rowe","Address":"23 Samuel Wright St Bunbury WA 6230","Phone number":"(08) 9721 8708"},{"Postcode":"6230","Name":"K Rowe","Address":"71 Ducane Rd Gelorup WA 6230","Phone number":"(08) 9795 3431"},{"Postcode":"6230","Name":"N Rowe","Address":"18 Wiroo Loop Dalyellup WA 6230","Phone number":"(08) 9795 5844"},{"Postcode":"6230","Name":"P R Rowe","Address":"U 2 66 Timperley Rd South Bunbury WA 6230","Phone number":"(08) 9721 6350"},{"Postcode":"6028","Name":"M & J Rowe","Address":"20 Dumbarton Loop Kinross WA 6028","Phone number":"(08) 9305 5504"},{"Postcode":"6036","Name":"D Rowe","Address":"7 Shapwick App Butler WA 6036","Phone number":"(08) 9562 1760"},{"Postcode":"6122","Name":"D J & H P Rowe","Address":"42 Clifton St Byford WA 6122","Phone number":"(08) 9525 1047"},{"Postcode":"6122","Name":"K Rowe","Address":"11 Woolandra Drv Byford WA 6122","Phone number":"(08) 9525 6264"},{"Postcode":"6122","Name":"L Rowe","Address":"17 Catherine St Byford WA 6122","Phone number":"(08) 9526 2848"},{"Postcode":"6167","Name":"A Rowe","Address":"32 Sanctuary Drv Bertram WA 6167","Phone number":"(08) 9419 7137"},{"Postcode":"6167","Name":"J Rowe","Address":"9 Kalbarri Crs Bertram WA 6167","Phone number":"(08) 9417 7510"},{"Postcode":"6153","Name":"B Rowe","Address":"72 Selway Rd Brentwood WA 6153","Phone number":"(08) 6162 2683"},{"Postcode":"6153","Name":"D & M Rowe","Address":"12B Alness St Applecross WA 6153","Phone number":"(08) 9316 4219"},{"Postcode":"6153","Name":"G Rowe","Address":"22 Gibson St Mt Pleasant WA 6153","Phone number":"(08) 9316 0964"},{"Postcode":"6153","Name":"G Rowe","Address":"31 Henley Rd Mt Pleasant WA 6153","Phone number":"(04) 1247 9989"},{"Postcode":"6111","Name":"C Rowe","Address":"194 Mcneill Rd Champion Lakes WA 6111","Phone number":"(08) 9497 1859"},{"Postcode":"6111","Name":"S Rowe","Address":"11 Montrose Cir Camillo WA 6111","Phone number":"(08) 9390 7493"},{"Postcode":"6122","Name":"D J & H P Rowe","Address":"42 Clifton St Byford WA 6122","Phone number":"(08) 9525 1047"},{"Postcode":"6122","Name":"K Rowe","Address":"11 Woolandra Drv Byford WA 6122","Phone number":"(08) 9525 6264"},{"Postcode":"6122","Name":"L Rowe","Address":"17 Catherine St Byford WA 6122","Phone number":"(08) 9526 2848"},{"Postcode":"6230","Name":"Abbott Pippa Rowe","Address":"15 Kurrajong Crcle Glen Iris WA 6230","Phone number":"(08) 9725 6213"},{"Postcode":"6230","Name":"G D Rowe","Address":"18 Goldsmith St South Bunbury WA 6230","Phone number":"(08) 9791 2469"},{"Postcode":"6230","Name":"G R & J A Rowe","Address":"23 Samuel Wright St Bunbury WA 6230","Phone number":"(08) 9721 8708"},{"Postcode":"6230","Name":"K Rowe","Address":"71 Ducane Rd Gelorup WA 6230","Phone number":"(08) 9795 3431"},{"Postcode":"6230","Name":"N Rowe","Address":"18 Wiroo Loop Dalyellup WA 6230","Phone number":"(08) 9795 5844"},{"Postcode":"6230","Name":"P R Rowe","Address":"U 2 66 Timperley Rd South Bunbury WA 6230","Phone number":"(08) 9721 6350"},{"Postcode":"6020","Name":"D & H Rowe","Address":"78 Monyash Rd Carine WA 6020","Phone number":"(08) 9448 3551"},{"Postcode":"6020","Name":"G Rowe","Address":"20 B West Coast Drv Marmion WA 6020","Phone number":"(08) 9447 7486"},{"Postcode":"6020","Name":"R Rowe","Address":"118 West Coast Dr Sorrento WA 6020","Phone number":"(04) 0330 8532"},{"Postcode":"6020","Name":"R Rowe","Address":"118 West Coast Dr Sorrento WA 6020","Phone number":"(04) 0908 7531"},{"Postcode":"6076","Name":"C Rowe","Address":"7 Hillside Crs Gooseberry Hill WA 6076","Phone number":"(08) 9293 3184"},{"Postcode":"6076","Name":"P M Rowe","Address":"51 Cotherstone Rd Kalamunda WA 6076","Phone number":"(08) 9293 2019"},{"Postcode":"6031","Name":"J Rowe","Address":"20 Staunton Vl Carramar WA 6031","Phone number":"(08) 9306 9490"},{"Postcode":"6167","Name":"A Rowe","Address":"32 Sanctuary Drv Bertram WA 6167","Phone number":"(08) 9419 7137"},{"Postcode":"6167","Name":"J Rowe","Address":"9 Kalbarri Crs Bertram WA 6167","Phone number":"(08) 9417 7510"},{"Postcode":"6111","Name":"C Rowe","Address":"194 Mcneill Rd Champion Lakes WA 6111","Phone number":"(08) 9497 1859"},{"Postcode":"6111","Name":"S Rowe","Address":"11 Montrose Cir Camillo WA 6111","Phone number":"(08) 9390 7493"},{"Postcode":"6018","Name":"B D & A C Rowe","Address":"CHRYSTAL HALLIDAY 27 Prisk St Karrinyup WA 6018","Phone number":"(08) 9341 3101"},{"Postcode":"6018","Name":"J C Rowe","Address":"Unit 50/ 7 Deanmore Rd Karrinyup WA 6018","Phone number":"(08) 9265 0250"},{"Postcode":"6018","Name":"S J & R L Rowe","Address":"6 Dardanup Grn Gwelup WA 6018","Phone number":"(08) 9445 9998"},{"Postcode":"6010","Name":"C Rowe","Address":"10 Airlie St Claremont WA 6010","Phone number":"(08) 9384 3067"},{"Postcode":"6010","Name":"C Rowe","Address":"10 Airlie St Claremont WA 6010","Phone number":"(08) 9384 3067"},{"Postcode":"6210","Name":"A Rowe","Address":"131 Pebble Beach Blv Meadow Springs WA 6210","Phone number":"(08) 9583 4179"},{"Postcode":"6210","Name":"A & J Rowe","Address":"10 Tarata Cl Halls Head WA 6210","Phone number":"(08) 9582 7207"},{"Postcode":"6210","Name":"A A Rowe","Address":"20 Reverie Mews Halls Head WA 6210","Phone number":"(08) 9535 7243"},{"Postcode":"6210","Name":"B Rowe","Address":"16 Shelduck Way Dudley Park WA 6210","Phone number":"(08) 9584 8980"},{"Postcode":"6210","Name":"B K Rowe","Address":"35 Forrest St Mandurah WA 6210","Phone number":"(08) 9586 2256"},{"Postcode":"6210","Name":"D G F Rowe","Address":"44 Portmarnock Crcle Halls Head WA 6210","Phone number":"(08) 9586 2378"},{"Postcode":"6210","Name":"G Rowe","Address":"87 Peelwood Pde Halls Head WA 6210","Phone number":"(04) 0758 6902"},{"Postcode":"6210","Name":"M A Rowe","Address":"18 Candelo Loop Greenfields WA 6210","Phone number":"(04) 2877 1493"},{"Postcode":"6210","Name":"M A Rowe","Address":"18 Candelo Loop Greenfields WA 6210","Phone number":"(04) 1798 3027"},{"Postcode":"6210","Name":"M I Rowe","Address":"2A Baronia Loop Greenfields WA 6210","Phone number":"(08) 9534 9975"},{"Postcode":"6210","Name":"P L Rowe","Address":"20 Tallas Rd Silver Sands WA 6210","Phone number":"(08) 9535 1615"},{"Postcode":"6105","Name":"J Rowe","Address":"31 Mcdlinn Way Cloverdale WA 6105","Phone number":"(04) 2791 3486"},{"Postcode":"6230","Name":"Abbott Pippa Rowe","Address":"15 Kurrajong Crcle Glen Iris WA 6230","Phone number":"(08) 9725 6213"},{"Postcode":"6230","Name":"G D Rowe","Address":"18 Goldsmith St South Bunbury WA 6230","Phone number":"(08) 9791 2469"},{"Postcode":"6230","Name":"G R & J A Rowe","Address":"23 Samuel Wright St Bunbury WA 6230","Phone number":"(08) 9721 8708"},{"Postcode":"6230","Name":"K Rowe","Address":"71 Ducane Rd Gelorup WA 6230","Phone number":"(08) 9795 3431"},{"Postcode":"6230","Name":"N Rowe","Address":"18 Wiroo Loop Dalyellup WA 6230","Phone number":"(08) 9795 5844"},{"Postcode":"6230","Name":"P R Rowe","Address":"U 2 66 Timperley Rd South Bunbury WA 6230","Phone number":"(08) 9721 6350"},{"Postcode":"6152","Name":"Mr G D & M J Rowe","Address":"27 Fairview Gardns Waterford WA 6152","Phone number":"(08) 9313 2630"},{"Postcode":"6152","Name":"G H & P M Rowe","Address":"36 Salter Point Pde Salter Point WA 6152","Phone number":"(04) 1219 0494"},{"Postcode":"6152","Name":"K Rowe","Address":"64 A Talbot Av Como WA 6152","Phone number":"(08) 6162 6031"},{"Postcode":"6027","Name":"Angela Rowe","Address":"22 Franklin La Joondalup WA 6027","Phone number":"(08) 9300 0481"},{"Postcode":"6027","Name":"R A & V C Rowe","Address":"36 Lakevalley Drv Edgewater WA 6027","Phone number":"(08) 9306 1731"},{"Postcode":"6210","Name":"A Rowe","Address":"131 Pebble Beach Blv Meadow Springs WA 6210","Phone number":"(08) 9583 4179"},{"Postcode":"6210","Name":"A & J Rowe","Address":"10 Tarata Cl Halls Head WA 6210","Phone number":"(08) 9582 7207"},{"Postcode":"6210","Name":"A A Rowe","Address":"20 Reverie Mews Halls Head WA 6210","Phone number":"(08) 9535 7243"},{"Postcode":"6210","Name":"B Rowe","Address":"16 Shelduck Way Dudley Park WA 6210","Phone number":"(08) 9584 8980"},{"Postcode":"6210","Name":"B K Rowe","Address":"35 Forrest St Mandurah WA 6210","Phone number":"(08) 9586 2256"},{"Postcode":"6210","Name":"D G F Rowe","Address":"44 Portmarnock Crcle Halls Head WA 6210","Phone number":"(08) 9586 2378"},{"Postcode":"6210","Name":"G Rowe","Address":"87 Peelwood Pde Halls Head WA 6210","Phone number":"(04) 0758 6902"},{"Postcode":"6210","Name":"M A Rowe","Address":"18 Candelo Loop Greenfields WA 6210","Phone number":"(04) 2877 1493"},{"Postcode":"6210","Name":"M A Rowe","Address":"18 Candelo Loop Greenfields WA 6210","Phone number":"(04) 1798 3027"},{"Postcode":"6210","Name":"M I Rowe","Address":"2A Baronia Loop Greenfields WA 6210","Phone number":"(08) 9534 9975"},{"Postcode":"6210","Name":"P L Rowe","Address":"20 Tallas Rd Silver Sands WA 6210","Phone number":"(08) 9535 1615"},{"Postcode":"6166","Name":"G S Rowe","Address":"536 Rockingham Rd Munster WA 6166","Phone number":"(08) 9418 5667"},{"Postcode":"6166","Name":"J & J Rowe","Address":"28 Collis Rd Wattleup WA 6166","Phone number":"(08) 9410 2045"},{"Postcode":"6163","Name":"C Rowe","Address":"35 Skeahan St Spearwood WA 6163","Phone number":"(08) 9434 3857"},{"Postcode":"6163","Name":"M Rowe","Address":"Un 14 30 Heirisson Way North Coogee WA 6163","Phone number":"(08) 9433 3565"},{"Postcode":"6050","Name":"P Rowe","Address":"U 1 2 A Regent St West Mt Lawley WA 6050","Phone number":"(08) 9471 9140"},{"Postcode":"6168","Name":"A Rowe","Address":"30 Leeuwin Pde Rockingham WA 6168","Phone number":"(08) 9529 4970"},{"Postcode":"6168","Name":"C Rowe","Address":"Un 15 7 Merope Cl Rockingham WA 6168","Phone number":"(08) 9529 4967"},{"Postcode":"6168","Name":"E M Rowe","Address":"5 Austin Crt Cooloongup WA 6168","Phone number":"(08) 9592 1393"},{"Postcode":"6168","Name":"T Rowe","Address":"3 Mackay Pl Cooloongup WA 6168","Phone number":"(08) 9529 4594"},{"Postcode":"6011","Name":"A E & D C Rowe","Address":"309 Marmion St Cottesloe WA 6011","Phone number":"(08) 9385 0285"},{"Postcode":"6028","Name":"M & J Rowe","Address":"20 Dumbarton Loop Kinross WA 6028","Phone number":"(08) 9305 5504"},{"Postcode":"6008","Name":"P Rowe","Address":"32 Catherine St Subiaco WA 6008","Phone number":"(08) 9381 5363"},{"Postcode":"6230","Name":"Abbott Pippa Rowe","Address":"15 Kurrajong Crcle Glen Iris WA 6230","Phone number":"(08) 9725 6213"},{"Postcode":"6230","Name":"G D Rowe","Address":"18 Goldsmith St South Bunbury WA 6230","Phone number":"(08) 9791 2469"},{"Postcode":"6230","Name":"G R & J A Rowe","Address":"23 Samuel Wright St Bunbury WA 6230","Phone number":"(08) 9721 8708"},{"Postcode":"6230","Name":"K Rowe","Address":"71 Ducane Rd Gelorup WA 6230","Phone number":"(08) 9795 3431"},{"Postcode":"6230","Name":"N Rowe","Address":"18 Wiroo Loop Dalyellup WA 6230","Phone number":"(08) 9795 5844"},{"Postcode":"6230","Name":"P R Rowe","Address":"U 2 66 Timperley Rd South Bunbury WA 6230","Phone number":"(08) 9721 6350"},{"Postcode":"6065","Name":"B Rowe","Address":"3 Cvitan Bnd Madeley WA 6065","Phone number":"(08) 9409 8537"},{"Postcode":"6122","Name":"D J & H P Rowe","Address":"42 Clifton St Byford WA 6122","Phone number":"(08) 9525 1047"},{"Postcode":"6122","Name":"K Rowe","Address":"11 Woolandra Drv Byford WA 6122","Phone number":"(08) 9525 6264"},{"Postcode":"6122","Name":"L Rowe","Address":"17 Catherine St Byford WA 6122","Phone number":"(08) 9526 2848"},{"Postcode":"6230","Name":"Abbott Pippa Rowe","Address":"15 Kurrajong Crcle Glen Iris WA 6230","Phone number":"(08) 9725 6213"},{"Postcode":"6230","Name":"G D Rowe","Address":"18 Goldsmith St South Bunbury WA 6230","Phone number":"(08) 9791 2469"},{"Postcode":"6230","Name":"G R & J A Rowe","Address":"23 Samuel Wright St Bunbury WA 6230","Phone number":"(08) 9721 8708"},{"Postcode":"6230","Name":"K Rowe","Address":"71 Ducane Rd Gelorup WA 6230","Phone number":"(08) 9795 3431"},{"Postcode":"6230","Name":"N Rowe","Address":"18 Wiroo Loop Dalyellup WA 6230","Phone number":"(08) 9795 5844"},{"Postcode":"6230","Name":"P R Rowe","Address":"U 2 66 Timperley Rd South Bunbury WA 6230","Phone number":"(08) 9721 6350"},{"Postcode":"6210","Name":"A Rowe","Address":"131 Pebble Beach Blv Meadow Springs WA 6210","Phone number":"(08) 9583 4179"},{"Postcode":"6210","Name":"A & J Rowe","Address":"10 Tarata Cl Halls Head WA 6210","Phone number":"(08) 9582 7207"},{"Postcode":"6210","Name":"A A Rowe","Address":"20 Reverie Mews Halls Head WA 6210","Phone number":"(08) 9535 7243"},{"Postcode":"6210","Name":"B Rowe","Address":"16 Shelduck Way Dudley Park WA 6210","Phone number":"(08) 9584 8980"},{"Postcode":"6210","Name":"B K Rowe","Address":"35 Forrest St Mandurah WA 6210","Phone number":"(08) 9586 2256"},{"Postcode":"6210","Name":"D G F Rowe","Address":"44 Portmarnock Crcle Halls Head WA 6210","Phone number":"(08) 9586 2378"},{"Postcode":"6210","Name":"G Rowe","Address":"87 Peelwood Pde Halls Head WA 6210","Phone number":"(04) 0758 6902"},{"Postcode":"6210","Name":"M A Rowe","Address":"18 Candelo Loop Greenfields WA 6210","Phone number":"(04) 2877 1493"},{"Postcode":"6210","Name":"M A Rowe","Address":"18 Candelo Loop Greenfields WA 6210","Phone number":"(04) 1798 3027"},{"Postcode":"6210","Name":"M I Rowe","Address":"2A Baronia Loop Greenfields WA 6210","Phone number":"(08) 9534 9975"},{"Postcode":"6210","Name":"P L Rowe","Address":"20 Tallas Rd Silver Sands WA 6210","Phone number":"(08) 9535 1615"},{"Postcode":"6059","Name":"I G Rowe","Address":"Un 7 124 Woodrow Ave Dianella WA 6059","Phone number":"(08) 9275 7200"},{"Postcode":"6060","Name":"C J Rowe","Address":"282 Mcdonald St Yokine WA 6060","Phone number":"(08) 9201 1140"},{"Postcode":"6018","Name":"B D & A C Rowe","Address":"CHRYSTAL HALLIDAY 27 Prisk St Karrinyup WA 6018","Phone number":"(08) 9341 3101"},{"Postcode":"6018","Name":"J C Rowe","Address":"Unit 50/ 7 Deanmore Rd Karrinyup WA 6018","Phone number":"(08) 9265 0250"},{"Postcode":"6018","Name":"S J & R L Rowe","Address":"6 Dardanup Grn Gwelup WA 6018","Phone number":"(08) 9445 9998"},{"Postcode":"6210","Name":"A Rowe","Address":"131 Pebble Beach Blv Meadow Springs WA 6210","Phone number":"(08) 9583 4179"},{"Postcode":"6210","Name":"A & J Rowe","Address":"10 Tarata Cl Halls Head WA 6210","Phone number":"(08) 9582 7207"},{"Postcode":"6210","Name":"A A Rowe","Address":"20 Reverie Mews Halls Head WA 6210","Phone number":"(08) 9535 7243"},{"Postcode":"6210","Name":"B Rowe","Address":"16 Shelduck Way Dudley Park WA 6210","Phone number":"(08) 9584 8980"},{"Postcode":"6210","Name":"B K Rowe","Address":"35 Forrest St Mandurah WA 6210","Phone number":"(08) 9586 2256"},{"Postcode":"6210","Name":"D G F Rowe","Address":"44 Portmarnock Crcle Halls Head WA 6210","Phone number":"(08) 9586 2378"},{"Postcode":"6210","Name":"G Rowe","Address":"87 Peelwood Pde Halls Head WA 6210","Phone number":"(04) 0758 6902"},{"Postcode":"6210","Name":"M A Rowe","Address":"18 Candelo Loop Greenfields WA 6210","Phone number":"(04) 2877 1493"},{"Postcode":"6210","Name":"M A Rowe","Address":"18 Candelo Loop Greenfields WA 6210","Phone number":"(04) 1798 3027"},{"Postcode":"6210","Name":"M I Rowe","Address":"2A Baronia Loop Greenfields WA 6210","Phone number":"(08) 9534 9975"},{"Postcode":"6210","Name":"P L Rowe","Address":"20 Tallas Rd Silver Sands WA 6210","Phone number":"(08) 9535 1615"},{"Postcode":"6023","Name":"E & S Rowe","Address":"14 Pyrton Pl Duncraig WA 6023","Phone number":"(08) 9448 7271"},{"Postcode":"6230","Name":"Abbott Pippa Rowe","Address":"15 Kurrajong Crcle Glen Iris WA 6230","Phone number":"(08) 9725 6213"},{"Postcode":"6230","Name":"G D Rowe","Address":"18 Goldsmith St South Bunbury WA 6230","Phone number":"(08) 9791 2469"},{"Postcode":"6230","Name":"G R & J A Rowe","Address":"23 Samuel Wright St Bunbury WA 6230","Phone number":"(08) 9721 8708"},{"Postcode":"6230","Name":"K Rowe","Address":"71 Ducane Rd Gelorup WA 6230","Phone number":"(08) 9795 3431"},{"Postcode":"6230","Name":"N Rowe","Address":"18 Wiroo Loop Dalyellup WA 6230","Phone number":"(08) 9795 5844"},{"Postcode":"6230","Name":"P R Rowe","Address":"U 2 66 Timperley Rd South Bunbury WA 6230","Phone number":"(08) 9721 6350"},{"Postcode":"6004","Name":"P M Rowe","Address":"U 71 98 Terrace Rd East Perth WA 6004","Phone number":"(08) 9474 3333"},{"Postcode":"6168","Name":"A Rowe","Address":"30 Leeuwin Pde Rockingham WA 6168","Phone number":"(08) 9529 4970"},{"Postcode":"6168","Name":"C Rowe","Address":"Un 15 7 Merope Cl Rockingham WA 6168","Phone number":"(08) 9529 4967"},{"Postcode":"6168","Name":"E M Rowe","Address":"5 Austin Crt Cooloongup WA 6168","Phone number":"(08) 9592 1393"},{"Postcode":"6168","Name":"T Rowe","Address":"3 Mackay Pl Cooloongup WA 6168","Phone number":"(08) 9529 4594"},{"Postcode":"6232","Name":"C & K Rowe","Address":"5 Greenough Pl Millbridge WA 6232","Phone number":"(08) 9724 1818"},{"Postcode":"6232","Name":"J Rowe","Address":"4 Charolais Mews Eaton WA 6232","Phone number":"(08) 9725 0953"},{"Postcode":"6232","Name":"V Rowe","Address":"8 Pinto Cl Eaton WA 6232","Phone number":"(04) 0798 2210"},{"Postcode":"6054","Name":"J Rowe","Address":"49 Anzac Tce Bassendean WA 6054","Phone number":"(08) 9279 3731"},{"Postcode":"6027","Name":"Angela Rowe","Address":"22 Franklin La Joondalup WA 6027","Phone number":"(08) 9300 0481"},{"Postcode":"6027","Name":"R A & V C Rowe","Address":"36 Lakevalley Drv Edgewater WA 6027","Phone number":"(08) 9306 1731"},{"Postcode":"6069","Name":"J Rowe","Address":"118 Rossini Crcle Ellenbrook WA 6069","Phone number":"(08) 9297 4537"},{"Postcode":"6069","Name":"Q Rowe","Address":"105 Marden Gra Aveley WA 6069","Phone number":"(08) 9296 7803"},{"Postcode":"6069","Name":"J Rowe","Address":"118 Rossini Crcle Ellenbrook WA 6069","Phone number":"(08) 9297 4537"},{"Postcode":"6069","Name":"Q Rowe","Address":"105 Marden Gra Aveley WA 6069","Phone number":"(08) 9296 7803"},{"Postcode":"6062","Name":"D T A Rowe","Address":"Un 2 39 Holilond Way Morley WA 6062","Phone number":"(08) 9276 8324"},{"Postcode":"6210","Name":"A Rowe","Address":"131 Pebble Beach Blv Meadow Springs WA 6210","Phone number":"(08) 9583 4179"},{"Postcode":"6210","Name":"A & J Rowe","Address":"10 Tarata Cl Halls Head WA 6210","Phone number":"(08) 9582 7207"},{"Postcode":"6210","Name":"A A Rowe","Address":"20 Reverie Mews Halls Head WA 6210","Phone number":"(08) 9535 7243"},{"Postcode":"6210","Name":"B Rowe","Address":"16 Shelduck Way Dudley Park WA 6210","Phone number":"(08) 9584 8980"},{"Postcode":"6210","Name":"B K Rowe","Address":"35 Forrest St Mandurah WA 6210","Phone number":"(08) 9586 2256"},{"Postcode":"6210","Name":"D G F Rowe","Address":"44 Portmarnock Crcle Halls Head WA 6210","Phone number":"(08) 9586 2378"},{"Postcode":"6210","Name":"G Rowe","Address":"87 Peelwood Pde Halls Head WA 6210","Phone number":"(04) 0758 6902"},{"Postcode":"6210","Name":"M A Rowe","Address":"18 Candelo Loop Greenfields WA 6210","Phone number":"(04) 2877 1493"},{"Postcode":"6210","Name":"M A Rowe","Address":"18 Candelo Loop Greenfields WA 6210","Phone number":"(04) 1798 3027"},{"Postcode":"6210","Name":"M I Rowe","Address":"2A Baronia Loop Greenfields WA 6210","Phone number":"(08) 9534 9975"},{"Postcode":"6210","Name":"P L Rowe","Address":"20 Tallas Rd Silver Sands WA 6210","Phone number":"(08) 9535 1615"},{"Postcode":"6208","Name":"K Rowe","Address":"16 Wollaston Basn Pinjarra WA 6208","Phone number":"(08) 9531 1271"},{"Postcode":"6208","Name":"K & F Rowe","Address":"Belswan Lifestyle Estate Pinjarra WA 6208","Phone number":"(08) 9531 0183"},{"Postcode":"6210","Name":"A Rowe","Address":"131 Pebble Beach Blv Meadow Springs WA 6210","Phone number":"(08) 9583 4179"},{"Postcode":"6210","Name":"A & J Rowe","Address":"10 Tarata Cl Halls Head WA 6210","Phone number":"(08) 9582 7207"},{"Postcode":"6210","Name":"A A Rowe","Address":"20 Reverie Mews Halls Head WA 6210","Phone number":"(08) 9535 7243"},{"Postcode":"6210","Name":"B Rowe","Address":"16 Shelduck Way Dudley Park WA 6210","Phone number":"(08) 9584 8980"},{"Postcode":"6210","Name":"B K Rowe","Address":"35 Forrest St Mandurah WA 6210","Phone number":"(08) 9586 2256"},{"Postcode":"6210","Name":"D G F Rowe","Address":"44 Portmarnock Crcle Halls Head WA 6210","Phone number":"(08) 9586 2378"},{"Postcode":"6210","Name":"G Rowe","Address":"87 Peelwood Pde Halls Head WA 6210","Phone number":"(04) 0758 6902"},{"Postcode":"6210","Name":"M A Rowe","Address":"18 Candelo Loop Greenfields WA 6210","Phone number":"(04) 2877 1493"},{"Postcode":"6210","Name":"M A Rowe","Address":"18 Candelo Loop Greenfields WA 6210","Phone number":"(04) 1798 3027"},{"Postcode":"6210","Name":"M I Rowe","Address":"2A Baronia Loop Greenfields WA 6210","Phone number":"(08) 9534 9975"},{"Postcode":"6210","Name":"P L Rowe","Address":"20 Tallas Rd Silver Sands WA 6210","Phone number":"(08) 9535 1615"},{"Postcode":"6148","Name":"A V & A Rowe","Address":"7 Denise Cl Shelley WA 6148","Phone number":"(08) 9457 5101"},{"Postcode":"6014","Name":"J R Rowe","Address":"2 West Lorne St Floreat WA 6014","Phone number":"(08) 9284 0445"},{"Postcode":"6112","Name":"Ms D Rowe","Address":"37 Poad St Seville Grove WA 6112","Phone number":"(08) 9390 1130"},{"Postcode":"6112","Name":"K M Rowe","Address":"136 Owtram Rd Armadale WA 6112","Phone number":"(08) 9399 3959"},{"Postcode":"6058","Name":"J Rowe","Address":"8 Northumberland Rd Forrestfield WA 6058","Phone number":"(08) 9453 1628"},{"Postcode":"6058","Name":"K & J Rowe","Address":"Un 7 14 Albizia Cl Forrestfield WA 6058","Phone number":"(08) 9359 0107"},{"Postcode":"6058","Name":"V Rowe","Address":"13 Dawson Ave Forrestfield WA 6058","Phone number":"(08) 9359 4408"},{"Postcode":"6160","Name":"M Rowe","Address":"13 Market St Fremantle WA 6160","Phone number":"(08) 9336 5028"},{"Postcode":"6210","Name":"A Rowe","Address":"131 Pebble Beach Blv Meadow Springs WA 6210","Phone number":"(08) 9583 4179"},{"Postcode":"6210","Name":"A & J Rowe","Address":"10 Tarata Cl Halls Head WA 6210","Phone number":"(08) 9582 7207"},{"Postcode":"6210","Name":"A A Rowe","Address":"20 Reverie Mews Halls Head WA 6210","Phone number":"(08) 9535 7243"},{"Postcode":"6210","Name":"B Rowe","Address":"16 Shelduck Way Dudley Park WA 6210","Phone number":"(08) 9584 8980"},{"Postcode":"6210","Name":"B K Rowe","Address":"35 Forrest St Mandurah WA 6210","Phone number":"(08) 9586 2256"},{"Postcode":"6210","Name":"D G F Rowe","Address":"44 Portmarnock Crcle Halls Head WA 6210","Phone number":"(08) 9586 2378"},{"Postcode":"6210","Name":"G Rowe","Address":"87 Peelwood Pde Halls Head WA 6210","Phone number":"(04) 0758 6902"},{"Postcode":"6210","Name":"M A Rowe","Address":"18 Candelo Loop Greenfields WA 6210","Phone number":"(04) 2877 1493"},{"Postcode":"6210","Name":"M A Rowe","Address":"18 Candelo Loop Greenfields WA 6210","Phone number":"(04) 1798 3027"},{"Postcode":"6210","Name":"M I Rowe","Address":"2A Baronia Loop Greenfields WA 6210","Phone number":"(08) 9534 9975"},{"Postcode":"6210","Name":"P L Rowe","Address":"20 Tallas Rd Silver Sands WA 6210","Phone number":"(08) 9535 1615"},{"Postcode":"6168","Name":"A Rowe","Address":"30 Leeuwin Pde Rockingham WA 6168","Phone number":"(08) 9529 4970"},{"Postcode":"6168","Name":"C Rowe","Address":"Un 15 7 Merope Cl Rockingham WA 6168","Phone number":"(08) 9529 4967"},{"Postcode":"6168","Name":"E M Rowe","Address":"5 Austin Crt Cooloongup WA 6168","Phone number":"(08) 9592 1393"},{"Postcode":"6168","Name":"T Rowe","Address":"3 Mackay Pl Cooloongup WA 6168","Phone number":"(08) 9529 4594"},{"Postcode":"6230","Name":"Abbott Pippa Rowe","Address":"15 Kurrajong Crcle Glen Iris WA 6230","Phone number":"(08) 9725 6213"},{"Postcode":"6230","Name":"G D Rowe","Address":"18 Goldsmith St South Bunbury WA 6230","Phone number":"(08) 9791 2469"},{"Postcode":"6230","Name":"G R & J A Rowe","Address":"23 Samuel Wright St Bunbury WA 6230","Phone number":"(08) 9721 8708"},{"Postcode":"6230","Name":"K Rowe","Address":"71 Ducane Rd Gelorup WA 6230","Phone number":"(08) 9795 3431"},{"Postcode":"6230","Name":"N Rowe","Address":"18 Wiroo Loop Dalyellup WA 6230","Phone number":"(08) 9795 5844"},{"Postcode":"6230","Name":"P R Rowe","Address":"U 2 66 Timperley Rd South Bunbury WA 6230","Phone number":"(08) 9721 6350"},{"Postcode":"6064","Name":"A L Rowe","Address":"5 Gayford Way Girrawheen WA 6064","Phone number":"(08) 9247 2584"},{"Postcode":"6064","Name":"G Rowe","Address":"Un 9 14 Yapton Turn Girrawheen WA 6064","Phone number":"(08) 9343 3060"},{"Postcode":"6064","Name":"W R Rowe","Address":"4 Hadleigh Way Girrawheen WA 6064","Phone number":"(08) 9343 0623"},{"Postcode":"6230","Name":"Abbott Pippa Rowe","Address":"15 Kurrajong Crcle Glen Iris WA 6230","Phone number":"(08) 9725 6213"},{"Postcode":"6230","Name":"G D Rowe","Address":"18 Goldsmith St South Bunbury WA 6230","Phone number":"(08) 9791 2469"},{"Postcode":"6230","Name":"G R & J A Rowe","Address":"23 Samuel Wright St Bunbury WA 6230","Phone number":"(08) 9721 8708"},{"Postcode":"6230","Name":"K Rowe","Address":"71 Ducane Rd Gelorup WA 6230","Phone number":"(08) 9795 3431"},{"Postcode":"6230","Name":"N Rowe","Address":"18 Wiroo Loop Dalyellup WA 6230","Phone number":"(08) 9795 5844"},{"Postcode":"6230","Name":"P R Rowe","Address":"U 2 66 Timperley Rd South Bunbury WA 6230","Phone number":"(08) 9721 6350"},{"Postcode":"6016","Name":"I G & A E Rowe","Address":"28 Woodstock St Mt Hawthorn WA 6016","Phone number":"(08) 9443 2049"},{"Postcode":"6023","Name":"E & S Rowe","Address":"14 Pyrton Pl Duncraig WA 6023","Phone number":"(08) 9448 7271"},{"Postcode":"6065","Name":"B Rowe","Address":"3 Cvitan Bnd Madeley WA 6065","Phone number":"(08) 9409 8537"},{"Postcode":"6076","Name":"C Rowe","Address":"7 Hillside Crs Gooseberry Hill WA 6076","Phone number":"(08) 9293 3184"},{"Postcode":"6076","Name":"P M Rowe","Address":"51 Cotherstone Rd Kalamunda WA 6076","Phone number":"(08) 9293 2019"},{"Postcode":"6110","Name":"B R & R D Rowe","Address":"11 Thornbill Rd Huntingdale WA 6110","Phone number":"(08) 9398 1195"},{"Postcode":"6110","Name":"P Rowe","Address":"40 Kingsford Way Huntingdale WA 6110","Phone number":"(08) 9490 1760"},{"Postcode":"6110","Name":"S R Rowe","Address":"6 Wedgewood Glade Gosnells WA 6110","Phone number":"(04) 1494 3518"},{"Postcode":"6210","Name":"A Rowe","Address":"131 Pebble Beach Blv Meadow Springs WA 6210","Phone number":"(08) 9583 4179"},{"Postcode":"6210","Name":"A & J Rowe","Address":"10 Tarata Cl Halls Head WA 6210","Phone number":"(08) 9582 7207"},{"Postcode":"6210","Name":"A A Rowe","Address":"20 Reverie Mews Halls Head WA 6210","Phone number":"(08) 9535 7243"},{"Postcode":"6210","Name":"B Rowe","Address":"16 Shelduck Way Dudley Park WA 6210","Phone number":"(08) 9584 8980"},{"Postcode":"6210","Name":"B K Rowe","Address":"35 Forrest St Mandurah WA 6210","Phone number":"(08) 9586 2256"},{"Postcode":"6210","Name":"D G F Rowe","Address":"44 Portmarnock Crcle Halls Head WA 6210","Phone number":"(08) 9586 2378"},{"Postcode":"6210","Name":"G Rowe","Address":"87 Peelwood Pde Halls Head WA 6210","Phone number":"(04) 0758 6902"},{"Postcode":"6210","Name":"M A Rowe","Address":"18 Candelo Loop Greenfields WA 6210","Phone number":"(04) 2877 1493"},{"Postcode":"6210","Name":"M A Rowe","Address":"18 Candelo Loop Greenfields WA 6210","Phone number":"(04) 1798 3027"},{"Postcode":"6210","Name":"M I Rowe","Address":"2A Baronia Loop Greenfields WA 6210","Phone number":"(08) 9534 9975"},{"Postcode":"6210","Name":"P L Rowe","Address":"20 Tallas Rd Silver Sands WA 6210","Phone number":"(08) 9535 1615"},{"Postcode":"6056","Name":"C K Rowe","Address":"66B Wellaton St Midland WA 6056","Phone number":"(08) 9250 1279"},{"Postcode":"6056","Name":"E & S M Rowe","Address":"4 Britomart Gr Stratton WA 6056","Phone number":"(08) 9250 7890"},{"Postcode":"6056","Name":"G Rowe","Address":"329 Pechey Rd Jane Brook WA 6056","Phone number":"(08) 9250 8445"},{"Postcode":"6056","Name":"Mr J Rowe","Address":"34 Greenough Crt Jane Brook WA 6056","Phone number":"(08) 9274 4861"},{"Postcode":"6056","Name":"R T & H Rowe","Address":"4 Callistemon Cl Helena Valley WA 6056","Phone number":"(08) 9250 3823"},{"Postcode":"6018","Name":"B D & A C Rowe","Address":"CHRYSTAL HALLIDAY 27 Prisk St Karrinyup WA 6018","Phone number":"(08) 9341 3101"},{"Postcode":"6018","Name":"J C Rowe","Address":"Unit 50/ 7 Deanmore Rd Karrinyup WA 6018","Phone number":"(08) 9265 0250"},{"Postcode":"6018","Name":"S J & R L Rowe","Address":"6 Dardanup Grn Gwelup WA 6018","Phone number":"(08) 9445 9998"},{"Postcode":"6076","Name":"C Rowe","Address":"7 Hillside Crs Gooseberry Hill WA 6076","Phone number":"(08) 9293 3184"},{"Postcode":"6076","Name":"P M Rowe","Address":"51 Cotherstone Rd Kalamunda WA 6076","Phone number":"(08) 9293 2019"},{"Postcode":"6210","Name":"A Rowe","Address":"131 Pebble Beach Blv Meadow Springs WA 6210","Phone number":"(08) 9583 4179"},{"Postcode":"6210","Name":"A & J Rowe","Address":"10 Tarata Cl Halls Head WA 6210","Phone number":"(08) 9582 7207"},{"Postcode":"6210","Name":"A A Rowe","Address":"20 Reverie Mews Halls Head WA 6210","Phone number":"(08) 9535 7243"},{"Postcode":"6210","Name":"B Rowe","Address":"16 Shelduck Way Dudley Park WA 6210","Phone number":"(08) 9584 8980"},{"Postcode":"6210","Name":"B K Rowe","Address":"35 Forrest St Mandurah WA 6210","Phone number":"(08) 9586 2256"},{"Postcode":"6210","Name":"D G F Rowe","Address":"44 Portmarnock Crcle Halls Head WA 6210","Phone number":"(08) 9586 2378"},{"Postcode":"6210","Name":"G Rowe","Address":"87 Peelwood Pde Halls Head WA 6210","Phone number":"(04) 0758 6902"},{"Postcode":"6210","Name":"M A Rowe","Address":"18 Candelo Loop Greenfields WA 6210","Phone number":"(04) 2877 1493"},{"Postcode":"6210","Name":"M A Rowe","Address":"18 Candelo Loop Greenfields WA 6210","Phone number":"(04) 1798 3027"},{"Postcode":"6210","Name":"M I Rowe","Address":"2A Baronia Loop Greenfields WA 6210","Phone number":"(08) 9534 9975"},{"Postcode":"6210","Name":"P L Rowe","Address":"20 Tallas Rd Silver Sands WA 6210","Phone number":"(08) 9535 1615"},{"Postcode":"6163","Name":"C Rowe","Address":"35 Skeahan St Spearwood WA 6163","Phone number":"(08) 9434 3857"},{"Postcode":"6163","Name":"M Rowe","Address":"Un 14 30 Heirisson Way North Coogee WA 6163","Phone number":"(08) 9433 3565"},{"Postcode":"6164","Name":"B R Rowe","Address":"30 Magnolia Gdns Yangebup WA 6164","Phone number":"(08) 9414 8410"},{"Postcode":"6164","Name":"D J Rowe","Address":"4 Laguna Grn Jandakot WA 6164","Phone number":"(08) 9417 7652"},{"Postcode":"6164","Name":"S Rowe","Address":"2 Jakovich Crct Atwell WA 6164","Phone number":"(04) 2771 9038"},{"Postcode":"6164","Name":"S Rowe","Address":"5 Banksia Pl Yangebup WA 6164","Phone number":"(08) 9414 1805"},{"Postcode":"6164","Name":"S B Rowe","Address":"2 Jakovich Cct Atwell WA 6164","Phone number":"(08) 9498 6724"},{"Postcode":"6164","Name":"V Rowe","Address":"71 Folland Pde Atwell WA 6164","Phone number":"(08) 9498 5466"},{"Postcode":"6027","Name":"Angela Rowe","Address":"22 Franklin La Joondalup WA 6027","Phone number":"(08) 9300 0481"},{"Postcode":"6027","Name":"R A & V C Rowe","Address":"36 Lakevalley Drv Edgewater WA 6027","Phone number":"(08) 9306 1731"},{"Postcode":"6056","Name":"C K Rowe","Address":"66B Wellaton St Midland WA 6056","Phone number":"(08) 9250 1279"},{"Postcode":"6056","Name":"E & S M Rowe","Address":"4 Britomart Gr Stratton WA 6056","Phone number":"(08) 9250 7890"},{"Postcode":"6056","Name":"G Rowe","Address":"329 Pechey Rd Jane Brook WA 6056","Phone number":"(08) 9250 8445"},{"Postcode":"6056","Name":"Mr J Rowe","Address":"34 Greenough Crt Jane Brook WA 6056","Phone number":"(08) 9274 4861"},{"Postcode":"6056","Name":"R T & H Rowe","Address":"4 Callistemon Cl Helena Valley WA 6056","Phone number":"(08) 9250 3823"},{"Postcode":"6166","Name":"G S Rowe","Address":"536 Rockingham Rd Munster WA 6166","Phone number":"(08) 9418 5667"},{"Postcode":"6166","Name":"J & J Rowe","Address":"28 Collis Rd Wattleup WA 6166","Phone number":"(08) 9410 2045"},{"Postcode":"6056","Name":"C K Rowe","Address":"66B Wellaton St Midland WA 6056","Phone number":"(08) 9250 1279"},{"Postcode":"6056","Name":"E & S M Rowe","Address":"4 Britomart Gr Stratton WA 6056","Phone number":"(08) 9250 7890"},{"Postcode":"6056","Name":"G Rowe","Address":"329 Pechey Rd Jane Brook WA 6056","Phone number":"(08) 9250 8445"},{"Postcode":"6056","Name":"Mr J Rowe","Address":"34 Greenough Crt Jane Brook WA 6056","Phone number":"(08) 9274 4861"},{"Postcode":"6056","Name":"R T & H Rowe","Address":"4 Callistemon Cl Helena Valley WA 6056","Phone number":"(08) 9250 3823"},{"Postcode":"6210","Name":"A Rowe","Address":"131 Pebble Beach Blv Meadow Springs WA 6210","Phone number":"(08) 9583 4179"},{"Postcode":"6210","Name":"A & J Rowe","Address":"10 Tarata Cl Halls Head WA 6210","Phone number":"(08) 9582 7207"},{"Postcode":"6210","Name":"A A Rowe","Address":"20 Reverie Mews Halls Head WA 6210","Phone number":"(08) 9535 7243"},{"Postcode":"6210","Name":"B Rowe","Address":"16 Shelduck Way Dudley Park WA 6210","Phone number":"(08) 9584 8980"},{"Postcode":"6210","Name":"B K Rowe","Address":"35 Forrest St Mandurah WA 6210","Phone number":"(08) 9586 2256"},{"Postcode":"6210","Name":"D G F Rowe","Address":"44 Portmarnock Crcle Halls Head WA 6210","Phone number":"(08) 9586 2378"},{"Postcode":"6210","Name":"G Rowe","Address":"87 Peelwood Pde Halls Head WA 6210","Phone number":"(04) 0758 6902"},{"Postcode":"6210","Name":"M A Rowe","Address":"18 Candelo Loop Greenfields WA 6210","Phone number":"(04) 2877 1493"},{"Postcode":"6210","Name":"M A Rowe","Address":"18 Candelo Loop Greenfields WA 6210","Phone number":"(04) 1798 3027"},{"Postcode":"6210","Name":"M I Rowe","Address":"2A Baronia Loop Greenfields WA 6210","Phone number":"(08) 9534 9975"},{"Postcode":"6210","Name":"P L Rowe","Address":"20 Tallas Rd Silver Sands WA 6210","Phone number":"(08) 9535 1615"},{"Postcode":"6057","Name":"D W & G E Rowe","Address":"13 Edwards Rd High Wycombe WA 6057","Phone number":"(08) 9454 7235"},{"Postcode":"6057","Name":"L Rowe","Address":"10 Torquay La High Wycombe WA 6057","Phone number":"(08) 9454 8951"},{"Postcode":"6168","Name":"A Rowe","Address":"30 Leeuwin Pde Rockingham WA 6168","Phone number":"(08) 9529 4970"},{"Postcode":"6168","Name":"C Rowe","Address":"Un 15 7 Merope Cl Rockingham WA 6168","Phone number":"(08) 9529 4967"},{"Postcode":"6168","Name":"E M Rowe","Address":"5 Austin Crt Cooloongup WA 6168","Phone number":"(08) 9592 1393"},{"Postcode":"6168","Name":"T Rowe","Address":"3 Mackay Pl Cooloongup WA 6168","Phone number":"(08) 9529 4594"},{"Postcode":"6163","Name":"C Rowe","Address":"35 Skeahan St Spearwood WA 6163","Phone number":"(08) 9434 3857"},{"Postcode":"6163","Name":"M Rowe","Address":"Un 14 30 Heirisson Way North Coogee WA 6163","Phone number":"(08) 9433 3565"},{"Postcode":"6065","Name":"B Rowe","Address":"3 Cvitan Bnd Madeley WA 6065","Phone number":"(08) 9409 8537"},{"Postcode":"6110","Name":"B R & R D Rowe","Address":"11 Thornbill Rd Huntingdale WA 6110","Phone number":"(08) 9398 1195"},{"Postcode":"6110","Name":"P Rowe","Address":"40 Kingsford Way Huntingdale WA 6110","Phone number":"(08) 9490 1760"},{"Postcode":"6110","Name":"S R Rowe","Address":"6 Wedgewood Glade Gosnells WA 6110","Phone number":"(04) 1494 3518"},{"Postcode":"6028","Name":"M & J Rowe","Address":"20 Dumbarton Loop Kinross WA 6028","Phone number":"(08) 9305 5504"},{"Postcode":"6018","Name":"B D & A C Rowe","Address":"CHRYSTAL HALLIDAY 27 Prisk St Karrinyup WA 6018","Phone number":"(08) 9341 3101"},{"Postcode":"6018","Name":"J C Rowe","Address":"Unit 50/ 7 Deanmore Rd Karrinyup WA 6018","Phone number":"(08) 9265 0250"},{"Postcode":"6018","Name":"S J & R L Rowe","Address":"6 Dardanup Grn Gwelup WA 6018","Phone number":"(08) 9445 9998"},{"Postcode":"6065","Name":"B Rowe","Address":"3 Cvitan Bnd Madeley WA 6065","Phone number":"(08) 9409 8537"},{"Postcode":"6164","Name":"B R Rowe","Address":"30 Magnolia Gdns Yangebup WA 6164","Phone number":"(08) 9414 8410"},{"Postcode":"6164","Name":"D J Rowe","Address":"4 Laguna Grn Jandakot WA 6164","Phone number":"(08) 9417 7652"},{"Postcode":"6164","Name":"S Rowe","Address":"2 Jakovich Crct Atwell WA 6164","Phone number":"(04) 2771 9038"},{"Postcode":"6164","Name":"S Rowe","Address":"5 Banksia Pl Yangebup WA 6164","Phone number":"(08) 9414 1805"},{"Postcode":"6164","Name":"S B Rowe","Address":"2 Jakovich Cct Atwell WA 6164","Phone number":"(08) 9498 6724"},{"Postcode":"6164","Name":"V Rowe","Address":"71 Folland Pde Atwell WA 6164","Phone number":"(08) 9498 5466"},{"Postcode":"6056","Name":"C K Rowe","Address":"66B Wellaton St Midland WA 6056","Phone number":"(08) 9250 1279"},{"Postcode":"6056","Name":"E & S M Rowe","Address":"4 Britomart Gr Stratton WA 6056","Phone number":"(08) 9250 7890"},{"Postcode":"6056","Name":"G Rowe","Address":"329 Pechey Rd Jane Brook WA 6056","Phone number":"(08) 9250 8445"},{"Postcode":"6056","Name":"Mr J Rowe","Address":"34 Greenough Crt Jane Brook WA 6056","Phone number":"(08) 9274 4861"},{"Postcode":"6056","Name":"R T & H Rowe","Address":"4 Callistemon Cl Helena Valley WA 6056","Phone number":"(08) 9250 3823"},{"Postcode":"6036","Name":"D Rowe","Address":"7 Shapwick App Butler WA 6036","Phone number":"(08) 9562 1760"},{"Postcode":"6014","Name":"J R Rowe","Address":"2 West Lorne St Floreat WA 6014","Phone number":"(08) 9284 0445"},{"Postcode":"6027","Name":"Angela Rowe","Address":"22 Franklin La Joondalup WA 6027","Phone number":"(08) 9300 0481"},{"Postcode":"6027","Name":"R A & V C Rowe","Address":"36 Lakevalley Drv Edgewater WA 6027","Phone number":"(08) 9306 1731"},{"Postcode":"6060","Name":"C J Rowe","Address":"282 Mcdonald St Yokine WA 6060","Phone number":"(08) 9201 1140"},{"Postcode":"6076","Name":"C Rowe","Address":"7 Hillside Crs Gooseberry Hill WA 6076","Phone number":"(08) 9293 3184"},{"Postcode":"6076","Name":"P M Rowe","Address":"51 Cotherstone Rd Kalamunda WA 6076","Phone number":"(08) 9293 2019"},{"Postcode":"6152","Name":"Mr G D & M J Rowe","Address":"27 Fairview Gardns Waterford WA 6152","Phone number":"(08) 9313 2630"},{"Postcode":"6152","Name":"G H & P M Rowe","Address":"36 Salter Point Pde Salter Point WA 6152","Phone number":"(04) 1219 0494"},{"Postcode":"6152","Name":"K Rowe","Address":"64 A Talbot Av Como WA 6152","Phone number":"(08) 6162 6031"},{"Postcode":"6163","Name":"C Rowe","Address":"35 Skeahan St Spearwood WA 6163","Phone number":"(08) 9434 3857"},{"Postcode":"6163","Name":"M Rowe","Address":"Un 14 30 Heirisson Way North Coogee WA 6163","Phone number":"(08) 9433 3565"},{"Postcode":"6111","Name":"C Rowe","Address":"194 Mcneill Rd Champion Lakes WA 6111","Phone number":"(08) 9497 1859"},{"Postcode":"6111","Name":"S Rowe","Address":"11 Montrose Cir Camillo WA 6111","Phone number":"(08) 9390 7493"},{"Postcode":"6010","Name":"C Rowe","Address":"10 Airlie St Claremont WA 6010","Phone number":"(08) 9384 3067"},{"Postcode":"6122","Name":"D J & H P Rowe","Address":"42 Clifton St Byford WA 6122","Phone number":"(08) 9525 1047"},{"Postcode":"6122","Name":"K Rowe","Address":"11 Woolandra Drv Byford WA 6122","Phone number":"(08) 9525 6264"},{"Postcode":"6122","Name":"L Rowe","Address":"17 Catherine St Byford WA 6122","Phone number":"(08) 9526 2848"},{"Postcode":"6018","Name":"B D & A C Rowe","Address":"CHRYSTAL HALLIDAY 27 Prisk St Karrinyup WA 6018","Phone number":"(08) 9341 3101"},{"Postcode":"6018","Name":"J C Rowe","Address":"Unit 50/ 7 Deanmore Rd Karrinyup WA 6018","Phone number":"(08) 9265 0250"},{"Postcode":"6018","Name":"S J & R L Rowe","Address":"6 Dardanup Grn Gwelup WA 6018","Phone number":"(08) 9445 9998"},{"Postcode":"6111","Name":"C Rowe","Address":"194 Mcneill Rd Champion Lakes WA 6111","Phone number":"(08) 9497 1859"},{"Postcode":"6111","Name":"S Rowe","Address":"11 Montrose Cir Camillo WA 6111","Phone number":"(08) 9390 7493"},{"Postcode":"6105","Name":"J Rowe","Address":"31 Mcdlinn Way Cloverdale WA 6105","Phone number":"(04) 2791 3486"},{"Postcode":"6054","Name":"J Rowe","Address":"49 Anzac Tce Bassendean WA 6054","Phone number":"(08) 9279 3731"},{"Postcode":"6026","Name":"E Rowe","Address":"Rm 17 40 Woodlake Ret Kingsley WA 6026","Phone number":"(08) 9409 6972"},{"Postcode":"6026","Name":"J T & V C Rowe","Address":"71 The Crest Woodvale WA 6026","Phone number":"(08) 9409 9854"},{"Postcode":"6065","Name":"B Rowe","Address":"3 Cvitan Bnd Madeley WA 6065","Phone number":"(08) 9409 8537"},{"Postcode":"6064","Name":"A L Rowe","Address":"5 Gayford Way Girrawheen WA 6064","Phone number":"(08) 9247 2584"},{"Postcode":"6064","Name":"G Rowe","Address":"Un 9 14 Yapton Turn Girrawheen WA 6064","Phone number":"(08) 9343 3060"},{"Postcode":"6064","Name":"W R Rowe","Address":"4 Hadleigh Way Girrawheen WA 6064","Phone number":"(08) 9343 0623"},{"Postcode":"6056","Name":"C K Rowe","Address":"66B Wellaton St Midland WA 6056","Phone number":"(08) 9250 1279"},{"Postcode":"6056","Name":"E & S M Rowe","Address":"4 Britomart Gr Stratton WA 6056","Phone number":"(08) 9250 7890"},{"Postcode":"6056","Name":"G Rowe","Address":"329 Pechey Rd Jane Brook WA 6056","Phone number":"(08) 9250 8445"},{"Postcode":"6056","Name":"Mr J Rowe","Address":"34 Greenough Crt Jane Brook WA 6056","Phone number":"(08) 9274 4861"},{"Postcode":"6056","Name":"R T & H Rowe","Address":"4 Callistemon Cl Helena Valley WA 6056","Phone number":"(08) 9250 3823"},{"Postcode":"6167","Name":"A Rowe","Address":"32 Sanctuary Drv Bertram WA 6167","Phone number":"(08) 9419 7137"},{"Postcode":"6167","Name":"J Rowe","Address":"9 Kalbarri Crs Bertram WA 6167","Phone number":"(08) 9417 7510"},{"Postcode":"6167","Name":"A Rowe","Address":"32 Sanctuary Drv Bertram WA 6167","Phone number":"(08) 9419 7137"},{"Postcode":"6167","Name":"J Rowe","Address":"9 Kalbarri Crs Bertram WA 6167","Phone number":"(08) 9417 7510"},{"Postcode":"6210","Name":"A Rowe","Address":"131 Pebble Beach Blv Meadow Springs WA 6210","Phone number":"(08) 9583 4179"},{"Postcode":"6210","Name":"A & J Rowe","Address":"10 Tarata Cl Halls Head WA 6210","Phone number":"(08) 9582 7207"},{"Postcode":"6210","Name":"A A Rowe","Address":"20 Reverie Mews Halls Head WA 6210","Phone number":"(08) 9535 7243"},{"Postcode":"6210","Name":"B Rowe","Address":"16 Shelduck Way Dudley Park WA 6210","Phone number":"(08) 9584 8980"},{"Postcode":"6210","Name":"B K Rowe","Address":"35 Forrest St Mandurah WA 6210","Phone number":"(08) 9586 2256"},{"Postcode":"6210","Name":"D G F Rowe","Address":"44 Portmarnock Crcle Halls Head WA 6210","Phone number":"(08) 9586 2378"},{"Postcode":"6210","Name":"G Rowe","Address":"87 Peelwood Pde Halls Head WA 6210","Phone number":"(04) 0758 6902"},{"Postcode":"6210","Name":"M A Rowe","Address":"18 Candelo Loop Greenfields WA 6210","Phone number":"(04) 2877 1493"},{"Postcode":"6210","Name":"M A Rowe","Address":"18 Candelo Loop Greenfields WA 6210","Phone number":"(04) 1798 3027"},{"Postcode":"6210","Name":"M I Rowe","Address":"2A Baronia Loop Greenfields WA 6210","Phone number":"(08) 9534 9975"},{"Postcode":"6210","Name":"P L Rowe","Address":"20 Tallas Rd Silver Sands WA 6210","Phone number":"(08) 9535 1615"},{"Postcode":"6065","Name":"B Rowe","Address":"3 Cvitan Bnd Madeley WA 6065","Phone number":"(08) 9409 8537"},{"Postcode":"6147","Name":"W & A Rowe","Address":"16 Golf Rd Parkwood WA 6147","Phone number":"(08) 9354 1781"},{"Postcode":"6170","Name":"Mr W Rowe","Address":"117 Beauchamp Loop Wellard WA 6170","Phone number":"(08) 9410 0060"},{"Postcode":"6233","Name":"E A Rowe","Address":"36 Mayne Way Australind WA 6233","Phone number":"(08) 9725 1410"},{"Postcode":"6233","Name":"M Rowe","Address":"18 B Stallard Crt Australind WA 6233","Phone number":"(08) 9725 9133"},{"Postcode":"6233","Name":"P Rowe","Address":"63 Mardo Ave Australind WA 6233","Phone number":"(08) 9797 0775"},{"Postcode":"6233","Name":"T M Rowe","Address":"51 Mardo Ave Australind WA 6233","Phone number":"(08) 9725 9972"},{"Postcode":"6076","Name":"C Rowe","Address":"7 Hillside Crs Gooseberry Hill WA 6076","Phone number":"(08) 9293 3184"},{"Postcode":"6076","Name":"P M Rowe","Address":"51 Cotherstone Rd Kalamunda WA 6076","Phone number":"(08) 9293 2019"},{"Postcode":"6065","Name":"B Rowe","Address":"3 Cvitan Bnd Madeley WA 6065","Phone number":"(08) 9409 8537"},{"Postcode":"6054","Name":"J Rowe","Address":"49 Anzac Tce Bassendean WA 6054","Phone number":"(08) 9279 3731"},{"Postcode":"6147","Name":"W & A Rowe","Address":"16 Golf Rd Parkwood WA 6147","Phone number":"(08) 9354 1781"},{"Postcode":"6065","Name":"B Rowe","Address":"3 Cvitan Bnd Madeley WA 6065","Phone number":"(08) 9409 8537"},{"Postcode":"6210","Name":"A Rowe","Address":"131 Pebble Beach Blv Meadow Springs WA 6210","Phone number":"(08) 9583 4179"},{"Postcode":"6210","Name":"A & J Rowe","Address":"10 Tarata Cl Halls Head WA 6210","Phone number":"(08) 9582 7207"},{"Postcode":"6210","Name":"A A Rowe","Address":"20 Reverie Mews Halls Head WA 6210","Phone number":"(08) 9535 7243"},{"Postcode":"6210","Name":"B Rowe","Address":"16 Shelduck Way Dudley Park WA 6210","Phone number":"(08) 9584 8980"},{"Postcode":"6210","Name":"B K Rowe","Address":"35 Forrest St Mandurah WA 6210","Phone number":"(08) 9586 2256"},{"Postcode":"6210","Name":"D G F Rowe","Address":"44 Portmarnock Crcle Halls Head WA 6210","Phone number":"(08) 9586 2378"},{"Postcode":"6210","Name":"G Rowe","Address":"87 Peelwood Pde Halls Head WA 6210","Phone number":"(04) 0758 6902"},{"Postcode":"6210","Name":"M A Rowe","Address":"18 Candelo Loop Greenfields WA 6210","Phone number":"(04) 2877 1493"},{"Postcode":"6210","Name":"M A Rowe","Address":"18 Candelo Loop Greenfields WA 6210","Phone number":"(04) 1798 3027"},{"Postcode":"6210","Name":"M I Rowe","Address":"2A Baronia Loop Greenfields WA 6210","Phone number":"(08) 9534 9975"},{"Postcode":"6210","Name":"P L Rowe","Address":"20 Tallas Rd Silver Sands WA 6210","Phone number":"(08) 9535 1615"},{"Postcode":"6057","Name":"D W & G E Rowe","Address":"13 Edwards Rd High Wycombe WA 6057","Phone number":"(08) 9454 7235"},{"Postcode":"6057","Name":"L Rowe","Address":"10 Torquay La High Wycombe WA 6057","Phone number":"(08) 9454 8951"},{"Postcode":"6167","Name":"A Rowe","Address":"32 Sanctuary Drv Bertram WA 6167","Phone number":"(08) 9419 7137"},{"Postcode":"6167","Name":"J Rowe","Address":"9 Kalbarri Crs Bertram WA 6167","Phone number":"(08) 9417 7510"},{"Postcode":"6210","Name":"A Rowe","Address":"131 Pebble Beach Blv Meadow Springs WA 6210","Phone number":"(08) 9583 4179"},{"Postcode":"6210","Name":"A & J Rowe","Address":"10 Tarata Cl Halls Head WA 6210","Phone number":"(08) 9582 7207"},{"Postcode":"6210","Name":"A A Rowe","Address":"20 Reverie Mews Halls Head WA 6210","Phone number":"(08) 9535 7243"},{"Postcode":"6210","Name":"B Rowe","Address":"16 Shelduck Way Dudley Park WA 6210","Phone number":"(08) 9584 8980"},{"Postcode":"6210","Name":"B K Rowe","Address":"35 Forrest St Mandurah WA 6210","Phone number":"(08) 9586 2256"},{"Postcode":"6210","Name":"D G F Rowe","Address":"44 Portmarnock Crcle Halls Head WA 6210","Phone number":"(08) 9586 2378"},{"Postcode":"6210","Name":"G Rowe","Address":"87 Peelwood Pde Halls Head WA 6210","Phone number":"(04) 0758 6902"},{"Postcode":"6210","Name":"M A Rowe","Address":"18 Candelo Loop Greenfields WA 6210","Phone number":"(04) 2877 1493"},{"Postcode":"6210","Name":"M A Rowe","Address":"18 Candelo Loop Greenfields WA 6210","Phone number":"(04) 1798 3027"},{"Postcode":"6210","Name":"M I Rowe","Address":"2A Baronia Loop Greenfields WA 6210","Phone number":"(08) 9534 9975"},{"Postcode":"6210","Name":"P L Rowe","Address":"20 Tallas Rd Silver Sands WA 6210","Phone number":"(08) 9535 1615"},{"Postcode":"6210","Name":"A Rowe","Address":"131 Pebble Beach Blv Meadow Springs WA 6210","Phone number":"(08) 9583 4179"},{"Postcode":"6210","Name":"A & J Rowe","Address":"10 Tarata Cl Halls Head WA 6210","Phone number":"(08) 9582 7207"},{"Postcode":"6210","Name":"A A Rowe","Address":"20 Reverie Mews Halls Head WA 6210","Phone number":"(08) 9535 7243"},{"Postcode":"6210","Name":"B Rowe","Address":"16 Shelduck Way Dudley Park WA 6210","Phone number":"(08) 9584 8980"},{"Postcode":"6210","Name":"B K Rowe","Address":"35 Forrest St Mandurah WA 6210","Phone number":"(08) 9586 2256"},{"Postcode":"6210","Name":"D G F Rowe","Address":"44 Portmarnock Crcle Halls Head WA 6210","Phone number":"(08) 9586 2378"},{"Postcode":"6210","Name":"G Rowe","Address":"87 Peelwood Pde Halls Head WA 6210","Phone number":"(04) 0758 6902"},{"Postcode":"6210","Name":"M A Rowe","Address":"18 Candelo Loop Greenfields WA 6210","Phone number":"(04) 2877 1493"},{"Postcode":"6210","Name":"M A Rowe","Address":"18 Candelo Loop Greenfields WA 6210","Phone number":"(04) 1798 3027"},{"Postcode":"6210","Name":"M I Rowe","Address":"2A Baronia Loop Greenfields WA 6210","Phone number":"(08) 9534 9975"},{"Postcode":"6210","Name":"P L Rowe","Address":"20 Tallas Rd Silver Sands WA 6210","Phone number":"(08) 9535 1615"},{"Postcode":"6210","Name":"A Rowe","Address":"131 Pebble Beach Blv Meadow Springs WA 6210","Phone number":"(08) 9583 4179"},{"Postcode":"6210","Name":"A & J Rowe","Address":"10 Tarata Cl Halls Head WA 6210","Phone number":"(08) 9582 7207"},{"Postcode":"6210","Name":"A A Rowe","Address":"20 Reverie Mews Halls Head WA 6210","Phone number":"(08) 9535 7243"},{"Postcode":"6210","Name":"B Rowe","Address":"16 Shelduck Way Dudley Park WA 6210","Phone number":"(08) 9584 8980"},{"Postcode":"6210","Name":"B K Rowe","Address":"35 Forrest St Mandurah WA 6210","Phone number":"(08) 9586 2256"},{"Postcode":"6210","Name":"D G F Rowe","Address":"44 Portmarnock Crcle Halls Head WA 6210","Phone number":"(08) 9586 2378"},{"Postcode":"6210","Name":"G Rowe","Address":"87 Peelwood Pde Halls Head WA 6210","Phone number":"(04) 0758 6902"},{"Postcode":"6210","Name":"M A Rowe","Address":"18 Candelo Loop Greenfields WA 6210","Phone number":"(04) 2877 1493"},{"Postcode":"6210","Name":"M A Rowe","Address":"18 Candelo Loop Greenfields WA 6210","Phone number":"(04) 1798 3027"},{"Postcode":"6210","Name":"M I Rowe","Address":"2A Baronia Loop Greenfields WA 6210","Phone number":"(08) 9534 9975"},{"Postcode":"6210","Name":"P L Rowe","Address":"20 Tallas Rd Silver Sands WA 6210","Phone number":"(08) 9535 1615"},{"Postcode":"6152","Name":"Mr G D & M J Rowe","Address":"27 Fairview Gardns Waterford WA 6152","Phone number":"(08) 9313 2630"},{"Postcode":"6152","Name":"G H & P M Rowe","Address":"36 Salter Point Pde Salter Point WA 6152","Phone number":"(04) 1219 0494"},{"Postcode":"6152","Name":"K Rowe","Address":"64 A Talbot Av Como WA 6152","Phone number":"(08) 6162 6031"},{"Postcode":"6064","Name":"A L Rowe","Address":"5 Gayford Way Girrawheen WA 6064","Phone number":"(08) 9247 2584"},{"Postcode":"6064","Name":"G Rowe","Address":"Un 9 14 Yapton Turn Girrawheen WA 6064","Phone number":"(08) 9343 3060"},{"Postcode":"6064","Name":"W R Rowe","Address":"4 Hadleigh Way Girrawheen WA 6064","Phone number":"(08) 9343 0623"},{"Postcode":"6065","Name":"B Rowe","Address":"3 Cvitan Bnd Madeley WA 6065","Phone number":"(08) 9409 8537"},{"Postcode":"6020","Name":"D & H Rowe","Address":"78 Monyash Rd Carine WA 6020","Phone number":"(08) 9448 3551"},{"Postcode":"6020","Name":"G Rowe","Address":"20 B West Coast Drv Marmion WA 6020","Phone number":"(08) 9447 7486"},{"Postcode":"6020","Name":"R Rowe","Address":"118 West Coast Dr Sorrento WA 6020","Phone number":"(04) 0330 8532"},{"Postcode":"6020","Name":"R Rowe","Address":"118 West Coast Dr Sorrento WA 6020","Phone number":"(04) 0908 7531"},{"Postcode":"6110","Name":"B R & R D Rowe","Address":"11 Thornbill Rd Huntingdale WA 6110","Phone number":"(08) 9398 1195"},{"Postcode":"6110","Name":"P Rowe","Address":"40 Kingsford Way Huntingdale WA 6110","Phone number":"(08) 9490 1760"},{"Postcode":"6110","Name":"S R Rowe","Address":"6 Wedgewood Glade Gosnells WA 6110","Phone number":"(04) 1494 3518"},{"Postcode":"6210","Name":"A Rowe","Address":"131 Pebble Beach Blv Meadow Springs WA 6210","Phone number":"(08) 9583 4179"},{"Postcode":"6210","Name":"A & J Rowe","Address":"10 Tarata Cl Halls Head WA 6210","Phone number":"(08) 9582 7207"},{"Postcode":"6210","Name":"A A Rowe","Address":"20 Reverie Mews Halls Head WA 6210","Phone number":"(08) 9535 7243"},{"Postcode":"6210","Name":"B Rowe","Address":"16 Shelduck Way Dudley Park WA 6210","Phone number":"(08) 9584 8980"},{"Postcode":"6210","Name":"B K Rowe","Address":"35 Forrest St Mandurah WA 6210","Phone number":"(08) 9586 2256"},{"Postcode":"6210","Name":"D G F Rowe","Address":"44 Portmarnock Crcle Halls Head WA 6210","Phone number":"(08) 9586 2378"},{"Postcode":"6210","Name":"G Rowe","Address":"87 Peelwood Pde Halls Head WA 6210","Phone number":"(04) 0758 6902"},{"Postcode":"6210","Name":"M A Rowe","Address":"18 Candelo Loop Greenfields WA 6210","Phone number":"(04) 2877 1493"},{"Postcode":"6210","Name":"M A Rowe","Address":"18 Candelo Loop Greenfields WA 6210","Phone number":"(04) 1798 3027"},{"Postcode":"6210","Name":"M I Rowe","Address":"2A Baronia Loop Greenfields WA 6210","Phone number":"(08) 9534 9975"},{"Postcode":"6210","Name":"P L Rowe","Address":"20 Tallas Rd Silver Sands WA 6210","Phone number":"(08) 9535 1615"},{"Postcode":"6167","Name":"A Rowe","Address":"32 Sanctuary Drv Bertram WA 6167","Phone number":"(08) 9419 7137"},{"Postcode":"6167","Name":"J Rowe","Address":"9 Kalbarri Crs Bertram WA 6167","Phone number":"(08) 9417 7510"},{"Postcode":"6208","Name":"K Rowe","Address":"16 Wollaston Basn Pinjarra WA 6208","Phone number":"(08) 9531 1271"},{"Postcode":"6208","Name":"K & F Rowe","Address":"Belswan Lifestyle Estate Pinjarra WA 6208","Phone number":"(08) 9531 0183"},{"Postcode":"6156","Name":"L J Rowe","Address":"14 Radney St Willagee WA 6156","Phone number":"(04) 1793 0365"},{"Postcode":"6156","Name":"P Rowe","Address":"28 A Dandenong Rd Attadale WA 6156","Phone number":"(04) 3838 4738"},{"Postcode":"6050","Name":"P Rowe","Address":"U 1 2 A Regent St West Mt Lawley WA 6050","Phone number":"(08) 9471 9140"},{"Postcode":"6056","Name":"C K Rowe","Address":"66B Wellaton St Midland WA 6056","Phone number":"(08) 9250 1279"},{"Postcode":"6056","Name":"E & S M Rowe","Address":"4 Britomart Gr Stratton WA 6056","Phone number":"(08) 9250 7890"},{"Postcode":"6056","Name":"G Rowe","Address":"329 Pechey Rd Jane Brook WA 6056","Phone number":"(08) 9250 8445"},{"Postcode":"6056","Name":"Mr J Rowe","Address":"34 Greenough Crt Jane Brook WA 6056","Phone number":"(08) 9274 4861"},{"Postcode":"6056","Name":"R T & H Rowe","Address":"4 Callistemon Cl Helena Valley WA 6056","Phone number":"(08) 9250 3823"},{"Postcode":"6056","Name":"C K Rowe","Address":"66B Wellaton St Midland WA 6056","Phone number":"(08) 9250 1279"},{"Postcode":"6056","Name":"E & S M Rowe","Address":"4 Britomart Gr Stratton WA 6056","Phone number":"(08) 9250 7890"},{"Postcode":"6056","Name":"G Rowe","Address":"329 Pechey Rd Jane Brook WA 6056","Phone number":"(08) 9250 8445"},{"Postcode":"6056","Name":"Mr J Rowe","Address":"34 Greenough Crt Jane Brook WA 6056","Phone number":"(08) 9274 4861"},{"Postcode":"6056","Name":"R T & H Rowe","Address":"4 Callistemon Cl Helena Valley WA 6056","Phone number":"(08) 9250 3823"},{"Postcode":"6056","Name":"C K Rowe","Address":"66B Wellaton St Midland WA 6056","Phone number":"(08) 9250 1279"},{"Postcode":"6056","Name":"E & S M Rowe","Address":"4 Britomart Gr Stratton WA 6056","Phone number":"(08) 9250 7890"},{"Postcode":"6056","Name":"G Rowe","Address":"329 Pechey Rd Jane Brook WA 6056","Phone number":"(08) 9250 8445"},{"Postcode":"6056","Name":"Mr J Rowe","Address":"34 Greenough Crt Jane Brook WA 6056","Phone number":"(08) 9274 4861"},{"Postcode":"6056","Name":"R T & H Rowe","Address":"4 Callistemon Cl Helena Valley WA 6056","Phone number":"(08) 9250 3823"},{"Postcode":"6232","Name":"C & K Rowe","Address":"5 Greenough Pl Millbridge WA 6232","Phone number":"(08) 9724 1818"},{"Postcode":"6232","Name":"J Rowe","Address":"4 Charolais Mews Eaton WA 6232","Phone number":"(08) 9725 0953"},{"Postcode":"6232","Name":"V Rowe","Address":"8 Pinto Cl Eaton WA 6232","Phone number":"(04) 0798 2210"},{"Postcode":"6056","Name":"C K Rowe","Address":"66B Wellaton St Midland WA 6056","Phone number":"(08) 9250 1279"},{"Postcode":"6056","Name":"E & S M Rowe","Address":"4 Britomart Gr Stratton WA 6056","Phone number":"(08) 9250 7890"},{"Postcode":"6056","Name":"G Rowe","Address":"329 Pechey Rd Jane Brook WA 6056","Phone number":"(08) 9250 8445"},{"Postcode":"6056","Name":"Mr J Rowe","Address":"34 Greenough Crt Jane Brook WA 6056","Phone number":"(08) 9274 4861"},{"Postcode":"6056","Name":"R T & H Rowe","Address":"4 Callistemon Cl Helena Valley WA 6056","Phone number":"(08) 9250 3823"},{"Postcode":"6061","Name":"M Rowe","Address":"6 Steyning Way Westminster WA 6061","Phone number":"(08) 9345 0375"},{"Postcode":"6062","Name":"D T A Rowe","Address":"Un 2 39 Holilond Way Morley WA 6062","Phone number":"(08) 9276 8324"},{"Postcode":"6012","Name":"L Rowe","Address":"Rm 8 1 Wallace La Mosman Park WA 6012","Phone number":"(08) 9284 7867"},{"Postcode":"6012","Name":"P W & A C Rowe","Address":"13 Ballygriffin Crt Mosman Park WA 6012","Phone number":"(08) 9336 2928"},{"Postcode":"6010","Name":"C Rowe","Address":"10 Airlie St Claremont WA 6010","Phone number":"(08) 9384 3067"},{"Postcode":"6016","Name":"I G & A E Rowe","Address":"28 Woodstock St Mt Hawthorn WA 6016","Phone number":"(08) 9443 2049"},{"Postcode":"6050","Name":"P Rowe","Address":"U 1 2 A Regent St West Mt Lawley WA 6050","Phone number":"(08) 9471 9140"},{"Postcode":"6112","Name":"Ms D Rowe","Address":"37 Poad St Seville Grove WA 6112","Phone number":"(08) 9390 1130"},{"Postcode":"6112","Name":"K M Rowe","Address":"136 Owtram Rd Armadale WA 6112","Phone number":"(08) 9399 3959"},{"Postcode":"6153","Name":"B Rowe","Address":"72 Selway Rd Brentwood WA 6153","Phone number":"(08) 6162 2683"},{"Postcode":"6153","Name":"D & M Rowe","Address":"12B Alness St Applecross WA 6153","Phone number":"(08) 9316 4219"},{"Postcode":"6153","Name":"G Rowe","Address":"22 Gibson St Mt Pleasant WA 6153","Phone number":"(08) 9316 0964"},{"Postcode":"6153","Name":"G Rowe","Address":"31 Henley Rd Mt Pleasant WA 6153","Phone number":"(04) 1247 9989"},{"Postcode":"6112","Name":"Ms D Rowe","Address":"37 Poad St Seville Grove WA 6112","Phone number":"(08) 9390 1130"},{"Postcode":"6112","Name":"K M Rowe","Address":"136 Owtram Rd Armadale WA 6112","Phone number":"(08) 9399 3959"},{"Postcode":"6027","Name":"Angela Rowe","Address":"22 Franklin La Joondalup WA 6027","Phone number":"(08) 9300 0481"},{"Postcode":"6027","Name":"R A & V C Rowe","Address":"36 Lakevalley Drv Edgewater WA 6027","Phone number":"(08) 9306 1731"},{"Postcode":"6166","Name":"G S Rowe","Address":"536 Rockingham Rd Munster WA 6166","Phone number":"(08) 9418 5667"},{"Postcode":"6166","Name":"J & J Rowe","Address":"28 Collis Rd Wattleup WA 6166","Phone number":"(08) 9410 2045"},{"Postcode":"6150","Name":"I H Rowe","Address":"7 Mackinlay Pl Winthrop WA 6150","Phone number":"(08) 9332 8326"},{"Postcode":"6207","Name":"Melissa Rowe","Address":"Bush Ret Nambeelup WA 6207","Phone number":"(08) 9584 2461"},{"Postcode":"6154","Name":"R C & T Rowe","Address":"Un 23 15 Cottrill St Myaree WA 6154","Phone number":"(08) 9317 6754"},{"Postcode":"6207","Name":"Melissa Rowe","Address":"Bush Ret Nambeelup WA 6207","Phone number":"(08) 9584 2461"},{"Postcode":"6031","Name":"J Rowe","Address":"20 Staunton Vl Carramar WA 6031","Phone number":"(08) 9306 9490"},{"Postcode":"6208","Name":"K Rowe","Address":"16 Wollaston Basn Pinjarra WA 6208","Phone number":"(08) 9531 1271"},{"Postcode":"6208","Name":"K & F Rowe","Address":"Belswan Lifestyle Estate Pinjarra WA 6208","Phone number":"(08) 9531 0183"},{"Postcode":"6061","Name":"M Rowe","Address":"6 Steyning Way Westminster WA 6061","Phone number":"(08) 9345 0375"},{"Postcode":"6020","Name":"D & H Rowe","Address":"78 Monyash Rd Carine WA 6020","Phone number":"(08) 9448 3551"},{"Postcode":"6020","Name":"G Rowe","Address":"20 B West Coast Drv Marmion WA 6020","Phone number":"(08) 9447 7486"},{"Postcode":"6020","Name":"R Rowe","Address":"118 West Coast Dr Sorrento WA 6020","Phone number":"(04) 0330 8532"},{"Postcode":"6020","Name":"R Rowe","Address":"118 West Coast Dr Sorrento WA 6020","Phone number":"(04) 0908 7531"},{"Postcode":"6207","Name":"Melissa Rowe","Address":"Bush Ret Nambeelup WA 6207","Phone number":"(08) 9584 2461"},{"Postcode":"6163","Name":"C Rowe","Address":"35 Skeahan St Spearwood WA 6163","Phone number":"(08) 9434 3857"},{"Postcode":"6163","Name":"M Rowe","Address":"Un 14 30 Heirisson Way North Coogee WA 6163","Phone number":"(08) 9433 3565"},{"Postcode":"6208","Name":"K Rowe","Address":"16 Wollaston Basn Pinjarra WA 6208","Phone number":"(08) 9531 1271"},{"Postcode":"6208","Name":"K & F Rowe","Address":"Belswan Lifestyle Estate Pinjarra WA 6208","Phone number":"(08) 9531 0183"},{"Postcode":"6163","Name":"C Rowe","Address":"35 Skeahan St Spearwood WA 6163","Phone number":"(08) 9434 3857"},{"Postcode":"6163","Name":"M Rowe","Address":"Un 14 30 Heirisson Way North Coogee WA 6163","Phone number":"(08) 9433 3565"},{"Postcode":"6208","Name":"K Rowe","Address":"16 Wollaston Basn Pinjarra WA 6208","Phone number":"(08) 9531 1271"},{"Postcode":"6208","Name":"K & F Rowe","Address":"Belswan Lifestyle Estate Pinjarra WA 6208","Phone number":"(08) 9531 0183"},{"Postcode":"6027","Name":"Angela Rowe","Address":"22 Franklin La Joondalup WA 6027","Phone number":"(08) 9300 0481"},{"Postcode":"6027","Name":"R A & V C Rowe","Address":"36 Lakevalley Drv Edgewater WA 6027","Phone number":"(08) 9306 1731"}]