[{"Postcode":"6064","Name":"N Z Li","Address":"125 Highclere Blv Marangaroo WA 6064","Phone number":"(08) 9343 3834"},{"Postcode":"6153","Name":"S Li","Address":"Un 2 154 Bateman Rd Mt Pleasant WA 6153","Phone number":"(08) 9364 8440"},{"Postcode":"6153","Name":"S Li","Address":"Un 2 154 Bateman Rd Mt Pleasant WA 6153","Phone number":"(08) 9364 8440"},{"Postcode":"6112","Name":"G Li","Address":"8 Ochre St Hilbert WA 6112","Phone number":"(08) 9498 0995"},{"Postcode":"6112","Name":"L X Li","Address":"64 Harrisdale Drv Harrisdale WA 6112","Phone number":"(08) 9397 0737"},{"Postcode":"6112","Name":"Q Li","Address":"85 Southampton Dr Piara Waters WA 6112","Phone number":"(08) 9393 3568"},{"Postcode":"6112","Name":"Q B Li","Address":"11 Burbidge Link Piara Waters WA 6112","Phone number":"(08) 9397 1333"},{"Postcode":"6112","Name":"R Li","Address":"120 Mason Rd Piara Waters WA 6112","Phone number":"(08) 9397 2821"},{"Postcode":"6112","Name":"Y Li","Address":"7 Olinda St Harrisdale WA 6112","Phone number":"(08) 9393 4351"},{"Postcode":"6112","Name":"Y Li","Address":"38 Pleasant Ave Piara Waters WA 6112","Phone number":"(08) 9393 3963"},{"Postcode":"6104","Name":"Y Li","Address":"175A Leake St Belmont WA 6104","Phone number":"(08) 9277 6085"},{"Postcode":"6065","Name":"J L Li","Address":"63 Bolton Way Darch WA 6065","Phone number":"(08) 9303 4265"},{"Postcode":"6065","Name":"W Li","Address":"Un 2 253 Gnangara Rd Wangara WA 6065","Phone number":"(08) 9307 6438"},{"Postcode":"6065","Name":"W Li","Address":"Un 2 253 Gnangara Rd Wangara WA 6065","Phone number":"(08) 9302 3422"},{"Postcode":"6065","Name":"X Li","Address":"10 Westbury La Madeley WA 6065","Phone number":"(08) 9409 1919"},{"Postcode":"6065","Name":"Y Li","Address":"18 Gungurru Ave Hocking WA 6065","Phone number":"(08) 9306 2038"},{"Postcode":"6065","Name":"Y Li","Address":"19 Rotterdam Vsta Wanneroo WA 6065","Phone number":"(08) 9206 5644"},{"Postcode":"6054","Name":"M Li","Address":"13 Palmerston St Bassendean WA 6054","Phone number":"(08) 6150 2092"},{"Postcode":"6164","Name":"G Li","Address":"15 Cressida Pkwy Success WA 6164","Phone number":"(08) 9499 1662"},{"Postcode":"6164","Name":"H Li","Address":"7 Versailles Pkwy Aubin Grove WA 6164","Phone number":"(08) 9499 4430"},{"Postcode":"6164","Name":"S Li","Address":"223 Fraser Rd Jandakot WA 6164","Phone number":"(08) 9414 1848"},{"Postcode":"6164","Name":"W Y Li","Address":"94 Princeton Cct Aubin Grove WA 6164","Phone number":"(08) 6595 3328"},{"Postcode":"6164","Name":"X Li","Address":"15 Astroloma Drv Success WA 6164","Phone number":"(08) 9498 6849"},{"Postcode":"6164","Name":"X Li","Address":"17 Blackford Turn Success WA 6164","Phone number":"(08) 9498 5220"},{"Postcode":"6164","Name":"G Li","Address":"15 Cressida Pkwy Success WA 6164","Phone number":"(08) 9499 1662"},{"Postcode":"6164","Name":"H Li","Address":"7 Versailles Pkwy Aubin Grove WA 6164","Phone number":"(08) 9499 4430"},{"Postcode":"6164","Name":"S Li","Address":"223 Fraser Rd Jandakot WA 6164","Phone number":"(08) 9414 1848"},{"Postcode":"6164","Name":"W Y Li","Address":"94 Princeton Cct Aubin Grove WA 6164","Phone number":"(08) 6595 3328"},{"Postcode":"6164","Name":"X Li","Address":"15 Astroloma Drv Success WA 6164","Phone number":"(08) 9498 6849"},{"Postcode":"6164","Name":"X Li","Address":"17 Blackford Turn Success WA 6164","Phone number":"(08) 9498 5220"},{"Postcode":"6021","Name":"N Li","Address":"17 Biccari Drv Stirling WA 6021","Phone number":"(08) 9349 6570"},{"Postcode":"6021","Name":"S Li","Address":"4 Pompei Crs Stirling WA 6021","Phone number":"(08) 9345 5349"},{"Postcode":"6021","Name":"S Li","Address":"28 Talia Drv Stirling WA 6021","Phone number":"(08) 9440 3852"},{"Postcode":"6061","Name":"C Li","Address":"Un 7 71 Chesterfield Rd Mirrabooka WA 6061","Phone number":"(08) 9349 8683"},{"Postcode":"6061","Name":"J Li","Address":"18 A Dallington Crs Balga WA 6061","Phone number":"(08) 9349 9088"},{"Postcode":"6061","Name":"S Li","Address":"5 B Oakney Ave Nollamara WA 6061","Phone number":"(08) 9345 4073"},{"Postcode":"6061","Name":"W Li","Address":"27 Harris Way Westminster WA 6061","Phone number":"(08) 9349 1263"},{"Postcode":"6061","Name":"X Li","Address":"31 A Maroog Way Nollamara WA 6061","Phone number":"(08) 9440 3609"},{"Postcode":"6061","Name":"Y Li","Address":"84 Finchley Crs Balga WA 6061","Phone number":"(08) 6150 1120"},{"Postcode":"6066","Name":"P L & K H Li","Address":"21 Enderby Crt Ballajura WA 6066","Phone number":"(08) 9249 6479"},{"Postcode":"6164","Name":"G Li","Address":"15 Cressida Pkwy Success WA 6164","Phone number":"(08) 9499 1662"},{"Postcode":"6164","Name":"H Li","Address":"7 Versailles Pkwy Aubin Grove WA 6164","Phone number":"(08) 9499 4430"},{"Postcode":"6164","Name":"S Li","Address":"223 Fraser Rd Jandakot WA 6164","Phone number":"(08) 9414 1848"},{"Postcode":"6164","Name":"W Y Li","Address":"94 Princeton Cct Aubin Grove WA 6164","Phone number":"(08) 6595 3328"},{"Postcode":"6164","Name":"X Li","Address":"15 Astroloma Drv Success WA 6164","Phone number":"(08) 9498 6849"},{"Postcode":"6164","Name":"X Li","Address":"17 Blackford Turn Success WA 6164","Phone number":"(08) 9498 5220"},{"Postcode":"6031","Name":"Mrs J Li","Address":"18 Alandale Bend Banksia Grove WA 6031","Phone number":"(08) 9306 8880"},{"Postcode":"6210","Name":"Z Li","Address":"14 Golden Gr Coodanup WA 6210","Phone number":"(08) 9535 8339"},{"Postcode":"6054","Name":"M Li","Address":"13 Palmerston St Bassendean WA 6054","Phone number":"(08) 6150 2092"},{"Postcode":"6150","Name":"D Li","Address":"1 Coombs Pl Bateman WA 6150","Phone number":"(08) 9310 1557"},{"Postcode":"6150","Name":"Y Li","Address":"49 Northmore Crs Winthrop WA 6150","Phone number":"(08) 9332 3383"},{"Postcode":"6150","Name":"Z Li","Address":"1 Waltham Crt Bateman WA 6150","Phone number":"(08) 9310 3678"},{"Postcode":"6107","Name":"B Li","Address":"15 Station St Cannington WA 6107","Phone number":"(08) 6150 0677"},{"Postcode":"6107","Name":"C Li","Address":"70 Jubilee St Beckenham WA 6107","Phone number":"(08) 9258 6268"},{"Postcode":"6107","Name":"C Li","Address":"19 Bridge St Wilson WA 6107","Phone number":"(08) 9458 9192"},{"Postcode":"6107","Name":"F Li","Address":"10 Leila St Cannington WA 6107","Phone number":"(08) 9258 3076"},{"Postcode":"6107","Name":"H S Li","Address":"176 Fern Rd Wilson WA 6107","Phone number":"(04) 2177 2510"},{"Postcode":"6107","Name":"J Li","Address":"13 Caporn Turn Queens Park WA 6107","Phone number":"(08) 9258 9251"},{"Postcode":"6107","Name":"L Li","Address":"4 Scarpview Pl East Cannington WA 6107","Phone number":"(08) 9451 5465"},{"Postcode":"6107","Name":"S Li","Address":"20 Glamorgan St East Cannington WA 6107","Phone number":"(08) 9358 1996"},{"Postcode":"6107","Name":"X Li","Address":"1 Karadong St Wattle Grove WA 6107","Phone number":"(08) 9453 6263"},{"Postcode":"6112","Name":"G Li","Address":"8 Ochre St Hilbert WA 6112","Phone number":"(08) 9498 0995"},{"Postcode":"6112","Name":"L X Li","Address":"64 Harrisdale Drv Harrisdale WA 6112","Phone number":"(08) 9397 0737"},{"Postcode":"6112","Name":"Q Li","Address":"85 Southampton Dr Piara Waters WA 6112","Phone number":"(08) 9393 3568"},{"Postcode":"6112","Name":"Q B Li","Address":"11 Burbidge Link Piara Waters WA 6112","Phone number":"(08) 9397 1333"},{"Postcode":"6112","Name":"R Li","Address":"120 Mason Rd Piara Waters WA 6112","Phone number":"(08) 9397 2821"},{"Postcode":"6112","Name":"Y Li","Address":"7 Olinda St Harrisdale WA 6112","Phone number":"(08) 9393 4351"},{"Postcode":"6112","Name":"Y Li","Address":"38 Pleasant Ave Piara Waters WA 6112","Phone number":"(08) 9393 3963"},{"Postcode":"6063","Name":"J Li","Address":"156 Amazon Drv Beechboro WA 6063","Phone number":"(08) 9377 7315"},{"Postcode":"6164","Name":"G Li","Address":"15 Cressida Pkwy Success WA 6164","Phone number":"(08) 9499 1662"},{"Postcode":"6164","Name":"H Li","Address":"7 Versailles Pkwy Aubin Grove WA 6164","Phone number":"(08) 9499 4430"},{"Postcode":"6164","Name":"S Li","Address":"223 Fraser Rd Jandakot WA 6164","Phone number":"(08) 9414 1848"},{"Postcode":"6164","Name":"W Y Li","Address":"94 Princeton Cct Aubin Grove WA 6164","Phone number":"(08) 6595 3328"},{"Postcode":"6164","Name":"X Li","Address":"15 Astroloma Drv Success WA 6164","Phone number":"(08) 9498 6849"},{"Postcode":"6164","Name":"X Li","Address":"17 Blackford Turn Success WA 6164","Phone number":"(08) 9498 5220"},{"Postcode":"6104","Name":"Y Li","Address":"175A Leake St Belmont WA 6104","Phone number":"(08) 9277 6085"},{"Postcode":"6102","Name":"D Li","Address":"42 Lord St Bentley WA 6102","Phone number":"(08) 9356 3434"},{"Postcode":"6102","Name":"G Li","Address":"16 Sill St Bentley WA 6102","Phone number":"(08) 6150 1318"},{"Postcode":"6102","Name":"L Li","Address":"27 Burton St Bentley WA 6102","Phone number":"(08) 9351 8310"},{"Postcode":"6102","Name":"S Li","Address":"4 Stannard St St James WA 6102","Phone number":"(08) 9350 9985"},{"Postcode":"6163","Name":"J Li","Address":"5 Lullworth Tce North Coogee WA 6163","Phone number":"(08) 6191 1453"},{"Postcode":"6153","Name":"S Li","Address":"Un 2 154 Bateman Rd Mt Pleasant WA 6153","Phone number":"(08) 9364 8440"},{"Postcode":"6009","Name":"W Li","Address":"U 12 48 Broadway Crawley WA 6009","Phone number":"(08) 6389 2065"},{"Postcode":"6112","Name":"G Li","Address":"8 Ochre St Hilbert WA 6112","Phone number":"(08) 9498 0995"},{"Postcode":"6112","Name":"L X Li","Address":"64 Harrisdale Drv Harrisdale WA 6112","Phone number":"(08) 9397 0737"},{"Postcode":"6112","Name":"Q Li","Address":"85 Southampton Dr Piara Waters WA 6112","Phone number":"(08) 9393 3568"},{"Postcode":"6112","Name":"Q B Li","Address":"11 Burbidge Link Piara Waters WA 6112","Phone number":"(08) 9397 1333"},{"Postcode":"6112","Name":"R Li","Address":"120 Mason Rd Piara Waters WA 6112","Phone number":"(08) 9397 2821"},{"Postcode":"6112","Name":"Y Li","Address":"7 Olinda St Harrisdale WA 6112","Phone number":"(08) 9393 4351"},{"Postcode":"6112","Name":"Y Li","Address":"38 Pleasant Ave Piara Waters WA 6112","Phone number":"(08) 9393 3963"},{"Postcode":"6149","Name":"Y Li","Address":"16 Hurley Way Bull Creek WA 6149","Phone number":"(08) 9332 9905"},{"Postcode":"6100","Name":"J Li","Address":"Un 707 96 Bow River Crs Burswood WA 6100","Phone number":"(08) 9472 3532"},{"Postcode":"6153","Name":"S Li","Address":"Un 2 154 Bateman Rd Mt Pleasant WA 6153","Phone number":"(08) 9364 8440"},{"Postcode":"6155","Name":"An Z Li","Address":"5 Iron Bark Rw Willetton WA 6155","Phone number":"(08) 9457 9313"},{"Postcode":"6155","Name":"Kwok Cheong T K Li","Address":"26 Ponderosa Loop Canning Vale WA 6155","Phone number":"(08) 9455 3678"},{"Postcode":"6155","Name":"P Li","Address":"65 Waterperry Dr Canning Vale WA 6155","Phone number":"(08) 9455 7120"},{"Postcode":"6155","Name":"Q Li","Address":"20 Ambleside Way Canning Vale WA 6155","Phone number":"(08) 9256 3278"},{"Postcode":"6155","Name":"Q Li","Address":"11 Sheridan Crs Willetton WA 6155","Phone number":"(08) 9332 9484"},{"Postcode":"6155","Name":"W Li","Address":"43 Fairfield Gardns Canning Vale WA 6155","Phone number":"(08) 9456 5526"},{"Postcode":"6155","Name":"V Cindy Li Phin","Address":"0 10 Kennon St Willetton WA 6155","Phone number":"(02) 8212 3446"},{"Postcode":"6155","Name":"An Z Li","Address":"5 Iron Bark Rw Willetton WA 6155","Phone number":"(08) 9457 9313"},{"Postcode":"6155","Name":"Kwok Cheong T K Li","Address":"26 Ponderosa Loop Canning Vale WA 6155","Phone number":"(08) 9455 3678"},{"Postcode":"6155","Name":"P Li","Address":"65 Waterperry Dr Canning Vale WA 6155","Phone number":"(08) 9455 7120"},{"Postcode":"6155","Name":"Q Li","Address":"20 Ambleside Way Canning Vale WA 6155","Phone number":"(08) 9256 3278"},{"Postcode":"6155","Name":"Q Li","Address":"11 Sheridan Crs Willetton WA 6155","Phone number":"(08) 9332 9484"},{"Postcode":"6155","Name":"W Li","Address":"43 Fairfield Gardns Canning Vale WA 6155","Phone number":"(08) 9456 5526"},{"Postcode":"6155","Name":"V Cindy Li Phin","Address":"0 10 Kennon St Willetton WA 6155","Phone number":"(02) 8212 3446"},{"Postcode":"6107","Name":"B Li","Address":"15 Station St Cannington WA 6107","Phone number":"(08) 6150 0677"},{"Postcode":"6107","Name":"C Li","Address":"70 Jubilee St Beckenham WA 6107","Phone number":"(08) 9258 6268"},{"Postcode":"6107","Name":"C Li","Address":"19 Bridge St Wilson WA 6107","Phone number":"(08) 9458 9192"},{"Postcode":"6107","Name":"F Li","Address":"10 Leila St Cannington WA 6107","Phone number":"(08) 9258 3076"},{"Postcode":"6107","Name":"H S Li","Address":"176 Fern Rd Wilson WA 6107","Phone number":"(04) 2177 2510"},{"Postcode":"6107","Name":"J Li","Address":"13 Caporn Turn Queens Park WA 6107","Phone number":"(08) 9258 9251"},{"Postcode":"6107","Name":"L Li","Address":"4 Scarpview Pl East Cannington WA 6107","Phone number":"(08) 9451 5465"},{"Postcode":"6107","Name":"S Li","Address":"20 Glamorgan St East Cannington WA 6107","Phone number":"(08) 9358 1996"},{"Postcode":"6107","Name":"X Li","Address":"1 Karadong St Wattle Grove WA 6107","Phone number":"(08) 9453 6263"},{"Postcode":"6101","Name":"M Li","Address":"118A Bishopsgate St Carlisle WA 6101","Phone number":"(08) 9472 5209"},{"Postcode":"6031","Name":"Mrs J Li","Address":"18 Alandale Bend Banksia Grove WA 6031","Phone number":"(08) 9306 8880"},{"Postcode":"6055","Name":"S Li","Address":"9 Kerruish Rd Caversham WA 6055","Phone number":"(08) 9250 1962"},{"Postcode":"6055","Name":"Y Li","Address":"118 Suffolk St Caversham WA 6055","Phone number":"(08) 9374 0694"},{"Postcode":"6018","Name":"H Li","Address":"21 A King George St Innaloo WA 6018","Phone number":"(08) 9204 4382"},{"Postcode":"6018","Name":"Y Li","Address":"84 A Barnes St Innaloo WA 6018","Phone number":"(08) 9204 2964"},{"Postcode":"6010","Name":"K K Li","Address":"2 The Lodge Mt Claremont WA 6010","Phone number":"(08) 9385 3743"},{"Postcode":"6010","Name":"K K Li","Address":"2 The Lodge Mt Claremont WA 6010","Phone number":"(08) 9385 3743"},{"Postcode":"6030","Name":"K Li","Address":"7 Glebe Cl Mindarie WA 6030","Phone number":"(08) 9407 8198"},{"Postcode":"6030","Name":"Y Li","Address":"72 Cherokee Grn Clarkson WA 6030","Phone number":"(08) 9408 5341"},{"Postcode":"6030","Name":"Mr Z Li","Address":"80 Aldersea Crcle Clarkson WA 6030","Phone number":"(08) 9305 2051"},{"Postcode":"6210","Name":"Z Li","Address":"14 Golden Gr Coodanup WA 6210","Phone number":"(08) 9535 8339"},{"Postcode":"6152","Name":"D Li","Address":"6 A Koolunda Crt Karawara WA 6152","Phone number":"(08) 9450 6349"},{"Postcode":"6152","Name":"Hwei Li","Address":"5 Kenneally Cct Salter Point WA 6152","Phone number":"(08) 9313 1538"},{"Postcode":"6152","Name":"Y Li Chong","Address":"1B Howard Pde Salter Point WA 6152","Phone number":"(08) 9313 4780"},{"Postcode":"6210","Name":"Z Li","Address":"14 Golden Gr Coodanup WA 6210","Phone number":"(08) 9535 8339"},{"Postcode":"6163","Name":"J Li","Address":"5 Lullworth Tce North Coogee WA 6163","Phone number":"(08) 6191 1453"},{"Postcode":"6050","Name":"Q Li","Address":"Unit 1 1 Fourth Ave Mt Lawley WA 6050","Phone number":"(08) 9371 9514"},{"Postcode":"6009","Name":"W Li","Address":"U 12 48 Broadway Crawley WA 6009","Phone number":"(08) 6389 2065"},{"Postcode":"6008","Name":"Y Li","Address":"20 Churchill Ave Subiaco WA 6008","Phone number":"(08) 9381 3812"},{"Postcode":"6009","Name":"W Li","Address":"U 12 48 Broadway Crawley WA 6009","Phone number":"(08) 6389 2065"},{"Postcode":"6065","Name":"J L Li","Address":"63 Bolton Way Darch WA 6065","Phone number":"(08) 9303 4265"},{"Postcode":"6065","Name":"W Li","Address":"Un 2 253 Gnangara Rd Wangara WA 6065","Phone number":"(08) 9307 6438"},{"Postcode":"6065","Name":"W Li","Address":"Un 2 253 Gnangara Rd Wangara WA 6065","Phone number":"(08) 9302 3422"},{"Postcode":"6065","Name":"X Li","Address":"10 Westbury La Madeley WA 6065","Phone number":"(08) 9409 1919"},{"Postcode":"6065","Name":"Y Li","Address":"18 Gungurru Ave Hocking WA 6065","Phone number":"(08) 9306 2038"},{"Postcode":"6065","Name":"Y Li","Address":"19 Rotterdam Vsta Wanneroo WA 6065","Phone number":"(08) 9206 5644"},{"Postcode":"6210","Name":"Z Li","Address":"14 Golden Gr Coodanup WA 6210","Phone number":"(08) 9535 8339"},{"Postcode":"6060","Name":"S Li","Address":"Un 1 172 Wanneroo Rd Yokine WA 6060","Phone number":"(08) 9345 0327"},{"Postcode":"6060","Name":"W K Li","Address":"390 Hector St Yokine WA 6060","Phone number":"(08) 6150 1509"},{"Postcode":"6060","Name":"X Li","Address":"99 Flinders Yokine WA 6060","Phone number":"(04) 2500 1269"},{"Postcode":"6060","Name":"Y W Li","Address":"162 Wanneroo Rd Yokine WA 6060","Phone number":"(04) 2811 1032"},{"Postcode":"6018","Name":"H Li","Address":"21 A King George St Innaloo WA 6018","Phone number":"(08) 9204 4382"},{"Postcode":"6018","Name":"Y Li","Address":"84 A Barnes St Innaloo WA 6018","Phone number":"(08) 9204 2964"},{"Postcode":"6210","Name":"Z Li","Address":"14 Golden Gr Coodanup WA 6210","Phone number":"(08) 9535 8339"},{"Postcode":"6004","Name":"B Li","Address":"251 Hay St East Perth WA 6004","Phone number":"(08) 6150 0784"},{"Postcode":"6101","Name":"M Li","Address":"118A Bishopsgate St Carlisle WA 6101","Phone number":"(08) 9472 5209"},{"Postcode":"6054","Name":"M Li","Address":"13 Palmerston St Bassendean WA 6054","Phone number":"(08) 6150 2092"},{"Postcode":"6062","Name":"A Li","Address":"30 Croesus St Morley WA 6062","Phone number":"(08) 9279 3245"},{"Postcode":"6062","Name":"B Li","Address":"11   B Tillingdon Way Morley WA 6062","Phone number":"(08) 9376 1758"},{"Postcode":"6062","Name":"F Li","Address":"18 Casuarina Way Morley WA 6062","Phone number":"(08) 9279 7263"},{"Postcode":"6062","Name":"Lisa W Li","Address":"U 3 5 Boag Rd Morley WA 6062","Phone number":"(08) 9275 6245"},{"Postcode":"6062","Name":"X Li","Address":"COVENTRY VILLAGE SHOP 3B 243 Walter Rd Morley WA 6062","Phone number":"(08) 9275 8232"},{"Postcode":"6062","Name":"Y Li","Address":"28   a Chaffers St Morley WA 6062","Phone number":"(08) 6244 8978"},{"Postcode":"6062","Name":"L Li Poon","Address":"14 Peters Pl Morley WA 6062","Phone number":"(08) 9275 0256"},{"Postcode":"6210","Name":"Z Li","Address":"14 Golden Gr Coodanup WA 6210","Phone number":"(08) 9535 8339"},{"Postcode":"6210","Name":"Z Li","Address":"14 Golden Gr Coodanup WA 6210","Phone number":"(08) 9535 8339"},{"Postcode":"6148","Name":"Y Li","Address":"35 B Vahland Ave Riverton WA 6148","Phone number":"(08) 9259 4618"},{"Postcode":"6014","Name":"Mr D Li","Address":"Unit 2 615 Hay St Jolimont WA 6014","Phone number":"(08) 9387 4236"},{"Postcode":"6112","Name":"G Li","Address":"8 Ochre St Hilbert WA 6112","Phone number":"(08) 9498 0995"},{"Postcode":"6112","Name":"L X Li","Address":"64 Harrisdale Drv Harrisdale WA 6112","Phone number":"(08) 9397 0737"},{"Postcode":"6112","Name":"Q Li","Address":"85 Southampton Dr Piara Waters WA 6112","Phone number":"(08) 9393 3568"},{"Postcode":"6112","Name":"Q B Li","Address":"11 Burbidge Link Piara Waters WA 6112","Phone number":"(08) 9397 1333"},{"Postcode":"6112","Name":"R Li","Address":"120 Mason Rd Piara Waters WA 6112","Phone number":"(08) 9397 2821"},{"Postcode":"6112","Name":"Y Li","Address":"7 Olinda St Harrisdale WA 6112","Phone number":"(08) 9393 4351"},{"Postcode":"6112","Name":"Y Li","Address":"38 Pleasant Ave Piara Waters WA 6112","Phone number":"(08) 9393 3963"},{"Postcode":"6210","Name":"Z Li","Address":"14 Golden Gr Coodanup WA 6210","Phone number":"(08) 9535 8339"},{"Postcode":"6064","Name":"N Z Li","Address":"125 Highclere Blv Marangaroo WA 6064","Phone number":"(08) 9343 3834"},{"Postcode":"6016","Name":"Y Li","Address":"292 Harborne St Glendalough WA 6016","Phone number":"(08) 6150 0239"},{"Postcode":"6065","Name":"J L Li","Address":"63 Bolton Way Darch WA 6065","Phone number":"(08) 9303 4265"},{"Postcode":"6065","Name":"W Li","Address":"Un 2 253 Gnangara Rd Wangara WA 6065","Phone number":"(08) 9307 6438"},{"Postcode":"6065","Name":"W Li","Address":"Un 2 253 Gnangara Rd Wangara WA 6065","Phone number":"(08) 9302 3422"},{"Postcode":"6065","Name":"X Li","Address":"10 Westbury La Madeley WA 6065","Phone number":"(08) 9409 1919"},{"Postcode":"6065","Name":"Y Li","Address":"18 Gungurru Ave Hocking WA 6065","Phone number":"(08) 9306 2038"},{"Postcode":"6065","Name":"Y Li","Address":"19 Rotterdam Vsta Wanneroo WA 6065","Phone number":"(08) 9206 5644"},{"Postcode":"6110","Name":"C Li","Address":"25 Bletchley Pkwy Southern River WA 6110","Phone number":"(08) 9398 3012"},{"Postcode":"6110","Name":"H Li","Address":"8 Sofia Rse Southern River WA 6110","Phone number":"(08) 9490 6426"},{"Postcode":"6110","Name":"Hui Li","Address":"7 Greentree Drv Southern River WA 6110","Phone number":"(08) 9398 5308"},{"Postcode":"6110","Name":"M Li","Address":"93 Chamberlain St Gosnells WA 6110","Phone number":"(08) 9398 3297"},{"Postcode":"6110","Name":"Ng M Li","Address":"236 Harpenden St Southern River WA 6110","Phone number":"(08) 9398 1924"},{"Postcode":"6110","Name":"Y Li","Address":"45 Terence St Gosnells WA 6110","Phone number":"(08) 6594 0482"},{"Postcode":"6110","Name":"Y Li","Address":"22 Nambung St Southern River WA 6110","Phone number":"(08) 6245 1385"},{"Postcode":"6210","Name":"Z Li","Address":"14 Golden Gr Coodanup WA 6210","Phone number":"(08) 9535 8339"},{"Postcode":"6024","Name":"Z Li","Address":"601 Beach Rd Warwick WA 6024","Phone number":"(08) 9203 9141"},{"Postcode":"6055","Name":"S Li","Address":"9 Kerruish Rd Caversham WA 6055","Phone number":"(08) 9250 1962"},{"Postcode":"6055","Name":"Y Li","Address":"118 Suffolk St Caversham WA 6055","Phone number":"(08) 9374 0694"},{"Postcode":"6018","Name":"H Li","Address":"21 A King George St Innaloo WA 6018","Phone number":"(08) 9204 4382"},{"Postcode":"6018","Name":"Y Li","Address":"84 A Barnes St Innaloo WA 6018","Phone number":"(08) 9204 2964"},{"Postcode":"6210","Name":"Z Li","Address":"14 Golden Gr Coodanup WA 6210","Phone number":"(08) 9535 8339"},{"Postcode":"6163","Name":"J Li","Address":"5 Lullworth Tce North Coogee WA 6163","Phone number":"(08) 6191 1453"},{"Postcode":"6164","Name":"G Li","Address":"15 Cressida Pkwy Success WA 6164","Phone number":"(08) 9499 1662"},{"Postcode":"6164","Name":"H Li","Address":"7 Versailles Pkwy Aubin Grove WA 6164","Phone number":"(08) 9499 4430"},{"Postcode":"6164","Name":"S Li","Address":"223 Fraser Rd Jandakot WA 6164","Phone number":"(08) 9414 1848"},{"Postcode":"6164","Name":"W Y Li","Address":"94 Princeton Cct Aubin Grove WA 6164","Phone number":"(08) 6595 3328"},{"Postcode":"6164","Name":"X Li","Address":"15 Astroloma Drv Success WA 6164","Phone number":"(08) 9498 6849"},{"Postcode":"6164","Name":"X Li","Address":"17 Blackford Turn Success WA 6164","Phone number":"(08) 9498 5220"},{"Postcode":"6055","Name":"S Li","Address":"9 Kerruish Rd Caversham WA 6055","Phone number":"(08) 9250 1962"},{"Postcode":"6055","Name":"Y Li","Address":"118 Suffolk St Caversham WA 6055","Phone number":"(08) 9374 0694"},{"Postcode":"6055","Name":"S Li","Address":"9 Kerruish Rd Caversham WA 6055","Phone number":"(08) 9250 1962"},{"Postcode":"6055","Name":"Y Li","Address":"118 Suffolk St Caversham WA 6055","Phone number":"(08) 9374 0694"},{"Postcode":"6210","Name":"Z Li","Address":"14 Golden Gr Coodanup WA 6210","Phone number":"(08) 9535 8339"},{"Postcode":"6057","Name":"K Li","Address":"U 3 492 Kalamunda Rd High Wycombe WA 6057","Phone number":"(08) 9454 3919"},{"Postcode":"6003","Name":"T Li","Address":"324 Stirling St Highgate WA 6003","Phone number":"(04) 3312 0308"},{"Postcode":"6163","Name":"J Li","Address":"5 Lullworth Tce North Coogee WA 6163","Phone number":"(08) 6191 1453"},{"Postcode":"6065","Name":"J L Li","Address":"63 Bolton Way Darch WA 6065","Phone number":"(08) 9303 4265"},{"Postcode":"6065","Name":"W Li","Address":"Un 2 253 Gnangara Rd Wangara WA 6065","Phone number":"(08) 9307 6438"},{"Postcode":"6065","Name":"W Li","Address":"Un 2 253 Gnangara Rd Wangara WA 6065","Phone number":"(08) 9302 3422"},{"Postcode":"6065","Name":"X Li","Address":"10 Westbury La Madeley WA 6065","Phone number":"(08) 9409 1919"},{"Postcode":"6065","Name":"Y Li","Address":"18 Gungurru Ave Hocking WA 6065","Phone number":"(08) 9306 2038"},{"Postcode":"6065","Name":"Y Li","Address":"19 Rotterdam Vsta Wanneroo WA 6065","Phone number":"(08) 9206 5644"},{"Postcode":"6110","Name":"C Li","Address":"25 Bletchley Pkwy Southern River WA 6110","Phone number":"(08) 9398 3012"},{"Postcode":"6110","Name":"H Li","Address":"8 Sofia Rse Southern River WA 6110","Phone number":"(08) 9490 6426"},{"Postcode":"6110","Name":"Hui Li","Address":"7 Greentree Drv Southern River WA 6110","Phone number":"(08) 9398 5308"},{"Postcode":"6110","Name":"M Li","Address":"93 Chamberlain St Gosnells WA 6110","Phone number":"(08) 9398 3297"},{"Postcode":"6110","Name":"Ng M Li","Address":"236 Harpenden St Southern River WA 6110","Phone number":"(08) 9398 1924"},{"Postcode":"6110","Name":"Y Li","Address":"45 Terence St Gosnells WA 6110","Phone number":"(08) 6594 0482"},{"Postcode":"6110","Name":"Y Li","Address":"22 Nambung St Southern River WA 6110","Phone number":"(08) 6245 1385"},{"Postcode":"6018","Name":"H Li","Address":"21 A King George St Innaloo WA 6018","Phone number":"(08) 9204 4382"},{"Postcode":"6018","Name":"Y Li","Address":"84 A Barnes St Innaloo WA 6018","Phone number":"(08) 9204 2964"},{"Postcode":"6065","Name":"J L Li","Address":"63 Bolton Way Darch WA 6065","Phone number":"(08) 9303 4265"},{"Postcode":"6065","Name":"W Li","Address":"Un 2 253 Gnangara Rd Wangara WA 6065","Phone number":"(08) 9307 6438"},{"Postcode":"6065","Name":"W Li","Address":"Un 2 253 Gnangara Rd Wangara WA 6065","Phone number":"(08) 9302 3422"},{"Postcode":"6065","Name":"X Li","Address":"10 Westbury La Madeley WA 6065","Phone number":"(08) 9409 1919"},{"Postcode":"6065","Name":"Y Li","Address":"18 Gungurru Ave Hocking WA 6065","Phone number":"(08) 9306 2038"},{"Postcode":"6065","Name":"Y Li","Address":"19 Rotterdam Vsta Wanneroo WA 6065","Phone number":"(08) 9206 5644"},{"Postcode":"6164","Name":"G Li","Address":"15 Cressida Pkwy Success WA 6164","Phone number":"(08) 9499 1662"},{"Postcode":"6164","Name":"H Li","Address":"7 Versailles Pkwy Aubin Grove WA 6164","Phone number":"(08) 9499 4430"},{"Postcode":"6164","Name":"S Li","Address":"223 Fraser Rd Jandakot WA 6164","Phone number":"(08) 9414 1848"},{"Postcode":"6164","Name":"W Y Li","Address":"94 Princeton Cct Aubin Grove WA 6164","Phone number":"(08) 6595 3328"},{"Postcode":"6164","Name":"X Li","Address":"15 Astroloma Drv Success WA 6164","Phone number":"(08) 9498 6849"},{"Postcode":"6164","Name":"X Li","Address":"17 Blackford Turn Success WA 6164","Phone number":"(08) 9498 5220"},{"Postcode":"6014","Name":"Mr D Li","Address":"Unit 2 615 Hay St Jolimont WA 6014","Phone number":"(08) 9387 4236"},{"Postcode":"6060","Name":"S Li","Address":"Un 1 172 Wanneroo Rd Yokine WA 6060","Phone number":"(08) 9345 0327"},{"Postcode":"6060","Name":"W K Li","Address":"390 Hector St Yokine WA 6060","Phone number":"(08) 6150 1509"},{"Postcode":"6060","Name":"X Li","Address":"99 Flinders Yokine WA 6060","Phone number":"(04) 2500 1269"},{"Postcode":"6060","Name":"Y W Li","Address":"162 Wanneroo Rd Yokine WA 6060","Phone number":"(04) 2811 1032"},{"Postcode":"6152","Name":"D Li","Address":"6 A Koolunda Crt Karawara WA 6152","Phone number":"(08) 9450 6349"},{"Postcode":"6152","Name":"Hwei Li","Address":"5 Kenneally Cct Salter Point WA 6152","Phone number":"(08) 9313 1538"},{"Postcode":"6152","Name":"Y Li Chong","Address":"1B Howard Pde Salter Point WA 6152","Phone number":"(08) 9313 4780"},{"Postcode":"6163","Name":"J Li","Address":"5 Lullworth Tce North Coogee WA 6163","Phone number":"(08) 6191 1453"},{"Postcode":"6010","Name":"K K Li","Address":"2 The Lodge Mt Claremont WA 6010","Phone number":"(08) 9385 3743"},{"Postcode":"6018","Name":"H Li","Address":"21 A King George St Innaloo WA 6018","Phone number":"(08) 9204 4382"},{"Postcode":"6018","Name":"Y Li","Address":"84 A Barnes St Innaloo WA 6018","Phone number":"(08) 9204 2964"},{"Postcode":"6107","Name":"B Li","Address":"15 Station St Cannington WA 6107","Phone number":"(08) 6150 0677"},{"Postcode":"6107","Name":"C Li","Address":"70 Jubilee St Beckenham WA 6107","Phone number":"(08) 9258 6268"},{"Postcode":"6107","Name":"C Li","Address":"19 Bridge St Wilson WA 6107","Phone number":"(08) 9458 9192"},{"Postcode":"6107","Name":"F Li","Address":"10 Leila St Cannington WA 6107","Phone number":"(08) 9258 3076"},{"Postcode":"6107","Name":"H S Li","Address":"176 Fern Rd Wilson WA 6107","Phone number":"(04) 2177 2510"},{"Postcode":"6107","Name":"J Li","Address":"13 Caporn Turn Queens Park WA 6107","Phone number":"(08) 9258 9251"},{"Postcode":"6107","Name":"L Li","Address":"4 Scarpview Pl East Cannington WA 6107","Phone number":"(08) 9451 5465"},{"Postcode":"6107","Name":"S Li","Address":"20 Glamorgan St East Cannington WA 6107","Phone number":"(08) 9358 1996"},{"Postcode":"6107","Name":"X Li","Address":"1 Karadong St Wattle Grove WA 6107","Phone number":"(08) 9453 6263"},{"Postcode":"6054","Name":"M Li","Address":"13 Palmerston St Bassendean WA 6054","Phone number":"(08) 6150 2092"},{"Postcode":"6005","Name":"L Li","Address":"2 Outram St West Perth WA 6005","Phone number":"(04) 2541 8855"},{"Postcode":"6065","Name":"J L Li","Address":"63 Bolton Way Darch WA 6065","Phone number":"(08) 9303 4265"},{"Postcode":"6065","Name":"W Li","Address":"Un 2 253 Gnangara Rd Wangara WA 6065","Phone number":"(08) 9307 6438"},{"Postcode":"6065","Name":"W Li","Address":"Un 2 253 Gnangara Rd Wangara WA 6065","Phone number":"(08) 9302 3422"},{"Postcode":"6065","Name":"X Li","Address":"10 Westbury La Madeley WA 6065","Phone number":"(08) 9409 1919"},{"Postcode":"6065","Name":"Y Li","Address":"18 Gungurru Ave Hocking WA 6065","Phone number":"(08) 9306 2038"},{"Postcode":"6065","Name":"Y Li","Address":"19 Rotterdam Vsta Wanneroo WA 6065","Phone number":"(08) 9206 5644"},{"Postcode":"6064","Name":"N Z Li","Address":"125 Highclere Blv Marangaroo WA 6064","Phone number":"(08) 9343 3834"},{"Postcode":"6210","Name":"Z Li","Address":"14 Golden Gr Coodanup WA 6210","Phone number":"(08) 9535 8339"},{"Postcode":"6065","Name":"J L Li","Address":"63 Bolton Way Darch WA 6065","Phone number":"(08) 9303 4265"},{"Postcode":"6065","Name":"W Li","Address":"Un 2 253 Gnangara Rd Wangara WA 6065","Phone number":"(08) 9307 6438"},{"Postcode":"6065","Name":"W Li","Address":"Un 2 253 Gnangara Rd Wangara WA 6065","Phone number":"(08) 9302 3422"},{"Postcode":"6065","Name":"X Li","Address":"10 Westbury La Madeley WA 6065","Phone number":"(08) 9409 1919"},{"Postcode":"6065","Name":"Y Li","Address":"18 Gungurru Ave Hocking WA 6065","Phone number":"(08) 9306 2038"},{"Postcode":"6065","Name":"Y Li","Address":"19 Rotterdam Vsta Wanneroo WA 6065","Phone number":"(08) 9206 5644"},{"Postcode":"6147","Name":"C Li","Address":"11 Barbados Link Langford WA 6147","Phone number":"(08) 9358 3230"},{"Postcode":"6147","Name":"M Li","Address":"37 Gibson St Langford WA 6147","Phone number":"(08) 9458 9790"},{"Postcode":"6147","Name":"Xiaomeng Li","Address":"15 Chipla Way Parkwood WA 6147","Phone number":"(08) 9259 5436"},{"Postcode":"6100","Name":"J Li","Address":"Un 707 96 Bow River Crs Burswood WA 6100","Phone number":"(08) 9472 3532"},{"Postcode":"6170","Name":"W L Li","Address":"14 Hurn Rise Wellard WA 6170","Phone number":"(08) 9439 1323"},{"Postcode":"6149","Name":"Y Li","Address":"16 Hurley Way Bull Creek WA 6149","Phone number":"(08) 9332 9905"},{"Postcode":"6065","Name":"J L Li","Address":"63 Bolton Way Darch WA 6065","Phone number":"(08) 9303 4265"},{"Postcode":"6065","Name":"W Li","Address":"Un 2 253 Gnangara Rd Wangara WA 6065","Phone number":"(08) 9307 6438"},{"Postcode":"6065","Name":"W Li","Address":"Un 2 253 Gnangara Rd Wangara WA 6065","Phone number":"(08) 9302 3422"},{"Postcode":"6065","Name":"X Li","Address":"10 Westbury La Madeley WA 6065","Phone number":"(08) 9409 1919"},{"Postcode":"6065","Name":"Y Li","Address":"18 Gungurru Ave Hocking WA 6065","Phone number":"(08) 9306 2038"},{"Postcode":"6065","Name":"Y Li","Address":"19 Rotterdam Vsta Wanneroo WA 6065","Phone number":"(08) 9206 5644"},{"Postcode":"6054","Name":"M Li","Address":"13 Palmerston St Bassendean WA 6054","Phone number":"(08) 6150 2092"},{"Postcode":"6147","Name":"C Li","Address":"11 Barbados Link Langford WA 6147","Phone number":"(08) 9358 3230"},{"Postcode":"6147","Name":"M Li","Address":"37 Gibson St Langford WA 6147","Phone number":"(08) 9458 9790"},{"Postcode":"6147","Name":"Xiaomeng Li","Address":"15 Chipla Way Parkwood WA 6147","Phone number":"(08) 9259 5436"},{"Postcode":"6065","Name":"J L Li","Address":"63 Bolton Way Darch WA 6065","Phone number":"(08) 9303 4265"},{"Postcode":"6065","Name":"W Li","Address":"Un 2 253 Gnangara Rd Wangara WA 6065","Phone number":"(08) 9307 6438"},{"Postcode":"6065","Name":"W Li","Address":"Un 2 253 Gnangara Rd Wangara WA 6065","Phone number":"(08) 9302 3422"},{"Postcode":"6065","Name":"X Li","Address":"10 Westbury La Madeley WA 6065","Phone number":"(08) 9409 1919"},{"Postcode":"6065","Name":"Y Li","Address":"18 Gungurru Ave Hocking WA 6065","Phone number":"(08) 9306 2038"},{"Postcode":"6065","Name":"Y Li","Address":"19 Rotterdam Vsta Wanneroo WA 6065","Phone number":"(08) 9206 5644"},{"Postcode":"6210","Name":"Z Li","Address":"14 Golden Gr Coodanup WA 6210","Phone number":"(08) 9535 8339"},{"Postcode":"6057","Name":"K Li","Address":"U 3 492 Kalamunda Rd High Wycombe WA 6057","Phone number":"(08) 9454 3919"},{"Postcode":"6210","Name":"Z Li","Address":"14 Golden Gr Coodanup WA 6210","Phone number":"(08) 9535 8339"},{"Postcode":"6210","Name":"Z Li","Address":"14 Golden Gr Coodanup WA 6210","Phone number":"(08) 9535 8339"},{"Postcode":"6210","Name":"Z Li","Address":"14 Golden Gr Coodanup WA 6210","Phone number":"(08) 9535 8339"},{"Postcode":"6152","Name":"D Li","Address":"6 A Koolunda Crt Karawara WA 6152","Phone number":"(08) 9450 6349"},{"Postcode":"6152","Name":"Hwei Li","Address":"5 Kenneally Cct Salter Point WA 6152","Phone number":"(08) 9313 1538"},{"Postcode":"6152","Name":"Y Li Chong","Address":"1B Howard Pde Salter Point WA 6152","Phone number":"(08) 9313 4780"},{"Postcode":"6064","Name":"N Z Li","Address":"125 Highclere Blv Marangaroo WA 6064","Phone number":"(08) 9343 3834"},{"Postcode":"6065","Name":"J L Li","Address":"63 Bolton Way Darch WA 6065","Phone number":"(08) 9303 4265"},{"Postcode":"6065","Name":"W Li","Address":"Un 2 253 Gnangara Rd Wangara WA 6065","Phone number":"(08) 9307 6438"},{"Postcode":"6065","Name":"W Li","Address":"Un 2 253 Gnangara Rd Wangara WA 6065","Phone number":"(08) 9302 3422"},{"Postcode":"6065","Name":"X Li","Address":"10 Westbury La Madeley WA 6065","Phone number":"(08) 9409 1919"},{"Postcode":"6065","Name":"Y Li","Address":"18 Gungurru Ave Hocking WA 6065","Phone number":"(08) 9306 2038"},{"Postcode":"6065","Name":"Y Li","Address":"19 Rotterdam Vsta Wanneroo WA 6065","Phone number":"(08) 9206 5644"},{"Postcode":"6110","Name":"C Li","Address":"25 Bletchley Pkwy Southern River WA 6110","Phone number":"(08) 9398 3012"},{"Postcode":"6110","Name":"H Li","Address":"8 Sofia Rse Southern River WA 6110","Phone number":"(08) 9490 6426"},{"Postcode":"6110","Name":"Hui Li","Address":"7 Greentree Drv Southern River WA 6110","Phone number":"(08) 9398 5308"},{"Postcode":"6110","Name":"M Li","Address":"93 Chamberlain St Gosnells WA 6110","Phone number":"(08) 9398 3297"},{"Postcode":"6110","Name":"Ng M Li","Address":"236 Harpenden St Southern River WA 6110","Phone number":"(08) 9398 1924"},{"Postcode":"6110","Name":"Y Li","Address":"45 Terence St Gosnells WA 6110","Phone number":"(08) 6594 0482"},{"Postcode":"6110","Name":"Y Li","Address":"22 Nambung St Southern River WA 6110","Phone number":"(08) 6245 1385"},{"Postcode":"6210","Name":"Z Li","Address":"14 Golden Gr Coodanup WA 6210","Phone number":"(08) 9535 8339"},{"Postcode":"6065","Name":"J L Li","Address":"63 Bolton Way Darch WA 6065","Phone number":"(08) 9303 4265"},{"Postcode":"6065","Name":"W Li","Address":"Un 2 253 Gnangara Rd Wangara WA 6065","Phone number":"(08) 9307 6438"},{"Postcode":"6065","Name":"W Li","Address":"Un 2 253 Gnangara Rd Wangara WA 6065","Phone number":"(08) 9302 3422"},{"Postcode":"6065","Name":"X Li","Address":"10 Westbury La Madeley WA 6065","Phone number":"(08) 9409 1919"},{"Postcode":"6065","Name":"Y Li","Address":"18 Gungurru Ave Hocking WA 6065","Phone number":"(08) 9306 2038"},{"Postcode":"6065","Name":"Y Li","Address":"19 Rotterdam Vsta Wanneroo WA 6065","Phone number":"(08) 9206 5644"},{"Postcode":"6050","Name":"Q Li","Address":"Unit 1 1 Fourth Ave Mt Lawley WA 6050","Phone number":"(08) 9371 9514"},{"Postcode":"6030","Name":"K Li","Address":"7 Glebe Cl Mindarie WA 6030","Phone number":"(08) 9407 8198"},{"Postcode":"6030","Name":"Y Li","Address":"72 Cherokee Grn Clarkson WA 6030","Phone number":"(08) 9408 5341"},{"Postcode":"6030","Name":"Mr Z Li","Address":"80 Aldersea Crcle Clarkson WA 6030","Phone number":"(08) 9305 2051"},{"Postcode":"6030","Name":"K Li","Address":"7 Glebe Cl Mindarie WA 6030","Phone number":"(08) 9407 8198"},{"Postcode":"6030","Name":"Y Li","Address":"72 Cherokee Grn Clarkson WA 6030","Phone number":"(08) 9408 5341"},{"Postcode":"6030","Name":"Mr Z Li","Address":"80 Aldersea Crcle Clarkson WA 6030","Phone number":"(08) 9305 2051"},{"Postcode":"6061","Name":"C Li","Address":"Un 7 71 Chesterfield Rd Mirrabooka WA 6061","Phone number":"(08) 9349 8683"},{"Postcode":"6061","Name":"J Li","Address":"18 A Dallington Crs Balga WA 6061","Phone number":"(08) 9349 9088"},{"Postcode":"6061","Name":"S Li","Address":"5 B Oakney Ave Nollamara WA 6061","Phone number":"(08) 9345 4073"},{"Postcode":"6061","Name":"W Li","Address":"27 Harris Way Westminster WA 6061","Phone number":"(08) 9349 1263"},{"Postcode":"6061","Name":"X Li","Address":"31 A Maroog Way Nollamara WA 6061","Phone number":"(08) 9440 3609"},{"Postcode":"6061","Name":"Y Li","Address":"84 Finchley Crs Balga WA 6061","Phone number":"(08) 6150 1120"},{"Postcode":"6062","Name":"A Li","Address":"30 Croesus St Morley WA 6062","Phone number":"(08) 9279 3245"},{"Postcode":"6062","Name":"B Li","Address":"11   B Tillingdon Way Morley WA 6062","Phone number":"(08) 9376 1758"},{"Postcode":"6062","Name":"F Li","Address":"18 Casuarina Way Morley WA 6062","Phone number":"(08) 9279 7263"},{"Postcode":"6062","Name":"Lisa W Li","Address":"U 3 5 Boag Rd Morley WA 6062","Phone number":"(08) 9275 6245"},{"Postcode":"6062","Name":"X Li","Address":"COVENTRY VILLAGE SHOP 3B 243 Walter Rd Morley WA 6062","Phone number":"(08) 9275 8232"},{"Postcode":"6062","Name":"Y Li","Address":"28   a Chaffers St Morley WA 6062","Phone number":"(08) 6244 8978"},{"Postcode":"6062","Name":"L Li Poon","Address":"14 Peters Pl Morley WA 6062","Phone number":"(08) 9275 0256"},{"Postcode":"6012","Name":"L Li","Address":"24 Vlamingh Pde Mosman Park WA 6012","Phone number":"(08) 9384 9728"},{"Postcode":"6010","Name":"K K Li","Address":"2 The Lodge Mt Claremont WA 6010","Phone number":"(08) 9385 3743"},{"Postcode":"6016","Name":"Y Li","Address":"292 Harborne St Glendalough WA 6016","Phone number":"(08) 6150 0239"},{"Postcode":"6050","Name":"Q Li","Address":"Unit 1 1 Fourth Ave Mt Lawley WA 6050","Phone number":"(08) 9371 9514"},{"Postcode":"6112","Name":"G Li","Address":"8 Ochre St Hilbert WA 6112","Phone number":"(08) 9498 0995"},{"Postcode":"6112","Name":"L X Li","Address":"64 Harrisdale Drv Harrisdale WA 6112","Phone number":"(08) 9397 0737"},{"Postcode":"6112","Name":"Q Li","Address":"85 Southampton Dr Piara Waters WA 6112","Phone number":"(08) 9393 3568"},{"Postcode":"6112","Name":"Q B Li","Address":"11 Burbidge Link Piara Waters WA 6112","Phone number":"(08) 9397 1333"},{"Postcode":"6112","Name":"R Li","Address":"120 Mason Rd Piara Waters WA 6112","Phone number":"(08) 9397 2821"},{"Postcode":"6112","Name":"Y Li","Address":"7 Olinda St Harrisdale WA 6112","Phone number":"(08) 9393 4351"},{"Postcode":"6112","Name":"Y Li","Address":"38 Pleasant Ave Piara Waters WA 6112","Phone number":"(08) 9393 3963"},{"Postcode":"6153","Name":"S Li","Address":"Un 2 154 Bateman Rd Mt Pleasant WA 6153","Phone number":"(08) 9364 8440"},{"Postcode":"6112","Name":"G Li","Address":"8 Ochre St Hilbert WA 6112","Phone number":"(08) 9498 0995"},{"Postcode":"6112","Name":"L X Li","Address":"64 Harrisdale Drv Harrisdale WA 6112","Phone number":"(08) 9397 0737"},{"Postcode":"6112","Name":"Q Li","Address":"85 Southampton Dr Piara Waters WA 6112","Phone number":"(08) 9393 3568"},{"Postcode":"6112","Name":"Q B Li","Address":"11 Burbidge Link Piara Waters WA 6112","Phone number":"(08) 9397 1333"},{"Postcode":"6112","Name":"R Li","Address":"120 Mason Rd Piara Waters WA 6112","Phone number":"(08) 9397 2821"},{"Postcode":"6112","Name":"Y Li","Address":"7 Olinda St Harrisdale WA 6112","Phone number":"(08) 9393 4351"},{"Postcode":"6112","Name":"Y Li","Address":"38 Pleasant Ave Piara Waters WA 6112","Phone number":"(08) 9393 3963"},{"Postcode":"6150","Name":"D Li","Address":"1 Coombs Pl Bateman WA 6150","Phone number":"(08) 9310 1557"},{"Postcode":"6150","Name":"Y Li","Address":"49 Northmore Crs Winthrop WA 6150","Phone number":"(08) 9332 3383"},{"Postcode":"6150","Name":"Z Li","Address":"1 Waltham Crt Bateman WA 6150","Phone number":"(08) 9310 3678"},{"Postcode":"6009","Name":"W Li","Address":"U 12 48 Broadway Crawley WA 6009","Phone number":"(08) 6389 2065"},{"Postcode":"6031","Name":"Mrs J Li","Address":"18 Alandale Bend Banksia Grove WA 6031","Phone number":"(08) 9306 8880"},{"Postcode":"6061","Name":"C Li","Address":"Un 7 71 Chesterfield Rd Mirrabooka WA 6061","Phone number":"(08) 9349 8683"},{"Postcode":"6061","Name":"J Li","Address":"18 A Dallington Crs Balga WA 6061","Phone number":"(08) 9349 9088"},{"Postcode":"6061","Name":"S Li","Address":"5 B Oakney Ave Nollamara WA 6061","Phone number":"(08) 9345 4073"},{"Postcode":"6061","Name":"W Li","Address":"27 Harris Way Westminster WA 6061","Phone number":"(08) 9349 1263"},{"Postcode":"6061","Name":"X Li","Address":"31 A Maroog Way Nollamara WA 6061","Phone number":"(08) 9440 3609"},{"Postcode":"6061","Name":"Y Li","Address":"84 Finchley Crs Balga WA 6061","Phone number":"(08) 6150 1120"},{"Postcode":"6062","Name":"A Li","Address":"30 Croesus St Morley WA 6062","Phone number":"(08) 9279 3245"},{"Postcode":"6062","Name":"B Li","Address":"11   B Tillingdon Way Morley WA 6062","Phone number":"(08) 9376 1758"},{"Postcode":"6062","Name":"F Li","Address":"18 Casuarina Way Morley WA 6062","Phone number":"(08) 9279 7263"},{"Postcode":"6062","Name":"Lisa W Li","Address":"U 3 5 Boag Rd Morley WA 6062","Phone number":"(08) 9275 6245"},{"Postcode":"6062","Name":"X Li","Address":"COVENTRY VILLAGE SHOP 3B 243 Walter Rd Morley WA 6062","Phone number":"(08) 9275 8232"},{"Postcode":"6062","Name":"Y Li","Address":"28   a Chaffers St Morley WA 6062","Phone number":"(08) 6244 8978"},{"Postcode":"6062","Name":"L Li Poon","Address":"14 Peters Pl Morley WA 6062","Phone number":"(08) 9275 0256"},{"Postcode":"6163","Name":"J Li","Address":"5 Lullworth Tce North Coogee WA 6163","Phone number":"(08) 6191 1453"},{"Postcode":"6003","Name":"T Li","Address":"324 Stirling St Highgate WA 6003","Phone number":"(04) 3312 0308"},{"Postcode":"6163","Name":"J Li","Address":"5 Lullworth Tce North Coogee WA 6163","Phone number":"(08) 6191 1453"},{"Postcode":"6210","Name":"Z Li","Address":"14 Golden Gr Coodanup WA 6210","Phone number":"(08) 9535 8339"},{"Postcode":"6147","Name":"C Li","Address":"11 Barbados Link Langford WA 6147","Phone number":"(08) 9358 3230"},{"Postcode":"6147","Name":"M Li","Address":"37 Gibson St Langford WA 6147","Phone number":"(08) 9458 9790"},{"Postcode":"6147","Name":"Xiaomeng Li","Address":"15 Chipla Way Parkwood WA 6147","Phone number":"(08) 9259 5436"},{"Postcode":"6065","Name":"J L Li","Address":"63 Bolton Way Darch WA 6065","Phone number":"(08) 9303 4265"},{"Postcode":"6065","Name":"W Li","Address":"Un 2 253 Gnangara Rd Wangara WA 6065","Phone number":"(08) 9307 6438"},{"Postcode":"6065","Name":"W Li","Address":"Un 2 253 Gnangara Rd Wangara WA 6065","Phone number":"(08) 9302 3422"},{"Postcode":"6065","Name":"X Li","Address":"10 Westbury La Madeley WA 6065","Phone number":"(08) 9409 1919"},{"Postcode":"6065","Name":"Y Li","Address":"18 Gungurru Ave Hocking WA 6065","Phone number":"(08) 9306 2038"},{"Postcode":"6065","Name":"Y Li","Address":"19 Rotterdam Vsta Wanneroo WA 6065","Phone number":"(08) 9206 5644"},{"Postcode":"6000","Name":"G Li","Address":"33 Knebworth Ave Perth WA 6000","Phone number":"(08) 9227 0450"},{"Postcode":"6000","Name":"M Li","Address":"Shp 1 369 William St Perth WA 6000","Phone number":"(08) 9228 4238"},{"Postcode":"6065","Name":"J L Li","Address":"63 Bolton Way Darch WA 6065","Phone number":"(08) 9303 4265"},{"Postcode":"6065","Name":"W Li","Address":"Un 2 253 Gnangara Rd Wangara WA 6065","Phone number":"(08) 9307 6438"},{"Postcode":"6065","Name":"W Li","Address":"Un 2 253 Gnangara Rd Wangara WA 6065","Phone number":"(08) 9302 3422"},{"Postcode":"6065","Name":"X Li","Address":"10 Westbury La Madeley WA 6065","Phone number":"(08) 9409 1919"},{"Postcode":"6065","Name":"Y Li","Address":"18 Gungurru Ave Hocking WA 6065","Phone number":"(08) 9306 2038"},{"Postcode":"6065","Name":"Y Li","Address":"19 Rotterdam Vsta Wanneroo WA 6065","Phone number":"(08) 9206 5644"},{"Postcode":"6107","Name":"B Li","Address":"15 Station St Cannington WA 6107","Phone number":"(08) 6150 0677"},{"Postcode":"6107","Name":"C Li","Address":"70 Jubilee St Beckenham WA 6107","Phone number":"(08) 9258 6268"},{"Postcode":"6107","Name":"C Li","Address":"19 Bridge St Wilson WA 6107","Phone number":"(08) 9458 9192"},{"Postcode":"6107","Name":"F Li","Address":"10 Leila St Cannington WA 6107","Phone number":"(08) 9258 3076"},{"Postcode":"6107","Name":"H S Li","Address":"176 Fern Rd Wilson WA 6107","Phone number":"(04) 2177 2510"},{"Postcode":"6107","Name":"J Li","Address":"13 Caporn Turn Queens Park WA 6107","Phone number":"(08) 9258 9251"},{"Postcode":"6107","Name":"L Li","Address":"4 Scarpview Pl East Cannington WA 6107","Phone number":"(08) 9451 5465"},{"Postcode":"6107","Name":"S Li","Address":"20 Glamorgan St East Cannington WA 6107","Phone number":"(08) 9358 1996"},{"Postcode":"6107","Name":"X Li","Address":"1 Karadong St Wattle Grove WA 6107","Phone number":"(08) 9453 6263"},{"Postcode":"6030","Name":"K Li","Address":"7 Glebe Cl Mindarie WA 6030","Phone number":"(08) 9407 8198"},{"Postcode":"6030","Name":"Y Li","Address":"72 Cherokee Grn Clarkson WA 6030","Phone number":"(08) 9408 5341"},{"Postcode":"6030","Name":"Mr Z Li","Address":"80 Aldersea Crcle Clarkson WA 6030","Phone number":"(08) 9305 2051"},{"Postcode":"6104","Name":"Y Li","Address":"175A Leake St Belmont WA 6104","Phone number":"(08) 9277 6085"},{"Postcode":"6030","Name":"K Li","Address":"7 Glebe Cl Mindarie WA 6030","Phone number":"(08) 9407 8198"},{"Postcode":"6030","Name":"Y Li","Address":"72 Cherokee Grn Clarkson WA 6030","Phone number":"(08) 9408 5341"},{"Postcode":"6030","Name":"Mr Z Li","Address":"80 Aldersea Crcle Clarkson WA 6030","Phone number":"(08) 9305 2051"},{"Postcode":"6148","Name":"Y Li","Address":"35 B Vahland Ave Riverton WA 6148","Phone number":"(08) 9259 4618"}]