[{"Postcode":"6064","Name":"L Nelson","Address":"20b Pointer Way Girrawheen WA 6064","Phone number":"(04) 2163 5787"},{"Postcode":"6064","Name":"M Nelson","Address":"10 Trafalgar Gdns Marangaroo WA 6064","Phone number":"(08) 9342 6396"},{"Postcode":"6064","Name":"P Nelson","Address":"439 Marangaroo Dr Alexander Heights WA 6064","Phone number":"(04) 1894 9943"},{"Postcode":"6064","Name":"Mr W & M Nelson","Address":"7 Diploma Rise Marangaroo WA 6064","Phone number":"(08) 9247 3008"},{"Postcode":"6154","Name":"B Nelson","Address":"46 Doney St Alfred Cove WA 6154","Phone number":"(08) 9330 4494"},{"Postcode":"6154","Name":"Mrs L Nelson","Address":"1 A Bolas Crt Myaree WA 6154","Phone number":"(08) 9330 4809"},{"Postcode":"6167","Name":"B Nelson","Address":"14 Devitt Gr Parmelia WA 6167","Phone number":"(08) 9439 1826"},{"Postcode":"6167","Name":"M Nelson","Address":"7 Munday Way Medina WA 6167","Phone number":"(08) 9419 5338"},{"Postcode":"6112","Name":"G Nelson","Address":"799 Armadale Rd Forrestdale WA 6112","Phone number":"(04) 0021 8386"},{"Postcode":"6112","Name":"T Nelson","Address":"63 Eighth Rd Armadale WA 6112","Phone number":"(08) 9399 8812"},{"Postcode":"6065","Name":"L Nelson","Address":"18 Apsley Bnd Tapping WA 6065","Phone number":"(08) 9404 8843"},{"Postcode":"6065","Name":"L D Nelson","Address":"3 Backshall Pl Wanneroo WA 6065","Phone number":"(08) 9405 4335"},{"Postcode":"6054","Name":"R Nelson","Address":"35 Bradshaw St Eden Hill WA 6054","Phone number":"(08) 9377 0428"},{"Postcode":"6156","Name":"A Nelson","Address":"29 Perkins Rd Melville WA 6156","Phone number":"(08) 9330 4913"},{"Postcode":"6156","Name":"J A Nelson","Address":"1 Dunford St Willagee WA 6156","Phone number":"(08) 9331 6075"},{"Postcode":"6171","Name":"C Nelson","Address":"49 Chandler Rmbl Baldivis WA 6171","Phone number":"(04) 1790 0512"},{"Postcode":"6171","Name":"Ms J & K Nelson","Address":"8 Nundle Rd Baldivis WA 6171","Phone number":"(08) 9523 6186"},{"Postcode":"6066","Name":"T Nelson","Address":"8 Cormorant Gardns Ballajura WA 6066","Phone number":"(08) 9249 5180"},{"Postcode":"6164","Name":"B L Nelson","Address":"8 Tufts La Aubin Grove WA 6164","Phone number":"(08) 9498 7232"},{"Postcode":"6164","Name":"L Nelson","Address":"Un 10 79 Lydon Blv Atwell WA 6164","Phone number":"(08) 6498 9333"},{"Postcode":"6210","Name":"A Nelson","Address":"9 Armstrong St Halls Head WA 6210","Phone number":"(08) 9535 2809"},{"Postcode":"6210","Name":"R Nelson","Address":"2 Otago Pass Meadow Springs WA 6210","Phone number":"(08) 9584 2377"},{"Postcode":"6210","Name":"S Nelson","Address":"39 Wanjeep St Coodanup WA 6210","Phone number":"(04) 2834 0188"},{"Postcode":"6210","Name":"S Nelson","Address":"39 Wanjeep St Coodanup WA 6210","Phone number":"(08) 9584 8237"},{"Postcode":"6210","Name":"V Nelson","Address":"24 Chatsworth Dr Erskine WA 6210","Phone number":"(08) 9534 9256"},{"Postcode":"6056","Name":"G Nelson","Address":"11 Brilliant Rise Stratton WA 6056","Phone number":"(08) 9274 1089"},{"Postcode":"6056","Name":"G Nelson","Address":"11 Brilliant Rse Stratton WA 6056","Phone number":"(08) 9250 4213"},{"Postcode":"6054","Name":"R Nelson","Address":"35 Bradshaw St Eden Hill WA 6054","Phone number":"(08) 9377 0428"},{"Postcode":"6162","Name":"L R Nelson","Address":"25 Cockburn Rd South Fremantle WA 6162","Phone number":"(08) 9336 5833"},{"Postcode":"6162","Name":"M & K Nelson","Address":"19 A Curedale St Beaconsfield WA 6162","Phone number":"(08) 9335 5605"},{"Postcode":"6162","Name":"S R & L J Nelson","Address":"35 A Watkins St White Gum Valley WA 6162","Phone number":"(08) 9336 1446"},{"Postcode":"6162","Name":"Reuben Hayden-Nelson","Address":"141 South St Beaconsfield WA 6162","Phone number":"(08) 9433 3818"},{"Postcode":"6107","Name":"A Nelson","Address":"17 Silvereye Cl East Cannington WA 6107","Phone number":"(08) 9258 3418"},{"Postcode":"6107","Name":"I Nelson","Address":"119 Fern Rd Wilson WA 6107","Phone number":"(08) 9358 2121"},{"Postcode":"6107","Name":"I Nelson","Address":"119 Fern Rd Wilson WA 6107","Phone number":"(08) 9358 2121"},{"Postcode":"6052","Name":"M G Nelson","Address":"130 Tenth Av Inglewood WA 6052","Phone number":"(04) 0004 1261"},{"Postcode":"6112","Name":"G Nelson","Address":"799 Armadale Rd Forrestdale WA 6112","Phone number":"(04) 0021 8386"},{"Postcode":"6112","Name":"T Nelson","Address":"63 Eighth Rd Armadale WA 6112","Phone number":"(08) 9399 8812"},{"Postcode":"6164","Name":"B L Nelson","Address":"8 Tufts La Aubin Grove WA 6164","Phone number":"(08) 9498 7232"},{"Postcode":"6164","Name":"L Nelson","Address":"Un 10 79 Lydon Blv Atwell WA 6164","Phone number":"(08) 6498 9333"},{"Postcode":"6027","Name":"W Nelson","Address":"20 Jasper Way Edgewater WA 6027","Phone number":"(08) 9405 3146"},{"Postcode":"6069","Name":"A Nelson","Address":"7 Delapre Drv The Vines WA 6069","Phone number":"(08) 9297 1361"},{"Postcode":"6069","Name":"D & J A Nelson","Address":"9 Trapani La Ellenbrook WA 6069","Phone number":"(08) 6296 7720"},{"Postcode":"6056","Name":"G Nelson","Address":"11 Brilliant Rise Stratton WA 6056","Phone number":"(08) 9274 1089"},{"Postcode":"6056","Name":"G Nelson","Address":"11 Brilliant Rse Stratton WA 6056","Phone number":"(08) 9250 4213"},{"Postcode":"6167","Name":"B Nelson","Address":"14 Devitt Gr Parmelia WA 6167","Phone number":"(08) 9439 1826"},{"Postcode":"6167","Name":"M Nelson","Address":"7 Munday Way Medina WA 6167","Phone number":"(08) 9419 5338"},{"Postcode":"6163","Name":"B F Nelson","Address":"32 Birbeck Way Spearwood WA 6163","Phone number":"(08) 9434 4992"},{"Postcode":"6163","Name":"J Nelson","Address":"8 Schofield St Hamilton Hill WA 6163","Phone number":"(08) 9337 3358"},{"Postcode":"6163","Name":"M A & N S Nelson","Address":"6 Hotspur Rd Spearwood WA 6163","Phone number":"(04) 1595 4365"},{"Postcode":"6076","Name":"J Nelson","Address":"43 Nelson Crs Lesmurdie WA 6076","Phone number":"(08) 9291 3257"},{"Postcode":"6076","Name":"M G & G M Nelson","Address":"16 The Lane Gooseberry Hill WA 6076","Phone number":"(08) 9293 2223"},{"Postcode":"6208","Name":"D J Nelson","Address":"23 Thomasfield Pl Ravenswood WA 6208","Phone number":"(08) 9537 8599"},{"Postcode":"6208","Name":"D J Nelson","Address":"5 Allambi Way South Yunderup WA 6208","Phone number":"(08) 9537 7532"},{"Postcode":"6208","Name":"J Nelson","Address":"16 Jacks Pl North Pinjarra WA 6208","Phone number":"(04) 3951 0572"},{"Postcode":"6208","Name":"R N & B Nelson","Address":"4 Warr St Pinjarra WA 6208","Phone number":"(08) 9531 1068"},{"Postcode":"6154","Name":"B Nelson","Address":"46 Doney St Alfred Cove WA 6154","Phone number":"(08) 9330 4494"},{"Postcode":"6154","Name":"Mrs L Nelson","Address":"1 A Bolas Crt Myaree WA 6154","Phone number":"(08) 9330 4809"},{"Postcode":"6210","Name":"A Nelson","Address":"9 Armstrong St Halls Head WA 6210","Phone number":"(08) 9535 2809"},{"Postcode":"6210","Name":"R Nelson","Address":"2 Otago Pass Meadow Springs WA 6210","Phone number":"(08) 9584 2377"},{"Postcode":"6210","Name":"S Nelson","Address":"39 Wanjeep St Coodanup WA 6210","Phone number":"(04) 2834 0188"},{"Postcode":"6210","Name":"S Nelson","Address":"39 Wanjeep St Coodanup WA 6210","Phone number":"(08) 9584 8237"},{"Postcode":"6210","Name":"V Nelson","Address":"24 Chatsworth Dr Erskine WA 6210","Phone number":"(08) 9534 9256"},{"Postcode":"6056","Name":"G Nelson","Address":"11 Brilliant Rise Stratton WA 6056","Phone number":"(08) 9274 1089"},{"Postcode":"6056","Name":"G Nelson","Address":"11 Brilliant Rse Stratton WA 6056","Phone number":"(08) 9250 4213"},{"Postcode":"6069","Name":"A Nelson","Address":"7 Delapre Drv The Vines WA 6069","Phone number":"(08) 9297 1361"},{"Postcode":"6069","Name":"D & J A Nelson","Address":"9 Trapani La Ellenbrook WA 6069","Phone number":"(08) 6296 7720"},{"Postcode":"6112","Name":"G Nelson","Address":"799 Armadale Rd Forrestdale WA 6112","Phone number":"(04) 0021 8386"},{"Postcode":"6112","Name":"T Nelson","Address":"63 Eighth Rd Armadale WA 6112","Phone number":"(08) 9399 8812"},{"Postcode":"6084","Name":"R Nelson","Address":"692 Chittering Rd Bullsbrook WA 6084","Phone number":"(08) 9571 2764"},{"Postcode":"6230","Name":"Nelson","Address":"6 Clewlow Crt Withers WA 6230","Phone number":"(08) 9795 3352"},{"Postcode":"6230","Name":"L Nelson","Address":"3 Cousins Av Usher WA 6230","Phone number":"(04) 0035 9624"},{"Postcode":"6230","Name":"L Nelson","Address":"3 Cousins Ave Usher WA 6230","Phone number":"(08) 9795 1328"},{"Postcode":"6028","Name":"A Nelson","Address":"17 Kianga Crs Burns Beach WA 6028","Phone number":"(08) 9304 9402"},{"Postcode":"6028","Name":"S Nelson","Address":"6 Fontelina Pde Iluka WA 6028","Phone number":"(08) 9304 2359"},{"Postcode":"6100","Name":"Mrs K Nelson","Address":"19 Goddard St Lathlain WA 6100","Phone number":"(08) 9362 3308"},{"Postcode":"6100","Name":"K Nelson","Address":"67 Streatley Rd Lathlain WA 6100","Phone number":"(08) 9355 0912"},{"Postcode":"6100","Name":"R A Nelson","Address":"G BLG 1 U 2 45 Mccallum Lane Victoria Park WA 6100","Phone number":"(04) 0911 7348"},{"Postcode":"6036","Name":"E Nelson","Address":"2 Finglas Mndr Butler WA 6036","Phone number":"(08) 9562 4132"},{"Postcode":"6036","Name":"N Nelson","Address":"2 A Crolly La Butler WA 6036","Phone number":"(08) 9562 5435"},{"Postcode":"6122","Name":"K M Nelson","Address":"35 Bernborough Way Darling Downs WA 6122","Phone number":"(08) 9399 6590"},{"Postcode":"6167","Name":"B Nelson","Address":"14 Devitt Gr Parmelia WA 6167","Phone number":"(08) 9439 1826"},{"Postcode":"6167","Name":"M Nelson","Address":"7 Munday Way Medina WA 6167","Phone number":"(08) 9419 5338"},{"Postcode":"6111","Name":"P & C M Nelson","Address":"2 Ainsley Crt Camillo WA 6111","Phone number":"(08) 9390 7973"},{"Postcode":"6111","Name":"S & S Nelson","Address":"32 Taronga Drv Kelmscott WA 6111","Phone number":"(08) 9390 1108"},{"Postcode":"6111","Name":"S A F Nelson","Address":"32 Taronga Dr Kelmscott WA 6111","Phone number":"(04) 2891 2457"},{"Postcode":"6155","Name":"C Nelson","Address":"17 Arreton Cl Willetton WA 6155","Phone number":"(08) 9457 1725"},{"Postcode":"6155","Name":"C Nelson","Address":"17 Arreton Cl Willetton WA 6155","Phone number":"(08) 9457 1725"},{"Postcode":"6107","Name":"A Nelson","Address":"17 Silvereye Cl East Cannington WA 6107","Phone number":"(08) 9258 3418"},{"Postcode":"6107","Name":"I Nelson","Address":"119 Fern Rd Wilson WA 6107","Phone number":"(08) 9358 2121"},{"Postcode":"6107","Name":"I Nelson","Address":"119 Fern Rd Wilson WA 6107","Phone number":"(08) 9358 2121"},{"Postcode":"6122","Name":"K M Nelson","Address":"35 Bernborough Way Darling Downs WA 6122","Phone number":"(08) 9399 6590"},{"Postcode":"6230","Name":"Nelson","Address":"6 Clewlow Crt Withers WA 6230","Phone number":"(08) 9795 3352"},{"Postcode":"6230","Name":"L Nelson","Address":"3 Cousins Av Usher WA 6230","Phone number":"(04) 0035 9624"},{"Postcode":"6230","Name":"L Nelson","Address":"3 Cousins Ave Usher WA 6230","Phone number":"(08) 9795 1328"},{"Postcode":"6101","Name":"C G Nelson","Address":"13 Cadden St East Victoria Park WA 6101","Phone number":"(04) 3778 8337"},{"Postcode":"6076","Name":"J Nelson","Address":"43 Nelson Crs Lesmurdie WA 6076","Phone number":"(08) 9291 3257"},{"Postcode":"6076","Name":"M G & G M Nelson","Address":"16 The Lane Gooseberry Hill WA 6076","Phone number":"(08) 9293 2223"},{"Postcode":"6167","Name":"B Nelson","Address":"14 Devitt Gr Parmelia WA 6167","Phone number":"(08) 9439 1826"},{"Postcode":"6167","Name":"M Nelson","Address":"7 Munday Way Medina WA 6167","Phone number":"(08) 9419 5338"},{"Postcode":"6055","Name":"F & K Nelson","Address":"50 Kidman Ave South Guildford WA 6055","Phone number":"(08) 9279 5561"},{"Postcode":"6111","Name":"P & C M Nelson","Address":"2 Ainsley Crt Camillo WA 6111","Phone number":"(08) 9390 7973"},{"Postcode":"6111","Name":"S & S Nelson","Address":"32 Taronga Drv Kelmscott WA 6111","Phone number":"(08) 9390 1108"},{"Postcode":"6111","Name":"S A F Nelson","Address":"32 Taronga Dr Kelmscott WA 6111","Phone number":"(04) 2891 2457"},{"Postcode":"6084","Name":"R Nelson","Address":"692 Chittering Rd Bullsbrook WA 6084","Phone number":"(08) 9571 2764"},{"Postcode":"6018","Name":"R Nelson","Address":"115B Huntriss Rd Doubleview WA 6018","Phone number":"(08) 9242 8990"},{"Postcode":"6018","Name":"T L Nelson","Address":"Un 3 46 Albemarle St Doubleview WA 6018","Phone number":"(08) 9341 5065"},{"Postcode":"6010","Name":"W V Nelson","Address":"Un 4 1 Prospect Pl Claremont WA 6010","Phone number":"(08) 9384 6467"},{"Postcode":"6010","Name":"W V Nelson","Address":"Un 4 1 Prospect Pl Claremont WA 6010","Phone number":"(08) 9384 6467"},{"Postcode":"6030","Name":"C Nelson","Address":"21 Tees Crt Mindarie WA 6030","Phone number":"(08) 9305 7260"},{"Postcode":"6030","Name":"G Nelson","Address":"18 Sellar Elb Quinns Rocks WA 6030","Phone number":"(08) 9562 5036"},{"Postcode":"6210","Name":"A Nelson","Address":"9 Armstrong St Halls Head WA 6210","Phone number":"(08) 9535 2809"},{"Postcode":"6210","Name":"R Nelson","Address":"2 Otago Pass Meadow Springs WA 6210","Phone number":"(08) 9584 2377"},{"Postcode":"6210","Name":"S Nelson","Address":"39 Wanjeep St Coodanup WA 6210","Phone number":"(04) 2834 0188"},{"Postcode":"6210","Name":"S Nelson","Address":"39 Wanjeep St Coodanup WA 6210","Phone number":"(08) 9584 8237"},{"Postcode":"6210","Name":"V Nelson","Address":"24 Chatsworth Dr Erskine WA 6210","Phone number":"(08) 9534 9256"},{"Postcode":"6230","Name":"Nelson","Address":"6 Clewlow Crt Withers WA 6230","Phone number":"(08) 9795 3352"},{"Postcode":"6230","Name":"L Nelson","Address":"3 Cousins Av Usher WA 6230","Phone number":"(04) 0035 9624"},{"Postcode":"6230","Name":"L Nelson","Address":"3 Cousins Ave Usher WA 6230","Phone number":"(08) 9795 1328"},{"Postcode":"6152","Name":"W Nelson","Address":"81 Todd Ave Como WA 6152","Phone number":"(08) 9474 5474"},{"Postcode":"6027","Name":"W Nelson","Address":"20 Jasper Way Edgewater WA 6027","Phone number":"(08) 9405 3146"},{"Postcode":"6210","Name":"A Nelson","Address":"9 Armstrong St Halls Head WA 6210","Phone number":"(08) 9535 2809"},{"Postcode":"6210","Name":"R Nelson","Address":"2 Otago Pass Meadow Springs WA 6210","Phone number":"(08) 9584 2377"},{"Postcode":"6210","Name":"S Nelson","Address":"39 Wanjeep St Coodanup WA 6210","Phone number":"(04) 2834 0188"},{"Postcode":"6210","Name":"S Nelson","Address":"39 Wanjeep St Coodanup WA 6210","Phone number":"(08) 9584 8237"},{"Postcode":"6210","Name":"V Nelson","Address":"24 Chatsworth Dr Erskine WA 6210","Phone number":"(08) 9534 9256"},{"Postcode":"6166","Name":"A Nelson","Address":"481 Russell Rd Munster WA 6166","Phone number":"(08) 9437 2946"},{"Postcode":"6166","Name":"B A Nelson","Address":"7 Peel Rd Coogee WA 6166","Phone number":"(08) 9437 4246"},{"Postcode":"6166","Name":"D Nelson","Address":"37 Riverina Pde Lake Coogee WA 6166","Phone number":"(08) 6174 0373"},{"Postcode":"6163","Name":"B F Nelson","Address":"32 Birbeck Way Spearwood WA 6163","Phone number":"(08) 9434 4992"},{"Postcode":"6163","Name":"J Nelson","Address":"8 Schofield St Hamilton Hill WA 6163","Phone number":"(08) 9337 3358"},{"Postcode":"6163","Name":"M A & N S Nelson","Address":"6 Hotspur Rd Spearwood WA 6163","Phone number":"(04) 1595 4365"},{"Postcode":"6050","Name":"J A Nelson","Address":"111 West Pde Mt Lawley WA 6050","Phone number":"(04) 0892 4112"},{"Postcode":"6050","Name":"P & C W Nelson","Address":"69 Bradford St Menora WA 6050","Phone number":"(08) 9272 3616"},{"Postcode":"6011","Name":"B & G Nelson","Address":"31A Curtin Ave Cottesloe WA 6011","Phone number":"(08) 9383 1613"},{"Postcode":"6011","Name":"J Nelson","Address":"Un 5 91 Forrest St Cottesloe WA 6011","Phone number":"(08) 9384 2651"},{"Postcode":"6011","Name":"M D Nelson","Address":"20 Loma St Cottesloe WA 6011","Phone number":"(08) 9384 7473"},{"Postcode":"6025","Name":"P Nelson","Address":"13 - 15 Oldham St Hillarys WA 6025","Phone number":"(04) 1792 6370"},{"Postcode":"6028","Name":"A Nelson","Address":"17 Kianga Crs Burns Beach WA 6028","Phone number":"(08) 9304 9402"},{"Postcode":"6028","Name":"S Nelson","Address":"6 Fontelina Pde Iluka WA 6028","Phone number":"(08) 9304 2359"},{"Postcode":"6008","Name":"B P Nelson","Address":"40 Rupert St Subiaco WA 6008","Phone number":"(04) 0980 7866"},{"Postcode":"6008","Name":"C Nelson","Address":"19 View St Subiaco WA 6008","Phone number":"(08) 9380 4428"},{"Postcode":"6230","Name":"Nelson","Address":"6 Clewlow Crt Withers WA 6230","Phone number":"(08) 9795 3352"},{"Postcode":"6230","Name":"L Nelson","Address":"3 Cousins Av Usher WA 6230","Phone number":"(04) 0035 9624"},{"Postcode":"6230","Name":"L Nelson","Address":"3 Cousins Ave Usher WA 6230","Phone number":"(08) 9795 1328"},{"Postcode":"6065","Name":"L Nelson","Address":"18 Apsley Bnd Tapping WA 6065","Phone number":"(08) 9404 8843"},{"Postcode":"6065","Name":"L D Nelson","Address":"3 Backshall Pl Wanneroo WA 6065","Phone number":"(08) 9405 4335"},{"Postcode":"6122","Name":"K M Nelson","Address":"35 Bernborough Way Darling Downs WA 6122","Phone number":"(08) 9399 6590"},{"Postcode":"6230","Name":"Nelson","Address":"6 Clewlow Crt Withers WA 6230","Phone number":"(08) 9795 3352"},{"Postcode":"6230","Name":"L Nelson","Address":"3 Cousins Av Usher WA 6230","Phone number":"(04) 0035 9624"},{"Postcode":"6230","Name":"L Nelson","Address":"3 Cousins Ave Usher WA 6230","Phone number":"(08) 9795 1328"},{"Postcode":"6210","Name":"A Nelson","Address":"9 Armstrong St Halls Head WA 6210","Phone number":"(08) 9535 2809"},{"Postcode":"6210","Name":"R Nelson","Address":"2 Otago Pass Meadow Springs WA 6210","Phone number":"(08) 9584 2377"},{"Postcode":"6210","Name":"S Nelson","Address":"39 Wanjeep St Coodanup WA 6210","Phone number":"(04) 2834 0188"},{"Postcode":"6210","Name":"S Nelson","Address":"39 Wanjeep St Coodanup WA 6210","Phone number":"(08) 9584 8237"},{"Postcode":"6210","Name":"V Nelson","Address":"24 Chatsworth Dr Erskine WA 6210","Phone number":"(08) 9534 9256"},{"Postcode":"6060","Name":"L Nelson","Address":"155 C Swan St Yokine WA 6060","Phone number":"(08) 9207 3453"},{"Postcode":"6018","Name":"R Nelson","Address":"115B Huntriss Rd Doubleview WA 6018","Phone number":"(08) 9242 8990"},{"Postcode":"6018","Name":"T L Nelson","Address":"Un 3 46 Albemarle St Doubleview WA 6018","Phone number":"(08) 9341 5065"},{"Postcode":"6210","Name":"A Nelson","Address":"9 Armstrong St Halls Head WA 6210","Phone number":"(08) 9535 2809"},{"Postcode":"6210","Name":"R Nelson","Address":"2 Otago Pass Meadow Springs WA 6210","Phone number":"(08) 9584 2377"},{"Postcode":"6210","Name":"S Nelson","Address":"39 Wanjeep St Coodanup WA 6210","Phone number":"(04) 2834 0188"},{"Postcode":"6210","Name":"S Nelson","Address":"39 Wanjeep St Coodanup WA 6210","Phone number":"(08) 9584 8237"},{"Postcode":"6210","Name":"V Nelson","Address":"24 Chatsworth Dr Erskine WA 6210","Phone number":"(08) 9534 9256"},{"Postcode":"6230","Name":"Nelson","Address":"6 Clewlow Crt Withers WA 6230","Phone number":"(08) 9795 3352"},{"Postcode":"6230","Name":"L Nelson","Address":"3 Cousins Av Usher WA 6230","Phone number":"(04) 0035 9624"},{"Postcode":"6230","Name":"L Nelson","Address":"3 Cousins Ave Usher WA 6230","Phone number":"(08) 9795 1328"},{"Postcode":"6158","Name":"P C Nelson","Address":"128 Preston Point Rd East Fremantle WA 6158","Phone number":"(08) 9319 3371"},{"Postcode":"6101","Name":"C G Nelson","Address":"13 Cadden St East Victoria Park WA 6101","Phone number":"(04) 3778 8337"},{"Postcode":"6054","Name":"R Nelson","Address":"35 Bradshaw St Eden Hill WA 6054","Phone number":"(08) 9377 0428"},{"Postcode":"6027","Name":"W Nelson","Address":"20 Jasper Way Edgewater WA 6027","Phone number":"(08) 9405 3146"},{"Postcode":"6069","Name":"A Nelson","Address":"7 Delapre Drv The Vines WA 6069","Phone number":"(08) 9297 1361"},{"Postcode":"6069","Name":"D & J A Nelson","Address":"9 Trapani La Ellenbrook WA 6069","Phone number":"(08) 6296 7720"},{"Postcode":"6069","Name":"A Nelson","Address":"7 Delapre Drv The Vines WA 6069","Phone number":"(08) 9297 1361"},{"Postcode":"6069","Name":"D & J A Nelson","Address":"9 Trapani La Ellenbrook WA 6069","Phone number":"(08) 6296 7720"},{"Postcode":"6062","Name":"P E Nelson","Address":"4 Coulsen Cl Noranda WA 6062","Phone number":"(08) 9276 3926"},{"Postcode":"6210","Name":"A Nelson","Address":"9 Armstrong St Halls Head WA 6210","Phone number":"(08) 9535 2809"},{"Postcode":"6210","Name":"R Nelson","Address":"2 Otago Pass Meadow Springs WA 6210","Phone number":"(08) 9584 2377"},{"Postcode":"6210","Name":"S Nelson","Address":"39 Wanjeep St Coodanup WA 6210","Phone number":"(04) 2834 0188"},{"Postcode":"6210","Name":"S Nelson","Address":"39 Wanjeep St Coodanup WA 6210","Phone number":"(08) 9584 8237"},{"Postcode":"6210","Name":"V Nelson","Address":"24 Chatsworth Dr Erskine WA 6210","Phone number":"(08) 9534 9256"},{"Postcode":"6208","Name":"D J Nelson","Address":"23 Thomasfield Pl Ravenswood WA 6208","Phone number":"(08) 9537 8599"},{"Postcode":"6208","Name":"D J Nelson","Address":"5 Allambi Way South Yunderup WA 6208","Phone number":"(08) 9537 7532"},{"Postcode":"6208","Name":"J Nelson","Address":"16 Jacks Pl North Pinjarra WA 6208","Phone number":"(04) 3951 0572"},{"Postcode":"6208","Name":"R N & B Nelson","Address":"4 Warr St Pinjarra WA 6208","Phone number":"(08) 9531 1068"},{"Postcode":"6210","Name":"A Nelson","Address":"9 Armstrong St Halls Head WA 6210","Phone number":"(08) 9535 2809"},{"Postcode":"6210","Name":"R Nelson","Address":"2 Otago Pass Meadow Springs WA 6210","Phone number":"(08) 9584 2377"},{"Postcode":"6210","Name":"S Nelson","Address":"39 Wanjeep St Coodanup WA 6210","Phone number":"(04) 2834 0188"},{"Postcode":"6210","Name":"S Nelson","Address":"39 Wanjeep St Coodanup WA 6210","Phone number":"(08) 9584 8237"},{"Postcode":"6210","Name":"V Nelson","Address":"24 Chatsworth Dr Erskine WA 6210","Phone number":"(08) 9534 9256"},{"Postcode":"6148","Name":"A R Nelson","Address":"17 A Sixth Ave Shelley WA 6148","Phone number":"(08) 9354 2657"},{"Postcode":"6112","Name":"G Nelson","Address":"799 Armadale Rd Forrestdale WA 6112","Phone number":"(04) 0021 8386"},{"Postcode":"6112","Name":"T Nelson","Address":"63 Eighth Rd Armadale WA 6112","Phone number":"(08) 9399 8812"},{"Postcode":"6160","Name":"S Nelson","Address":"119 South Tce Fremantle WA 6160","Phone number":"(08) 9335 6864"},{"Postcode":"6160","Name":"Y M Nelson","Address":"93 Forrest St Fremantle WA 6160","Phone number":"(08) 9336 1581"},{"Postcode":"6210","Name":"A Nelson","Address":"9 Armstrong St Halls Head WA 6210","Phone number":"(08) 9535 2809"},{"Postcode":"6210","Name":"R Nelson","Address":"2 Otago Pass Meadow Springs WA 6210","Phone number":"(08) 9584 2377"},{"Postcode":"6210","Name":"S Nelson","Address":"39 Wanjeep St Coodanup WA 6210","Phone number":"(04) 2834 0188"},{"Postcode":"6210","Name":"S Nelson","Address":"39 Wanjeep St Coodanup WA 6210","Phone number":"(08) 9584 8237"},{"Postcode":"6210","Name":"V Nelson","Address":"24 Chatsworth Dr Erskine WA 6210","Phone number":"(08) 9534 9256"},{"Postcode":"6230","Name":"Nelson","Address":"6 Clewlow Crt Withers WA 6230","Phone number":"(08) 9795 3352"},{"Postcode":"6230","Name":"L Nelson","Address":"3 Cousins Av Usher WA 6230","Phone number":"(04) 0035 9624"},{"Postcode":"6230","Name":"L Nelson","Address":"3 Cousins Ave Usher WA 6230","Phone number":"(08) 9795 1328"},{"Postcode":"6064","Name":"L Nelson","Address":"20b Pointer Way Girrawheen WA 6064","Phone number":"(04) 2163 5787"},{"Postcode":"6064","Name":"M Nelson","Address":"10 Trafalgar Gdns Marangaroo WA 6064","Phone number":"(08) 9342 6396"},{"Postcode":"6064","Name":"P Nelson","Address":"439 Marangaroo Dr Alexander Heights WA 6064","Phone number":"(04) 1894 9943"},{"Postcode":"6064","Name":"Mr W & M Nelson","Address":"7 Diploma Rise Marangaroo WA 6064","Phone number":"(08) 9247 3008"},{"Postcode":"6071","Name":"N Nelson","Address":"395 Mons Rd Hovea WA 6071","Phone number":"(08) 9298 8546"},{"Postcode":"6230","Name":"Nelson","Address":"6 Clewlow Crt Withers WA 6230","Phone number":"(08) 9795 3352"},{"Postcode":"6230","Name":"L Nelson","Address":"3 Cousins Av Usher WA 6230","Phone number":"(04) 0035 9624"},{"Postcode":"6230","Name":"L Nelson","Address":"3 Cousins Ave Usher WA 6230","Phone number":"(08) 9795 1328"},{"Postcode":"6016","Name":"J & G Nelson","Address":"32 Kalgoorlie St Mt Hawthorn WA 6016","Phone number":"(04) 1486 4004"},{"Postcode":"6065","Name":"L Nelson","Address":"18 Apsley Bnd Tapping WA 6065","Phone number":"(08) 9404 8843"},{"Postcode":"6065","Name":"L D Nelson","Address":"3 Backshall Pl Wanneroo WA 6065","Phone number":"(08) 9405 4335"},{"Postcode":"6076","Name":"J Nelson","Address":"43 Nelson Crs Lesmurdie WA 6076","Phone number":"(08) 9291 3257"},{"Postcode":"6076","Name":"M G & G M Nelson","Address":"16 The Lane Gooseberry Hill WA 6076","Phone number":"(08) 9293 2223"},{"Postcode":"6110","Name":"D Nelson","Address":"6 Antigua Pl Southern River WA 6110","Phone number":"(08) 9490 1928"},{"Postcode":"6110","Name":"L Nelson","Address":"18 Talbot Rd Southern River WA 6110","Phone number":"(04) 0745 6000"},{"Postcode":"6210","Name":"A Nelson","Address":"9 Armstrong St Halls Head WA 6210","Phone number":"(08) 9535 2809"},{"Postcode":"6210","Name":"R Nelson","Address":"2 Otago Pass Meadow Springs WA 6210","Phone number":"(08) 9584 2377"},{"Postcode":"6210","Name":"S Nelson","Address":"39 Wanjeep St Coodanup WA 6210","Phone number":"(04) 2834 0188"},{"Postcode":"6210","Name":"S Nelson","Address":"39 Wanjeep St Coodanup WA 6210","Phone number":"(08) 9584 8237"},{"Postcode":"6210","Name":"V Nelson","Address":"24 Chatsworth Dr Erskine WA 6210","Phone number":"(08) 9534 9256"},{"Postcode":"6056","Name":"G Nelson","Address":"11 Brilliant Rise Stratton WA 6056","Phone number":"(08) 9274 1089"},{"Postcode":"6056","Name":"G Nelson","Address":"11 Brilliant Rse Stratton WA 6056","Phone number":"(08) 9250 4213"},{"Postcode":"6055","Name":"F & K Nelson","Address":"50 Kidman Ave South Guildford WA 6055","Phone number":"(08) 9279 5561"},{"Postcode":"6018","Name":"R Nelson","Address":"115B Huntriss Rd Doubleview WA 6018","Phone number":"(08) 9242 8990"},{"Postcode":"6018","Name":"T L Nelson","Address":"Un 3 46 Albemarle St Doubleview WA 6018","Phone number":"(08) 9341 5065"},{"Postcode":"6076","Name":"J Nelson","Address":"43 Nelson Crs Lesmurdie WA 6076","Phone number":"(08) 9291 3257"},{"Postcode":"6076","Name":"M G & G M Nelson","Address":"16 The Lane Gooseberry Hill WA 6076","Phone number":"(08) 9293 2223"},{"Postcode":"6210","Name":"A Nelson","Address":"9 Armstrong St Halls Head WA 6210","Phone number":"(08) 9535 2809"},{"Postcode":"6210","Name":"R Nelson","Address":"2 Otago Pass Meadow Springs WA 6210","Phone number":"(08) 9584 2377"},{"Postcode":"6210","Name":"S Nelson","Address":"39 Wanjeep St Coodanup WA 6210","Phone number":"(04) 2834 0188"},{"Postcode":"6210","Name":"S Nelson","Address":"39 Wanjeep St Coodanup WA 6210","Phone number":"(08) 9584 8237"},{"Postcode":"6210","Name":"V Nelson","Address":"24 Chatsworth Dr Erskine WA 6210","Phone number":"(08) 9534 9256"},{"Postcode":"6163","Name":"B F Nelson","Address":"32 Birbeck Way Spearwood WA 6163","Phone number":"(08) 9434 4992"},{"Postcode":"6163","Name":"J Nelson","Address":"8 Schofield St Hamilton Hill WA 6163","Phone number":"(08) 9337 3358"},{"Postcode":"6163","Name":"M A & N S Nelson","Address":"6 Hotspur Rd Spearwood WA 6163","Phone number":"(04) 1595 4365"},{"Postcode":"6164","Name":"B L Nelson","Address":"8 Tufts La Aubin Grove WA 6164","Phone number":"(08) 9498 7232"},{"Postcode":"6164","Name":"L Nelson","Address":"Un 10 79 Lydon Blv Atwell WA 6164","Phone number":"(08) 6498 9333"},{"Postcode":"6055","Name":"F & K Nelson","Address":"50 Kidman Ave South Guildford WA 6055","Phone number":"(08) 9279 5561"},{"Postcode":"6027","Name":"W Nelson","Address":"20 Jasper Way Edgewater WA 6027","Phone number":"(08) 9405 3146"},{"Postcode":"6056","Name":"G Nelson","Address":"11 Brilliant Rise Stratton WA 6056","Phone number":"(08) 9274 1089"},{"Postcode":"6056","Name":"G Nelson","Address":"11 Brilliant Rse Stratton WA 6056","Phone number":"(08) 9250 4213"},{"Postcode":"6166","Name":"A Nelson","Address":"481 Russell Rd Munster WA 6166","Phone number":"(08) 9437 2946"},{"Postcode":"6166","Name":"B A Nelson","Address":"7 Peel Rd Coogee WA 6166","Phone number":"(08) 9437 4246"},{"Postcode":"6166","Name":"D Nelson","Address":"37 Riverina Pde Lake Coogee WA 6166","Phone number":"(08) 6174 0373"},{"Postcode":"6055","Name":"F & K Nelson","Address":"50 Kidman Ave South Guildford WA 6055","Phone number":"(08) 9279 5561"},{"Postcode":"6056","Name":"G Nelson","Address":"11 Brilliant Rise Stratton WA 6056","Phone number":"(08) 9274 1089"},{"Postcode":"6056","Name":"G Nelson","Address":"11 Brilliant Rse Stratton WA 6056","Phone number":"(08) 9250 4213"},{"Postcode":"6210","Name":"A Nelson","Address":"9 Armstrong St Halls Head WA 6210","Phone number":"(08) 9535 2809"},{"Postcode":"6210","Name":"R Nelson","Address":"2 Otago Pass Meadow Springs WA 6210","Phone number":"(08) 9584 2377"},{"Postcode":"6210","Name":"S Nelson","Address":"39 Wanjeep St Coodanup WA 6210","Phone number":"(04) 2834 0188"},{"Postcode":"6210","Name":"S Nelson","Address":"39 Wanjeep St Coodanup WA 6210","Phone number":"(08) 9584 8237"},{"Postcode":"6210","Name":"V Nelson","Address":"24 Chatsworth Dr Erskine WA 6210","Phone number":"(08) 9534 9256"},{"Postcode":"6025","Name":"P Nelson","Address":"13 - 15 Oldham St Hillarys WA 6025","Phone number":"(04) 1792 6370"},{"Postcode":"6163","Name":"B F Nelson","Address":"32 Birbeck Way Spearwood WA 6163","Phone number":"(08) 9434 4992"},{"Postcode":"6163","Name":"J Nelson","Address":"8 Schofield St Hamilton Hill WA 6163","Phone number":"(08) 9337 3358"},{"Postcode":"6163","Name":"M A & N S Nelson","Address":"6 Hotspur Rd Spearwood WA 6163","Phone number":"(04) 1595 4365"},{"Postcode":"6065","Name":"L Nelson","Address":"18 Apsley Bnd Tapping WA 6065","Phone number":"(08) 9404 8843"},{"Postcode":"6065","Name":"L D Nelson","Address":"3 Backshall Pl Wanneroo WA 6065","Phone number":"(08) 9405 4335"},{"Postcode":"6071","Name":"N Nelson","Address":"395 Mons Rd Hovea WA 6071","Phone number":"(08) 9298 8546"},{"Postcode":"6110","Name":"D Nelson","Address":"6 Antigua Pl Southern River WA 6110","Phone number":"(08) 9490 1928"},{"Postcode":"6110","Name":"L Nelson","Address":"18 Talbot Rd Southern River WA 6110","Phone number":"(04) 0745 6000"},{"Postcode":"6028","Name":"A Nelson","Address":"17 Kianga Crs Burns Beach WA 6028","Phone number":"(08) 9304 9402"},{"Postcode":"6028","Name":"S Nelson","Address":"6 Fontelina Pde Iluka WA 6028","Phone number":"(08) 9304 2359"},{"Postcode":"6052","Name":"M G Nelson","Address":"130 Tenth Av Inglewood WA 6052","Phone number":"(04) 0004 1261"},{"Postcode":"6018","Name":"R Nelson","Address":"115B Huntriss Rd Doubleview WA 6018","Phone number":"(08) 9242 8990"},{"Postcode":"6018","Name":"T L Nelson","Address":"Un 3 46 Albemarle St Doubleview WA 6018","Phone number":"(08) 9341 5065"},{"Postcode":"6065","Name":"L Nelson","Address":"18 Apsley Bnd Tapping WA 6065","Phone number":"(08) 9404 8843"},{"Postcode":"6065","Name":"L D Nelson","Address":"3 Backshall Pl Wanneroo WA 6065","Phone number":"(08) 9405 4335"},{"Postcode":"6164","Name":"B L Nelson","Address":"8 Tufts La Aubin Grove WA 6164","Phone number":"(08) 9498 7232"},{"Postcode":"6164","Name":"L Nelson","Address":"Un 10 79 Lydon Blv Atwell WA 6164","Phone number":"(08) 6498 9333"},{"Postcode":"6056","Name":"G Nelson","Address":"11 Brilliant Rise Stratton WA 6056","Phone number":"(08) 9274 1089"},{"Postcode":"6056","Name":"G Nelson","Address":"11 Brilliant Rse Stratton WA 6056","Phone number":"(08) 9250 4213"},{"Postcode":"6036","Name":"E Nelson","Address":"2 Finglas Mndr Butler WA 6036","Phone number":"(08) 9562 4132"},{"Postcode":"6036","Name":"N Nelson","Address":"2 A Crolly La Butler WA 6036","Phone number":"(08) 9562 5435"},{"Postcode":"6027","Name":"W Nelson","Address":"20 Jasper Way Edgewater WA 6027","Phone number":"(08) 9405 3146"},{"Postcode":"6060","Name":"L Nelson","Address":"155 C Swan St Yokine WA 6060","Phone number":"(08) 9207 3453"},{"Postcode":"6076","Name":"J Nelson","Address":"43 Nelson Crs Lesmurdie WA 6076","Phone number":"(08) 9291 3257"},{"Postcode":"6076","Name":"M G & G M Nelson","Address":"16 The Lane Gooseberry Hill WA 6076","Phone number":"(08) 9293 2223"},{"Postcode":"6025","Name":"P Nelson","Address":"13 - 15 Oldham St Hillarys WA 6025","Phone number":"(04) 1792 6370"},{"Postcode":"6152","Name":"W Nelson","Address":"81 Todd Ave Como WA 6152","Phone number":"(08) 9474 5474"},{"Postcode":"6163","Name":"B F Nelson","Address":"32 Birbeck Way Spearwood WA 6163","Phone number":"(08) 9434 4992"},{"Postcode":"6163","Name":"J Nelson","Address":"8 Schofield St Hamilton Hill WA 6163","Phone number":"(08) 9337 3358"},{"Postcode":"6163","Name":"M A & N S Nelson","Address":"6 Hotspur Rd Spearwood WA 6163","Phone number":"(04) 1595 4365"},{"Postcode":"6111","Name":"P & C M Nelson","Address":"2 Ainsley Crt Camillo WA 6111","Phone number":"(08) 9390 7973"},{"Postcode":"6111","Name":"S & S Nelson","Address":"32 Taronga Drv Kelmscott WA 6111","Phone number":"(08) 9390 1108"},{"Postcode":"6111","Name":"S A F Nelson","Address":"32 Taronga Dr Kelmscott WA 6111","Phone number":"(04) 2891 2457"},{"Postcode":"6010","Name":"W V Nelson","Address":"Un 4 1 Prospect Pl Claremont WA 6010","Phone number":"(08) 9384 6467"},{"Postcode":"6122","Name":"K M Nelson","Address":"35 Bernborough Way Darling Downs WA 6122","Phone number":"(08) 9399 6590"},{"Postcode":"6018","Name":"R Nelson","Address":"115B Huntriss Rd Doubleview WA 6018","Phone number":"(08) 9242 8990"},{"Postcode":"6018","Name":"T L Nelson","Address":"Un 3 46 Albemarle St Doubleview WA 6018","Phone number":"(08) 9341 5065"},{"Postcode":"6111","Name":"P & C M Nelson","Address":"2 Ainsley Crt Camillo WA 6111","Phone number":"(08) 9390 7973"},{"Postcode":"6111","Name":"S & S Nelson","Address":"32 Taronga Drv Kelmscott WA 6111","Phone number":"(08) 9390 1108"},{"Postcode":"6111","Name":"S A F Nelson","Address":"32 Taronga Dr Kelmscott WA 6111","Phone number":"(04) 2891 2457"},{"Postcode":"6107","Name":"A Nelson","Address":"17 Silvereye Cl East Cannington WA 6107","Phone number":"(08) 9258 3418"},{"Postcode":"6107","Name":"I Nelson","Address":"119 Fern Rd Wilson WA 6107","Phone number":"(08) 9358 2121"},{"Postcode":"6107","Name":"I Nelson","Address":"119 Fern Rd Wilson WA 6107","Phone number":"(08) 9358 2121"},{"Postcode":"6054","Name":"R Nelson","Address":"35 Bradshaw St Eden Hill WA 6054","Phone number":"(08) 9377 0428"},{"Postcode":"6065","Name":"L Nelson","Address":"18 Apsley Bnd Tapping WA 6065","Phone number":"(08) 9404 8843"},{"Postcode":"6065","Name":"L D Nelson","Address":"3 Backshall Pl Wanneroo WA 6065","Phone number":"(08) 9405 4335"},{"Postcode":"6028","Name":"A Nelson","Address":"17 Kianga Crs Burns Beach WA 6028","Phone number":"(08) 9304 9402"},{"Postcode":"6028","Name":"S Nelson","Address":"6 Fontelina Pde Iluka WA 6028","Phone number":"(08) 9304 2359"},{"Postcode":"6064","Name":"L Nelson","Address":"20b Pointer Way Girrawheen WA 6064","Phone number":"(04) 2163 5787"},{"Postcode":"6064","Name":"M Nelson","Address":"10 Trafalgar Gdns Marangaroo WA 6064","Phone number":"(08) 9342 6396"},{"Postcode":"6064","Name":"P Nelson","Address":"439 Marangaroo Dr Alexander Heights WA 6064","Phone number":"(04) 1894 9943"},{"Postcode":"6064","Name":"Mr W & M Nelson","Address":"7 Diploma Rise Marangaroo WA 6064","Phone number":"(08) 9247 3008"},{"Postcode":"6056","Name":"G Nelson","Address":"11 Brilliant Rise Stratton WA 6056","Phone number":"(08) 9274 1089"},{"Postcode":"6056","Name":"G Nelson","Address":"11 Brilliant Rse Stratton WA 6056","Phone number":"(08) 9250 4213"},{"Postcode":"6167","Name":"B Nelson","Address":"14 Devitt Gr Parmelia WA 6167","Phone number":"(08) 9439 1826"},{"Postcode":"6167","Name":"M Nelson","Address":"7 Munday Way Medina WA 6167","Phone number":"(08) 9419 5338"},{"Postcode":"6167","Name":"B Nelson","Address":"14 Devitt Gr Parmelia WA 6167","Phone number":"(08) 9439 1826"},{"Postcode":"6167","Name":"M Nelson","Address":"7 Munday Way Medina WA 6167","Phone number":"(08) 9419 5338"},{"Postcode":"6210","Name":"A Nelson","Address":"9 Armstrong St Halls Head WA 6210","Phone number":"(08) 9535 2809"},{"Postcode":"6210","Name":"R Nelson","Address":"2 Otago Pass Meadow Springs WA 6210","Phone number":"(08) 9584 2377"},{"Postcode":"6210","Name":"S Nelson","Address":"39 Wanjeep St Coodanup WA 6210","Phone number":"(04) 2834 0188"},{"Postcode":"6210","Name":"S Nelson","Address":"39 Wanjeep St Coodanup WA 6210","Phone number":"(08) 9584 8237"},{"Postcode":"6210","Name":"V Nelson","Address":"24 Chatsworth Dr Erskine WA 6210","Phone number":"(08) 9534 9256"},{"Postcode":"6065","Name":"L Nelson","Address":"18 Apsley Bnd Tapping WA 6065","Phone number":"(08) 9404 8843"},{"Postcode":"6065","Name":"L D Nelson","Address":"3 Backshall Pl Wanneroo WA 6065","Phone number":"(08) 9405 4335"},{"Postcode":"6147","Name":"P Nelson","Address":"25 Tavistock Crs Lynwood WA 6147","Phone number":"(08) 9451 7538"},{"Postcode":"6147","Name":"P D Nelson","Address":"14 Langford Ave Langford WA 6147","Phone number":"(08) 9458 7216"},{"Postcode":"6100","Name":"Mrs K Nelson","Address":"19 Goddard St Lathlain WA 6100","Phone number":"(08) 9362 3308"},{"Postcode":"6100","Name":"K Nelson","Address":"67 Streatley Rd Lathlain WA 6100","Phone number":"(08) 9355 0912"},{"Postcode":"6100","Name":"R A Nelson","Address":"G BLG 1 U 2 45 Mccallum Lane Victoria Park WA 6100","Phone number":"(04) 0911 7348"},{"Postcode":"6170","Name":"J Nelson","Address":"22 B Feilman Drv Leda WA 6170","Phone number":"(08) 9419 2351"},{"Postcode":"6170","Name":"M & A Nelson","Address":"27 Chandler Cl Wellard WA 6170","Phone number":"(08) 9439 5969"},{"Postcode":"6076","Name":"J Nelson","Address":"43 Nelson Crs Lesmurdie WA 6076","Phone number":"(08) 9291 3257"},{"Postcode":"6076","Name":"M G & G M Nelson","Address":"16 The Lane Gooseberry Hill WA 6076","Phone number":"(08) 9293 2223"},{"Postcode":"6065","Name":"L Nelson","Address":"18 Apsley Bnd Tapping WA 6065","Phone number":"(08) 9404 8843"},{"Postcode":"6065","Name":"L D Nelson","Address":"3 Backshall Pl Wanneroo WA 6065","Phone number":"(08) 9405 4335"},{"Postcode":"6054","Name":"R Nelson","Address":"35 Bradshaw St Eden Hill WA 6054","Phone number":"(08) 9377 0428"},{"Postcode":"6084","Name":"R Nelson","Address":"692 Chittering Rd Bullsbrook WA 6084","Phone number":"(08) 9571 2764"},{"Postcode":"6147","Name":"P Nelson","Address":"25 Tavistock Crs Lynwood WA 6147","Phone number":"(08) 9451 7538"},{"Postcode":"6147","Name":"P D Nelson","Address":"14 Langford Ave Langford WA 6147","Phone number":"(08) 9458 7216"},{"Postcode":"6065","Name":"L Nelson","Address":"18 Apsley Bnd Tapping WA 6065","Phone number":"(08) 9404 8843"},{"Postcode":"6065","Name":"L D Nelson","Address":"3 Backshall Pl Wanneroo WA 6065","Phone number":"(08) 9405 4335"},{"Postcode":"6210","Name":"A Nelson","Address":"9 Armstrong St Halls Head WA 6210","Phone number":"(08) 9535 2809"},{"Postcode":"6210","Name":"R Nelson","Address":"2 Otago Pass Meadow Springs WA 6210","Phone number":"(08) 9584 2377"},{"Postcode":"6210","Name":"S Nelson","Address":"39 Wanjeep St Coodanup WA 6210","Phone number":"(04) 2834 0188"},{"Postcode":"6210","Name":"S Nelson","Address":"39 Wanjeep St Coodanup WA 6210","Phone number":"(08) 9584 8237"},{"Postcode":"6210","Name":"V Nelson","Address":"24 Chatsworth Dr Erskine WA 6210","Phone number":"(08) 9534 9256"},{"Postcode":"6167","Name":"B Nelson","Address":"14 Devitt Gr Parmelia WA 6167","Phone number":"(08) 9439 1826"},{"Postcode":"6167","Name":"M Nelson","Address":"7 Munday Way Medina WA 6167","Phone number":"(08) 9419 5338"},{"Postcode":"6210","Name":"A Nelson","Address":"9 Armstrong St Halls Head WA 6210","Phone number":"(08) 9535 2809"},{"Postcode":"6210","Name":"R Nelson","Address":"2 Otago Pass Meadow Springs WA 6210","Phone number":"(08) 9584 2377"},{"Postcode":"6210","Name":"S Nelson","Address":"39 Wanjeep St Coodanup WA 6210","Phone number":"(04) 2834 0188"},{"Postcode":"6210","Name":"S Nelson","Address":"39 Wanjeep St Coodanup WA 6210","Phone number":"(08) 9584 8237"},{"Postcode":"6210","Name":"V Nelson","Address":"24 Chatsworth Dr Erskine WA 6210","Phone number":"(08) 9534 9256"},{"Postcode":"6210","Name":"A Nelson","Address":"9 Armstrong St Halls Head WA 6210","Phone number":"(08) 9535 2809"},{"Postcode":"6210","Name":"R Nelson","Address":"2 Otago Pass Meadow Springs WA 6210","Phone number":"(08) 9584 2377"},{"Postcode":"6210","Name":"S Nelson","Address":"39 Wanjeep St Coodanup WA 6210","Phone number":"(04) 2834 0188"},{"Postcode":"6210","Name":"S Nelson","Address":"39 Wanjeep St Coodanup WA 6210","Phone number":"(08) 9584 8237"},{"Postcode":"6210","Name":"V Nelson","Address":"24 Chatsworth Dr Erskine WA 6210","Phone number":"(08) 9534 9256"},{"Postcode":"6210","Name":"A Nelson","Address":"9 Armstrong St Halls Head WA 6210","Phone number":"(08) 9535 2809"},{"Postcode":"6210","Name":"R Nelson","Address":"2 Otago Pass Meadow Springs WA 6210","Phone number":"(08) 9584 2377"},{"Postcode":"6210","Name":"S Nelson","Address":"39 Wanjeep St Coodanup WA 6210","Phone number":"(04) 2834 0188"},{"Postcode":"6210","Name":"S Nelson","Address":"39 Wanjeep St Coodanup WA 6210","Phone number":"(08) 9584 8237"},{"Postcode":"6210","Name":"V Nelson","Address":"24 Chatsworth Dr Erskine WA 6210","Phone number":"(08) 9534 9256"},{"Postcode":"6152","Name":"W Nelson","Address":"81 Todd Ave Como WA 6152","Phone number":"(08) 9474 5474"},{"Postcode":"6064","Name":"L Nelson","Address":"20b Pointer Way Girrawheen WA 6064","Phone number":"(04) 2163 5787"},{"Postcode":"6064","Name":"M Nelson","Address":"10 Trafalgar Gdns Marangaroo WA 6064","Phone number":"(08) 9342 6396"},{"Postcode":"6064","Name":"P Nelson","Address":"439 Marangaroo Dr Alexander Heights WA 6064","Phone number":"(04) 1894 9943"},{"Postcode":"6064","Name":"Mr W & M Nelson","Address":"7 Diploma Rise Marangaroo WA 6064","Phone number":"(08) 9247 3008"},{"Postcode":"6065","Name":"L Nelson","Address":"18 Apsley Bnd Tapping WA 6065","Phone number":"(08) 9404 8843"},{"Postcode":"6065","Name":"L D Nelson","Address":"3 Backshall Pl Wanneroo WA 6065","Phone number":"(08) 9405 4335"},{"Postcode":"6110","Name":"D Nelson","Address":"6 Antigua Pl Southern River WA 6110","Phone number":"(08) 9490 1928"},{"Postcode":"6110","Name":"L Nelson","Address":"18 Talbot Rd Southern River WA 6110","Phone number":"(04) 0745 6000"},{"Postcode":"6210","Name":"A Nelson","Address":"9 Armstrong St Halls Head WA 6210","Phone number":"(08) 9535 2809"},{"Postcode":"6210","Name":"R Nelson","Address":"2 Otago Pass Meadow Springs WA 6210","Phone number":"(08) 9584 2377"},{"Postcode":"6210","Name":"S Nelson","Address":"39 Wanjeep St Coodanup WA 6210","Phone number":"(04) 2834 0188"},{"Postcode":"6210","Name":"S Nelson","Address":"39 Wanjeep St Coodanup WA 6210","Phone number":"(08) 9584 8237"},{"Postcode":"6210","Name":"V Nelson","Address":"24 Chatsworth Dr Erskine WA 6210","Phone number":"(08) 9534 9256"},{"Postcode":"6167","Name":"B Nelson","Address":"14 Devitt Gr Parmelia WA 6167","Phone number":"(08) 9439 1826"},{"Postcode":"6167","Name":"M Nelson","Address":"7 Munday Way Medina WA 6167","Phone number":"(08) 9419 5338"},{"Postcode":"6208","Name":"D J Nelson","Address":"23 Thomasfield Pl Ravenswood WA 6208","Phone number":"(08) 9537 8599"},{"Postcode":"6208","Name":"D J Nelson","Address":"5 Allambi Way South Yunderup WA 6208","Phone number":"(08) 9537 7532"},{"Postcode":"6208","Name":"J Nelson","Address":"16 Jacks Pl North Pinjarra WA 6208","Phone number":"(04) 3951 0572"},{"Postcode":"6208","Name":"R N & B Nelson","Address":"4 Warr St Pinjarra WA 6208","Phone number":"(08) 9531 1068"},{"Postcode":"6065","Name":"L Nelson","Address":"18 Apsley Bnd Tapping WA 6065","Phone number":"(08) 9404 8843"},{"Postcode":"6065","Name":"L D Nelson","Address":"3 Backshall Pl Wanneroo WA 6065","Phone number":"(08) 9405 4335"},{"Postcode":"6156","Name":"A Nelson","Address":"29 Perkins Rd Melville WA 6156","Phone number":"(08) 9330 4913"},{"Postcode":"6156","Name":"J A Nelson","Address":"1 Dunford St Willagee WA 6156","Phone number":"(08) 9331 6075"},{"Postcode":"6050","Name":"J A Nelson","Address":"111 West Pde Mt Lawley WA 6050","Phone number":"(04) 0892 4112"},{"Postcode":"6050","Name":"P & C W Nelson","Address":"69 Bradford St Menora WA 6050","Phone number":"(08) 9272 3616"},{"Postcode":"6030","Name":"C Nelson","Address":"21 Tees Crt Mindarie WA 6030","Phone number":"(08) 9305 7260"},{"Postcode":"6030","Name":"G Nelson","Address":"18 Sellar Elb Quinns Rocks WA 6030","Phone number":"(08) 9562 5036"},{"Postcode":"6056","Name":"G Nelson","Address":"11 Brilliant Rise Stratton WA 6056","Phone number":"(08) 9274 1089"},{"Postcode":"6056","Name":"G Nelson","Address":"11 Brilliant Rse Stratton WA 6056","Phone number":"(08) 9250 4213"},{"Postcode":"6056","Name":"G Nelson","Address":"11 Brilliant Rise Stratton WA 6056","Phone number":"(08) 9274 1089"},{"Postcode":"6056","Name":"G Nelson","Address":"11 Brilliant Rse Stratton WA 6056","Phone number":"(08) 9250 4213"},{"Postcode":"6056","Name":"G Nelson","Address":"11 Brilliant Rise Stratton WA 6056","Phone number":"(08) 9274 1089"},{"Postcode":"6056","Name":"G Nelson","Address":"11 Brilliant Rse Stratton WA 6056","Phone number":"(08) 9250 4213"},{"Postcode":"6056","Name":"G Nelson","Address":"11 Brilliant Rise Stratton WA 6056","Phone number":"(08) 9274 1089"},{"Postcode":"6056","Name":"G Nelson","Address":"11 Brilliant Rse Stratton WA 6056","Phone number":"(08) 9250 4213"},{"Postcode":"6030","Name":"C Nelson","Address":"21 Tees Crt Mindarie WA 6030","Phone number":"(08) 9305 7260"},{"Postcode":"6030","Name":"G Nelson","Address":"18 Sellar Elb Quinns Rocks WA 6030","Phone number":"(08) 9562 5036"},{"Postcode":"6062","Name":"P E Nelson","Address":"4 Coulsen Cl Noranda WA 6062","Phone number":"(08) 9276 3926"},{"Postcode":"6010","Name":"W V Nelson","Address":"Un 4 1 Prospect Pl Claremont WA 6010","Phone number":"(08) 9384 6467"},{"Postcode":"6016","Name":"J & G Nelson","Address":"32 Kalgoorlie St Mt Hawthorn WA 6016","Phone number":"(04) 1486 4004"},{"Postcode":"6050","Name":"J A Nelson","Address":"111 West Pde Mt Lawley WA 6050","Phone number":"(04) 0892 4112"},{"Postcode":"6050","Name":"P & C W Nelson","Address":"69 Bradford St Menora WA 6050","Phone number":"(08) 9272 3616"},{"Postcode":"6112","Name":"G Nelson","Address":"799 Armadale Rd Forrestdale WA 6112","Phone number":"(04) 0021 8386"},{"Postcode":"6112","Name":"T Nelson","Address":"63 Eighth Rd Armadale WA 6112","Phone number":"(08) 9399 8812"},{"Postcode":"6112","Name":"G Nelson","Address":"799 Armadale Rd Forrestdale WA 6112","Phone number":"(04) 0021 8386"},{"Postcode":"6112","Name":"T Nelson","Address":"63 Eighth Rd Armadale WA 6112","Phone number":"(08) 9399 8812"},{"Postcode":"6027","Name":"W Nelson","Address":"20 Jasper Way Edgewater WA 6027","Phone number":"(08) 9405 3146"},{"Postcode":"6166","Name":"A Nelson","Address":"481 Russell Rd Munster WA 6166","Phone number":"(08) 9437 2946"},{"Postcode":"6166","Name":"B A Nelson","Address":"7 Peel Rd Coogee WA 6166","Phone number":"(08) 9437 4246"},{"Postcode":"6166","Name":"D Nelson","Address":"37 Riverina Pde Lake Coogee WA 6166","Phone number":"(08) 6174 0373"},{"Postcode":"6154","Name":"B Nelson","Address":"46 Doney St Alfred Cove WA 6154","Phone number":"(08) 9330 4494"},{"Postcode":"6154","Name":"Mrs L Nelson","Address":"1 A Bolas Crt Myaree WA 6154","Phone number":"(08) 9330 4809"},{"Postcode":"6208","Name":"D J Nelson","Address":"23 Thomasfield Pl Ravenswood WA 6208","Phone number":"(08) 9537 8599"},{"Postcode":"6208","Name":"D J Nelson","Address":"5 Allambi Way South Yunderup WA 6208","Phone number":"(08) 9537 7532"},{"Postcode":"6208","Name":"J Nelson","Address":"16 Jacks Pl North Pinjarra WA 6208","Phone number":"(04) 3951 0572"},{"Postcode":"6208","Name":"R N & B Nelson","Address":"4 Warr St Pinjarra WA 6208","Phone number":"(08) 9531 1068"},{"Postcode":"6062","Name":"P E Nelson","Address":"4 Coulsen Cl Noranda WA 6062","Phone number":"(08) 9276 3926"},{"Postcode":"6163","Name":"B F Nelson","Address":"32 Birbeck Way Spearwood WA 6163","Phone number":"(08) 9434 4992"},{"Postcode":"6163","Name":"J Nelson","Address":"8 Schofield St Hamilton Hill WA 6163","Phone number":"(08) 9337 3358"},{"Postcode":"6163","Name":"M A & N S Nelson","Address":"6 Hotspur Rd Spearwood WA 6163","Phone number":"(04) 1595 4365"},{"Postcode":"6208","Name":"D J Nelson","Address":"23 Thomasfield Pl Ravenswood WA 6208","Phone number":"(08) 9537 8599"},{"Postcode":"6208","Name":"D J Nelson","Address":"5 Allambi Way South Yunderup WA 6208","Phone number":"(08) 9537 7532"},{"Postcode":"6208","Name":"J Nelson","Address":"16 Jacks Pl North Pinjarra WA 6208","Phone number":"(04) 3951 0572"},{"Postcode":"6208","Name":"R N & B Nelson","Address":"4 Warr St Pinjarra WA 6208","Phone number":"(08) 9531 1068"},{"Postcode":"6163","Name":"B F Nelson","Address":"32 Birbeck Way Spearwood WA 6163","Phone number":"(08) 9434 4992"},{"Postcode":"6163","Name":"J Nelson","Address":"8 Schofield St Hamilton Hill WA 6163","Phone number":"(08) 9337 3358"},{"Postcode":"6163","Name":"M A & N S Nelson","Address":"6 Hotspur Rd Spearwood WA 6163","Phone number":"(04) 1595 4365"},{"Postcode":"6121","Name":"Miss P Nelson","Address":"127 Blair Rd Oakford WA 6121","Phone number":"(08) 9397 0962"},{"Postcode":"6208","Name":"D J Nelson","Address":"23 Thomasfield Pl Ravenswood WA 6208","Phone number":"(08) 9537 8599"},{"Postcode":"6208","Name":"D J Nelson","Address":"5 Allambi Way South Yunderup WA 6208","Phone number":"(08) 9537 7532"},{"Postcode":"6208","Name":"J Nelson","Address":"16 Jacks Pl North Pinjarra WA 6208","Phone number":"(04) 3951 0572"},{"Postcode":"6208","Name":"R N & B Nelson","Address":"4 Warr St Pinjarra WA 6208","Phone number":"(08) 9531 1068"},{"Postcode":"6027","Name":"W Nelson","Address":"20 Jasper Way Edgewater WA 6027","Phone number":"(08) 9405 3146"},{"Postcode":"6121","Name":"Miss P Nelson","Address":"127 Blair Rd Oakford WA 6121","Phone number":"(08) 9397 0962"},{"Postcode":"6167","Name":"B Nelson","Address":"14 Devitt Gr Parmelia WA 6167","Phone number":"(08) 9439 1826"},{"Postcode":"6167","Name":"M Nelson","Address":"7 Munday Way Medina WA 6167","Phone number":"(08) 9419 5338"},{"Postcode":"6025","Name":"P Nelson","Address":"13 - 15 Oldham St Hillarys WA 6025","Phone number":"(04) 1792 6370"},{"Postcode":"6081","Name":"B R Nelson","Address":"26 Ayres Rd Stoneville WA 6081","Phone number":"(08) 9295 2921"}]